year_month,drug_name,territory_id,units_sold,revenue,n_transactions,avg_unit_price,month,quarter,year,day_of_week,is_quarter_end,lag_1,lag_3,lag_6,rolling_mean_3,rolling_std_3,drug_encoded,territory_encoded,xgb_pred,fold,actual,predicted,lower_bound,upper_bound,residual,absolute_error,model,forecast_window
2025-05-01,Advair,TER-01,127,89207.62,2,737.56,5,2,2025,3,0,108.0,190.0,143.0,184.33333333333331,73.66365001364875,0,0,190.16164,4,127,190.16164,150.32530136108397,239.91077499389644,-63.16163635253906,63.16163635253906,XGBoost,4
2025-06-01,Advair,TER-01,210,143170.05,4,693.1425,6,2,2025,6,0,127.0,255.0,175.0,163.33333333333334,79.95206897468842,0,0,149.91689,4,210,149.91689,107.45421104431152,201.8115695953369,60.08311462402344,60.08311462402344,XGBoost,4
2025-07-01,Advair,TER-01,89,56155.44,1,630.96,7,3,2025,1,0,210.0,108.0,217.0,148.33333333333334,54.24327915358118,0,0,182.00247,4,89,182.00247,144.0741195678711,240.5085067749023,-93.00247192382812,93.00247192382812,XGBoost,4
2025-08-01,Advair,TER-01,153,101794.12,4,670.2475,8,3,2025,4,0,89.0,127.0,190.0,142.0,61.878914017619934,0,0,143.07495,4,153,143.07495,109.70771789550781,189.04672241210935,9.925048828125,9.925048828125,XGBoost,4
2025-09-01,Advair,TER-01,131,86077.48,1,657.08,9,3,2025,0,0,153.0,210.0,255.0,150.66666666666666,60.53373714990125,0,0,162.0482,4,131,162.0482,125.14977569580078,212.71329803466784,-31.048202514648438,31.048202514648438,XGBoost,4
2025-10-01,Advair,TER-01,163,108274.07,4,677.8525,10,4,2025,2,0,131.0,89.0,108.0,124.33333333333331,32.51666239535253,0,0,137.45149,4,163,137.45149,95.66523895263671,191.45840339660643,25.548507690429688,25.548507690429688,XGBoost,4
2025-11-01,Advair,TER-01,193,138152.71,4,708.19,11,4,2025,5,0,163.0,153.0,127.0,149.0,16.370705543744908,0,0,174.8457,4,193,174.8457,128.8269355773926,219.5120147705078,18.154296875,18.154296875,XGBoost,4
2025-12-01,Advair,TER-01,167,109245.54,3,659.52,12,4,2025,0,0,193.0,131.0,210.0,162.33333333333334,31.00537587795596,0,0,195.61162,4,167,195.61162,147.34474182128906,241.5707824707031,-28.611618041992188,28.611618041992188,XGBoost,4
2025-05-01,Advair,TER-02,98,65811.58,4,682.6,5,2,2025,3,0,177.0,179.0,113.0,169.66666666666666,14.468356276140463,0,1,138.48926,4,98,138.48926,100.16230239868165,189.69354019165038,-40.4892578125,40.4892578125,XGBoost,4
2025-06-01,Advair,TER-02,132,84169.06,2,641.13,6,2,2025,6,0,98.0,153.0,206.0,142.66666666666666,40.50102879351749,0,1,176.3554,4,132,176.3554,136.91021194458008,229.20979232788082,-44.35539245605469,44.35539245605469,XGBoost,4
2025-07-01,Advair,TER-02,146,107376.31,4,710.99,7,3,2025,1,0,132.0,177.0,181.0,135.66666666666666,39.62743157628731,0,1,129.09029,4,146,129.09029,83.99737548828125,179.87593498229978,16.909713745117188,16.909713745117188,XGBoost,4
2025-08-01,Advair,TER-02,121,83528.72,1,690.32,8,3,2025,4,0,146.0,98.0,179.0,125.33333333333331,24.6846781087648,0,1,141.77466,4,121,141.77466,104.60354804992676,190.54481658935546,-20.774658203125,20.774658203125,XGBoost,4
2025-09-01,Advair,TER-02,121,76514.08,2,651.73,9,3,2025,0,0,121.0,132.0,153.0,133.0,12.529964086141623,0,1,156.55542,4,121,156.55542,118.0841293334961,204.29131164550773,-35.555419921875,35.555419921875,XGBoost,4
2025-10-01,Advair,TER-02,176,120372.38,4,678.7325,10,4,2025,2,0,121.0,146.0,177.0,129.33333333333334,14.433756729740606,0,1,150.74074,4,176,150.74074,117.39371719360352,200.8075115203857,25.259262084960938,25.259262084960938,XGBoost,4
2025-11-01,Advair,TER-02,134,96568.2,2,702.115,11,4,2025,5,0,176.0,121.0,98.0,139.33333333333334,31.7542648054294,0,1,109.38077,4,134,109.38077,66.1676040649414,163.76068019866943,24.619232177734375,24.619232177734375,XGBoost,4
2025-12-01,Advair,TER-02,203,140263.89,2,696.24,12,4,2025,0,0,134.0,121.0,132.0,143.66666666666666,28.74601421646716,0,1,143.71907,4,203,143.71907,100.4263671875,193.4375617980957,59.28092956542969,59.28092956542969,XGBoost,4
2025-05-01,Advair,TER-03,129,85050.12,4,657.0274999999999,5,2,2025,3,0,126.0,167.0,107.0,143.33333333333334,21.221058723196,0,2,122.02216,4,129,122.02216,86.10388946533203,177.62870388031004,6.977836608886719,6.977836608886719,XGBoost,4
2025-06-01,Advair,TER-03,157,107200.43,4,683.155,6,2,2025,6,0,129.0,137.0,177.0,130.66666666666666,5.686240703077306,0,2,159.3371,4,157,159.3371,117.69486083984376,210.12436485290525,-2.33709716796875,2.33709716796875,XGBoost,4
2025-07-01,Advair,TER-03,150,98470.62,2,671.7,7,3,2025,1,0,157.0,126.0,110.0,137.33333333333334,17.097758137642884,0,2,133.72484,4,150,133.72484,93.76389617919922,185.7047393798828,16.275161743164062,16.275161743164062,XGBoost,4
2025-08-01,Advair,TER-03,93,67060.38,3,676.8333333333334,8,3,2025,4,0,150.0,129.0,167.0,145.33333333333334,14.571661996262948,0,2,150.62753,4,93,150.62753,109.39530487060547,209.61054611206052,-57.627532958984375,57.627532958984375,XGBoost,4
2025-09-01,Advair,TER-03,112,76790.2,4,656.5899999999999,9,3,2025,0,0,93.0,157.0,137.0,133.33333333333334,35.10460558578223,0,2,129.40578,4,112,129.40578,92.81850090026856,184.46106758117674,-17.405776977539062,17.405776977539062,XGBoost,4
2025-10-01,Advair,TER-03,104,71847.36,1,690.84,10,4,2025,2,0,112.0,150.0,126.0,118.33333333333331,29.02297940138697,0,2,144.85893,4,104,144.85893,109.67298164367676,197.09908561706538,-40.85893249511719,40.85893249511719,XGBoost,4
2025-11-01,Advair,TER-03,107,71463.16,1,667.88,11,4,2025,5,0,104.0,93.0,129.0,103.0,9.539392014169351,0,2,143.74396,4,107,143.74396,103.89200592041016,201.44082412719726,-36.74395751953125,36.74395751953125,XGBoost,4
2025-12-01,Advair,TER-03,176,121174.83,2,689.925,12,4,2025,0,0,107.0,112.0,157.0,107.66666666666669,4.041451884327158,0,2,121.31186,4,176,121.31186,78.59001922607422,173.7048400878906,54.688140869140625,54.688140869140625,XGBoost,4
2025-05-01,Advair,TER-04,142,93528.78,4,661.3725,5,2,2025,3,0,149.0,95.0,103.0,126.66666666666669,28.18391976523729,0,3,119.69596,4,142,119.69596,80.21775817871094,178.77324752807615,22.304039001464844,22.304039001464844,XGBoost,4
2025-06-01,Advair,TER-04,172,117104.48,1,680.84,6,2,2025,6,0,142.0,136.0,142.0,142.33333333333334,6.5064070986477205,0,3,143.43806,4,172,143.43806,101.01023864746094,194.0641387939453,28.561935424804688,28.561935424804688,XGBoost,4
2025-07-01,Advair,TER-04,112,80568.56999999999,4,726.8575,7,3,2025,1,0,172.0,149.0,191.0,154.33333333333334,15.695009822658069,0,3,137.297,4,112,137.297,99.99175453186035,190.12518157958982,-25.2969970703125,25.2969970703125,XGBoost,4
2025-08-01,Advair,TER-04,104,67054.0,1,644.75,8,3,2025,4,0,112.0,142.0,95.0,142.0,30.0,0,3,106.83651,4,104,106.83651,66.88841857910157,154.56955566406248,-2.8365097045898438,2.8365097045898438,XGBoost,4
2025-09-01,Advair,TER-04,200,136166.0,1,680.83,9,3,2025,0,0,104.0,172.0,136.0,129.33333333333334,37.16629297271028,0,3,130.62639,4,200,130.62639,88.11836624145508,183.60147018432616,69.37361145019531,69.37361145019531,XGBoost,4
2025-10-01,Advair,TER-04,188,126686.62,4,646.095,10,4,2025,2,0,200.0,112.0,149.0,138.66666666666666,53.26662494783514,0,3,124.47585,4,188,124.47585,86.11029853820801,174.24843749999994,63.524147033691406,63.524147033691406,XGBoost,4
2025-11-01,Advair,TER-04,120,81333.11,4,682.8225,11,4,2025,5,0,188.0,104.0,142.0,164.0,52.30678732248806,0,3,143.5909,4,120,143.5909,103.6117301940918,202.8632682800293,-23.590896606445312,23.590896606445312,XGBoost,4
2025-12-01,Advair,TER-04,158,108727.93,3,697.8133333333334,12,4,2025,0,0,120.0,200.0,172.0,169.33333333333334,43.1431724996358,0,3,154.8594,4,158,154.8594,118.243123626709,212.5418231964111,3.140594482421875,3.140594482421875,XGBoost,4
2025-05-01,Advair,TER-05,156,107567.57,4,678.1800000000001,5,2,2025,3,0,177.0,140.0,94.0,152.0,21.656407827707763,0,4,101.21227,4,156,101.21227,61.174790954589845,155.20223121643068,54.78772735595703,54.78772735595703,XGBoost,4
2025-06-01,Advair,TER-05,169,117228.11,4,698.1800000000001,6,2,2025,6,0,156.0,139.0,130.0,157.33333333333334,19.035055380359047,0,4,123.156746,4,169,123.156746,86.5404640197754,182.77110824584952,45.84325408935547,45.84325408935547,XGBoost,4
2025-07-01,Advair,TER-05,135,95809.5,1,709.7,7,3,2025,1,0,169.0,177.0,95.0,167.33333333333334,10.598742063723275,0,4,102.55807,4,135,102.55807,61.31061935424805,155.43741493225096,32.441932678222656,32.441932678222656,XGBoost,4
2025-08-01,Advair,TER-05,132,88117.06,3,655.7933333333334,8,3,2025,4,0,135.0,156.0,140.0,153.33333333333334,17.156145643277085,0,4,118.936104,4,132,118.936104,80.59298171997071,168.797204208374,13.063896179199219,13.063896179199219,XGBoost,4
2025-09-01,Advair,TER-05,172,112083.2,3,635.1999999999999,9,3,2025,0,0,132.0,169.0,139.0,145.33333333333334,20.55075018906449,0,4,131.78159,4,172,131.78159,91.44326667785644,185.7823173522949,40.218414306640625,40.218414306640625,XGBoost,4
2025-10-01,Advair,TER-05,94,62597.42,1,665.93,10,4,2025,2,0,172.0,135.0,177.0,146.33333333333334,22.27853974867596,0,4,135.04462,4,94,135.04462,92.57625122070313,190.6713287353515,-41.04461669921875,41.04461669921875,XGBoost,4
2025-11-01,Advair,TER-05,102,76864.93,4,723.6225,11,4,2025,5,0,94.0,132.0,156.0,132.66666666666666,39.0042732701602,0,4,121.06314,4,102,121.06314,85.92287826538086,175.04084281921385,-19.063140869140625,19.063140869140625,XGBoost,4
2025-12-01,Advair,TER-05,137,93181.81,3,678.4933333333333,12,4,2025,0,0,102.0,172.0,169.0,122.66666666666669,42.91076011134424,0,4,127.27969,4,137,127.27969,91.53695678710938,179.6702808380127,9.720306396484375,9.720306396484375,XGBoost,4
2025-05-01,Advair,TER-06,79,54433.67,4,678.4925,5,2,2025,3,0,84.0,122.0,81.0,98.66666666666669,20.42873792805941,0,5,92.1427,4,79,92.1427,53.57501220703125,146.5226125717163,-13.1427001953125,13.1427001953125,XGBoost,4
2025-06-01,Advair,TER-06,114,77262.64,4,666.47,6,2,2025,6,0,79.0,90.0,134.0,84.33333333333333,5.50757054728609,0,5,122.87588,4,114,122.87588,81.09650421142578,175.24851684570314,-8.875877380371094,8.875877380371094,XGBoost,4
2025-07-01,Advair,TER-06,76,48913.310000000005,3,646.1066666666667,7,3,2025,1,0,114.0,84.0,74.0,92.33333333333331,18.92969448600091,0,5,91.2678,4,76,91.2678,52.97217025756836,148.88686447143553,-15.267799377441406,15.267799377441406,XGBoost,4
2025-08-01,Advair,TER-06,95,66928.64,3,669.14,8,3,2025,4,0,76.0,79.0,122.0,89.66666666666667,21.1266025033211,0,5,102.874626,4,95,102.874626,63.02294387817383,154.69530487060547,-7.874626159667969,7.874626159667969,XGBoost,4
2025-09-01,Advair,TER-06,116,81617.81,4,688.99,9,3,2025,0,0,95.0,114.0,90.0,95.0,19.0,0,5,99.60754,4,116,99.60754,61.320213317871094,149.63323707580565,16.39246368408203,16.39246368408203,XGBoost,4
2025-10-01,Advair,TER-06,119,79018.08,4,669.6825,10,4,2025,2,0,116.0,76.0,84.0,95.66666666666669,20.008331597945222,0,5,100.6717,4,119,100.6717,57.42776107788086,158.2867805480957,18.32830047607422,18.32830047607422,XGBoost,4
2025-11-01,Advair,TER-06,136,90001.8,3,668.0933333333334,11,4,2025,5,0,119.0,95.0,79.0,110.0,13.076696830622012,0,5,110.618706,4,136,110.618706,64.63336486816407,160.10634078979484,25.38129425048828,25.38129425048828,XGBoost,4
2025-12-01,Advair,TER-06,84,58649.71,3,682.26,12,4,2025,0,0,136.0,116.0,114.0,123.66666666666669,10.785793124908944,0,5,112.7597,4,84,112.7597,77.56305961608886,167.15259571075438,-28.75969696044922,28.75969696044922,XGBoost,4
2025-05-01,Advair,TER-07,132,92722.98,2,713.145,5,2,2025,3,0,71.0,107.0,149.0,120.0,56.63038053907108,0,6,115.235695,4,132,115.235695,79.84947967529297,165.90756301879878,16.764305114746094,16.764305114746094,XGBoost,4
2025-06-01,Advair,TER-07,102,62954.18,2,616.55,6,2,2025,6,0,132.0,182.0,148.0,128.33333333333334,55.59076661940662,0,6,155.08609,4,102,155.08609,109.00767059326172,203.42515258789058,-53.086090087890625,53.086090087890625,XGBoost,4
2025-07-01,Advair,TER-07,76,54514.36,2,709.87,7,3,2025,1,0,102.0,71.0,136.0,101.66666666666669,30.501366089625137,0,6,103.46408,4,76,103.46408,61.900688552856444,157.48994636535642,-27.464080810546875,27.464080810546875,XGBoost,4
2025-08-01,Advair,TER-07,89,59529.8,4,668.81,8,3,2025,4,0,76.0,132.0,107.0,103.33333333333331,28.02379940931161,0,6,99.62587,4,89,99.62587,59.34421997070312,151.81188011169434,-10.625869750976562,10.625869750976562,XGBoost,4
2025-09-01,Advair,TER-07,116,89292.28,3,736.3433333333332,9,3,2025,0,0,89.0,102.0,182.0,89.0,13.00000000000002,0,6,95.175125,4,116,95.175125,57.589226531982426,148.083751296997,20.824874877929688,20.824874877929688,XGBoost,4
2025-10-01,Advair,TER-07,117,81711.63,1,698.39,10,4,2025,2,0,116.0,76.0,71.0,93.66666666666669,20.4042479237372,0,6,104.3589,4,117,104.3589,68.31385116577148,156.14199180603023,12.641098022460938,12.641098022460938,XGBoost,4
2025-11-01,Advair,TER-07,90,61194.6,1,679.94,11,4,2025,5,0,117.0,89.0,132.0,107.33333333333331,15.885003409925154,0,6,132.1741,4,90,132.1741,98.82460098266601,189.1168403625488,-42.174102783203125,42.174102783203125,XGBoost,4
2025-12-01,Advair,TER-07,79,53197.310000000005,4,677.1875,12,4,2025,0,0,90.0,116.0,102.0,107.66666666666669,15.307950004273398,0,6,103.48279,4,79,103.48279,60.67135314941407,154.0940399169922,-24.4827880859375,24.4827880859375,XGBoost,4
2025-05-01,Advair,TER-08,148,98475.8,2,655.49,5,2,2025,3,0,113.0,157.0,108.0,133.0,22.271057451320072,0,7,116.53546,4,148,116.53546,73.40662879943848,164.42475776672362,31.46453857421875,31.46453857421875,XGBoost,4
2025-06-01,Advair,TER-08,91,64929.16,3,717.2866666666665,6,2,2025,6,0,148.0,129.0,138.0,130.0,17.521415467935213,0,7,137.0985,4,91,137.0985,94.38940353393555,193.94701919555663,-46.09849548339844,46.09849548339844,XGBoost,4
2025-07-01,Advair,TER-08,135,95273.55,1,705.73,7,3,2025,1,0,91.0,113.0,99.0,117.33333333333331,28.74601421646717,0,7,97.056015,4,135,97.056015,49.49131774902344,150.42913856506348,37.94398498535156,37.94398498535156,XGBoost,4
2025-08-01,Advair,TER-08,106,75565.71,2,703.665,8,3,2025,4,0,135.0,148.0,157.0,124.66666666666669,29.87194893764604,0,7,125.03212,4,106,125.03212,86.5638816833496,179.41315002441405,-19.032119750976562,19.032119750976562,XGBoost,4
2025-09-01,Advair,TER-08,81,53578.8,2,644.8199999999999,9,3,2025,0,0,106.0,91.0,129.0,110.66666666666669,22.36813209307681,0,7,114.86129,4,81,114.86129,72.16067504882812,170.4678304672241,-33.861289978027344,33.861289978027344,XGBoost,4
2025-10-01,Advair,TER-08,114,85706.9,4,701.2025,10,4,2025,2,0,81.0,135.0,113.0,107.33333333333331,27.024680078279047,0,7,107.469124,4,114,107.469124,64.16394538879395,166.76200790405272,6.530876159667969,6.530876159667969,XGBoost,4
2025-11-01,Advair,TER-08,93,63131.52,3,682.4066666666666,11,4,2025,5,0,114.0,106.0,148.0,100.33333333333331,17.21433511156711,0,7,126.01513,4,93,126.01513,90.1840389251709,182.7883758544922,-33.01512908935547,33.01512908935547,XGBoost,4
2025-12-01,Advair,TER-08,155,106309.48,4,685.3325,12,4,2025,0,0,93.0,81.0,91.0,96.0,16.70329308849003,0,7,108.23855,4,155,108.23855,70.25266799926759,160.86528778076163,46.761451721191406,46.761451721191406,XGBoost,4
2025-05-01,Advair,TER-09,128,81872.37,3,648.3966666666666,5,2,2025,3,0,125.0,122.0,93.0,139.66666666666666,28.0416357107308,0,8,92.97331,4,128,92.97331,53.133871459960936,147.83916206359862,35.02668762207031,35.02668762207031,XGBoost,4
2025-06-01,Advair,TER-09,89,56623.07,3,673.5766666666667,6,2,2025,6,0,128.0,172.0,94.0,141.66666666666666,26.31222782915451,0,8,107.98201,4,89,107.98201,66.04336624145508,167.2543815612793,-18.982009887695312,18.982009887695312,XGBoost,4
2025-07-01,Advair,TER-09,109,76223.7,1,699.3,7,3,2025,1,0,89.0,125.0,150.0,114.0,21.70253441421068,0,8,95.868866,4,109,95.868866,53.514678955078125,148.30775146484373,13.131134033203125,13.131134033203125,XGBoost,4
2025-08-01,Advair,TER-09,89,61521.65,3,691.5833333333334,8,3,2025,4,0,109.0,128.0,122.0,108.66666666666669,19.502136635080063,0,8,119.57063,4,89,119.57063,71.51590385437012,169.66589736938474,-30.570632934570312,30.570632934570312,XGBoost,4
2025-09-01,Advair,TER-09,89,61245.0,3,678.9066666666666,9,3,2025,0,0,89.0,89.0,172.0,95.66666666666669,11.54700538379242,0,8,106.30131,4,89,106.30131,65.82576370239258,155.99966278076172,-17.301307678222656,17.301307678222656,XGBoost,4
2025-10-01,Advair,TER-09,99,65610.27,1,662.73,10,4,2025,2,0,89.0,109.0,125.0,95.66666666666669,11.54700538379242,0,8,111.43366,4,99,111.43366,65.14802627563476,162.3556037902832,-12.433662414550781,12.433662414550781,XGBoost,4
2025-11-01,Advair,TER-09,143,91864.04,3,651.82,11,4,2025,5,0,99.0,89.0,128.0,92.33333333333331,5.773502691896045,0,8,131.0032,4,143,131.0032,93.3692626953125,179.79662132263184,11.996795654296875,11.996795654296875,XGBoost,4
2025-12-01,Advair,TER-09,125,87213.83,2,741.085,12,4,2025,0,0,143.0,89.0,89.0,110.33333333333331,28.7286152352203,0,8,109.024124,4,125,109.024124,71.10858612060547,162.01647186279294,15.975875854492188,15.975875854492188,XGBoost,4
2025-05-01,Advair,TER-10,143,96904.05,3,686.09,5,2,2025,3,0,110.0,155.0,111.0,153.66666666666666,43.01550108197433,0,9,101.73017,4,143,101.73017,65.68857650756836,159.80702247619627,41.26982879638672,41.26982879638672,XGBoost,4
2025-06-01,Advair,TER-10,84,55269.69,3,656.0133333333333,6,2,2025,6,0,143.0,196.0,100.0,149.66666666666666,43.38586559391589,0,9,131.87813,4,84,131.87813,92.43294754028321,188.71500625610352,-47.87812805175781,47.87812805175781,XGBoost,4
2025-07-01,Advair,TER-10,138,89710.1,4,650.1,7,3,2025,1,0,84.0,110.0,110.0,112.33333333333331,29.569128044860125,0,9,92.45655,4,138,92.45655,55.79587516784668,148.08011169433587,45.54344940185547,45.54344940185547,XGBoost,4
2025-08-01,Advair,TER-10,97,64762.05,1,667.65,8,3,2025,4,0,138.0,143.0,155.0,121.66666666666669,32.715949219506584,0,9,125.58978,4,97,125.58978,87.30084457397462,177.41260147094727,-28.58978271484375,28.58978271484375,XGBoost,4
2025-09-01,Advair,TER-10,89,55591.55,3,621.3066666666667,9,3,2025,0,0,97.0,84.0,196.0,106.33333333333331,28.18391976523729,0,9,135.22977,4,89,135.22977,96.72007675170899,183.05968971252432,-46.229766845703125,46.229766845703125,XGBoost,4
2025-10-01,Advair,TER-10,122,86182.79000000001,2,705.145,10,4,2025,2,0,89.0,138.0,110.0,108.0,26.28687885618984,0,9,107.72012,4,122,107.72012,69.26667785644531,163.38571319580072,14.279876708984375,14.279876708984375,XGBoost,4
2025-11-01,Advair,TER-10,87,55796.58,1,641.34,11,4,2025,5,0,122.0,97.0,143.0,102.66666666666669,17.214335111567145,0,9,125.725174,4,87,125.725174,89.92934646606446,178.73934173583982,-38.72517395019531,38.72517395019531,XGBoost,4
2025-12-01,Advair,TER-10,148,110064.64,1,743.68,12,4,2025,0,0,87.0,89.0,84.0,99.33333333333331,19.65536398374076,0,9,97.32707,4,148,97.32707,59.37885437011719,149.05287551879883,50.67292785644531,50.67292785644531,XGBoost,4
2025-05-01,Advair,TER-11,92,66473.84,3,720.0833333333334,5,2,2025,3,0,75.0,85.0,102.0,100.0,35.0,0,10,99.97035,4,92,99.97035,56.55279235839844,156.91789703369136,-7.9703521728515625,7.9703521728515625,XGBoost,4
2025-06-01,Advair,TER-11,125,90918.55,2,730.19,6,2,2025,6,0,92.0,140.0,114.0,102.33333333333331,33.70954365359065,0,10,125.055565,4,125,125.055565,90.75622215270997,176.36619453430174,-0.05556488037109375,0.05556488037109375,XGBoost,4
2025-07-01,Advair,TER-11,108,69858.31999999999,2,634.34,7,3,2025,1,0,125.0,75.0,103.0,97.33333333333331,25.423086620891127,0,10,88.62352,4,108,88.62352,54.66385040283203,139.85453414916992,19.376480102539062,19.376480102539062,XGBoost,4
2025-08-01,Advair,TER-11,112,80542.56,1,719.13,8,3,2025,4,0,108.0,92.0,85.0,108.33333333333331,16.502525059315424,0,10,101.906364,4,112,101.906364,58.9029426574707,154.0825958251953,10.093635559082031,10.093635559082031,XGBoost,4
2025-09-01,Advair,TER-11,100,76262.0,1,762.62,9,3,2025,0,0,112.0,125.0,140.0,115.0,8.888194417315603,0,10,105.63421,4,100,105.63421,65.77695541381836,158.02259063720703,-5.634208679199219,5.634208679199219,XGBoost,4
2025-10-01,Advair,TER-11,151,98574.31,1,652.81,10,4,2025,2,0,100.0,108.0,75.0,106.66666666666669,6.110100926607809,0,10,99.13001,4,151,99.13001,60.76445541381836,150.5721466064453,51.86998748779297,51.86998748779297,XGBoost,4
2025-11-01,Advair,TER-11,130,86421.5,2,660.395,11,4,2025,5,0,151.0,112.0,92.0,121.0,26.66458325194677,0,10,127.8862,4,130,127.8862,92.05102653503418,177.52327804565428,2.113800048828125,2.113800048828125,XGBoost,4
2025-12-01,Advair,TER-11,160,105388.41,4,692.5675,12,4,2025,0,0,130.0,100.0,125.0,127.0,25.6320112359526,0,10,111.22613,4,160,111.22613,71.38516006469726,164.15344886779778,48.77387237548828,48.77387237548828,XGBoost,4
2025-05-01,Advair,TER-12,133,94228.99,4,695.5125,5,2,2025,3,0,72.0,111.0,98.0,115.66666666666669,46.17719494873344,0,11,86.58933,4,133,86.58933,42.962510681152345,147.95757904052735,46.410667419433594,46.410667419433594,XGBoost,4
2025-06-01,Advair,TER-12,158,111493.8,3,705.94,6,2,2025,6,0,133.0,164.0,100.0,123.0,46.8081189538738,0,11,125.6613,4,158,125.6613,83.68795394897461,176.95205688476557,32.33869934082031,32.33869934082031,XGBoost,4
2025-07-01,Advair,TER-12,87,57114.01,4,667.27,7,3,2025,1,0,158.0,72.0,140.0,121.0,44.23799272118932,0,11,102.02228,4,87,102.02228,61.490370178222655,152.94585723876952,-15.02227783203125,15.02227783203125,XGBoost,4
2025-08-01,Advair,TER-12,75,51153.4,3,674.5266666666666,8,3,2025,4,0,87.0,133.0,111.0,126.0,36.01388621073821,0,11,92.208336,4,75,92.208336,59.19184036254883,141.94710121154785,-17.208335876464844,17.208335876464844,XGBoost,4
2025-09-01,Advair,TER-12,82,56245.14,3,686.0433333333334,9,3,2025,0,0,75.0,158.0,164.0,106.66666666666669,44.85903847981288,0,11,120.85063,4,82,120.85063,82.19049987792968,170.87633247375487,-38.85063171386719,38.85063171386719,XGBoost,4
2025-10-01,Advair,TER-12,128,88031.08,4,660.7925,10,4,2025,2,0,82.0,87.0,72.0,81.33333333333333,6.02771377334169,0,11,101.193474,4,128,101.193474,66.58960342407227,150.6123065948486,26.80652618408203,26.80652618408203,XGBoost,4
2025-11-01,Advair,TER-12,118,76241.98000000001,2,641.115,11,4,2025,5,0,128.0,75.0,133.0,95.0,28.792360097775934,0,11,123.97741,4,118,123.97741,85.0043441772461,176.9029880523681,-5.977409362792969,5.977409362792969,XGBoost,4
2025-12-01,Advair,TER-12,95,67905.05,1,714.79,12,4,2025,0,0,118.0,82.0,158.0,109.33333333333331,24.193663082165404,0,11,102.72099,4,95,102.72099,58.85303802490235,155.57624702453612,-7.7209930419921875,7.7209930419921875,XGBoost,4
2025-05-01,Advair,TER-13,96,67366.55,3,700.5433333333334,5,2,2025,3,0,117.0,120.0,138.0,117.0,2.9999999999999525,0,12,101.70708,4,96,101.70708,59.26158905029297,151.56745491027831,-5.7070770263671875,5.7070770263671875,XGBoost,4
2025-06-01,Advair,TER-13,143,98386.86,1,688.02,6,2,2025,6,0,96.0,114.0,136.0,109.0,11.357816691600537,0,12,128.0728,4,143,128.0728,90.14542503356934,170.7688217163086,14.927200317382812,14.927200317382812,XGBoost,4
2025-07-01,Advair,TER-13,84,55506.96,3,661.66,7,3,2025,1,0,143.0,117.0,95.0,118.66666666666669,23.54428451521373,0,12,83.01199,4,84,83.01199,39.65923957824707,131.6916976928711,0.988006591796875,0.988006591796875,XGBoost,4
2025-08-01,Advair,TER-13,99,66734.42,4,675.8375,8,3,2025,4,0,84.0,96.0,120.0,107.66666666666669,31.18225991382493,0,12,96.990585,4,99,96.990585,60.43964729309082,148.23529472351072,2.0094146728515625,2.0094146728515625,XGBoost,4
2025-09-01,Advair,TER-13,101,60925.22,1,603.22,9,3,2025,0,0,99.0,143.0,114.0,108.66666666666669,30.664855018951798,0,12,112.629196,4,101,112.629196,70.1778953552246,170.32081604003906,-11.629196166992188,11.629196166992188,XGBoost,4
2025-10-01,Advair,TER-13,125,93491.25,1,747.93,10,4,2025,2,0,101.0,84.0,117.0,94.66666666666669,9.291573243177556,0,12,106.35929,4,125,106.35929,66.38012466430665,154.6434555053711,18.640708923339844,18.640708923339844,XGBoost,4
2025-11-01,Advair,TER-13,83,55508.04,3,661.0133333333333,11,4,2025,5,0,125.0,99.0,96.0,108.33333333333331,14.468356276140463,0,12,96.76976,4,83,96.76976,53.47562675476074,155.7331802368164,-13.769760131835938,13.769760131835938,XGBoost,4
2025-12-01,Advair,TER-13,161,118685.74,2,736.625,12,4,2025,0,0,83.0,101.0,143.0,103.0,21.071307505705477,0,12,95.17575,4,161,95.17575,50.36048889160156,152.5252944946289,65.82424926757812,65.82424926757812,XGBoost,4
2025-05-01,Advair,TER-14,105,74336.84999999999,3,698.52,5,2,2025,3,0,125.0,71.0,62.0,104.66666666666669,29.365512652316028,0,13,87.43937,4,105,87.43937,47.994188690185545,145.89250946044922,17.560630798339844,17.560630798339844,XGBoost,4
2025-06-01,Advair,TER-14,125,80097.95999999999,4,654.745,6,2,2025,6,0,105.0,118.0,101.0,116.0,10.14889156509218,0,13,106.576454,4,125,106.576454,61.38272171020508,159.6122749328613,18.423545837402344,18.423545837402344,XGBoost,4
2025-07-01,Advair,TER-14,80,54882.84,3,684.5233333333332,7,3,2025,1,0,125.0,125.0,103.0,118.33333333333331,11.547005383792484,0,13,78.66835,4,80,78.66835,32.88922119140625,131.51381530761714,1.3316497802734375,1.3316497802734375,XGBoost,4
2025-08-01,Advair,TER-14,92,61897.78999999999,4,675.8575000000001,8,3,2025,4,0,80.0,105.0,71.0,103.33333333333331,22.54624876411445,0,13,77.9905,4,92,77.9905,35.63641128540039,130.78840599060058,14.009498596191406,14.009498596191406,XGBoost,4
2025-09-01,Advair,TER-14,105,70600.68000000001,2,672.3,9,3,2025,0,0,92.0,125.0,118.0,99.0,23.302360395462067,0,13,91.46767,4,105,91.46767,52.51514511108399,138.1652980804443,13.532333374023438,13.532333374023438,XGBoost,4
2025-10-01,Advair,TER-14,77,56658.09,2,734.01,10,4,2025,2,0,105.0,80.0,125.0,92.33333333333331,12.503332889007334,0,13,108.64718,4,77,108.64718,70.34042053222656,168.82166366577147,-31.647178649902344,31.647178649902344,XGBoost,4
2025-11-01,Advair,TER-14,84,58150.76,3,708.6500000000001,11,4,2025,5,0,77.0,92.0,105.0,91.33333333333331,14.01189970465577,0,13,110.95569,4,84,110.95569,67.82682304382324,159.20016727447504,-26.9556884765625,26.9556884765625,XGBoost,4
2025-12-01,Advair,TER-14,133,93159.85,1,700.45,12,4,2025,0,0,84.0,105.0,125.0,88.66666666666667,14.5716619962629,0,13,90.36019,4,133,90.36019,46.187462997436526,140.20944213867188,42.639808654785156,42.639808654785156,XGBoost,4
2025-05-01,Advair,TER-15,86,58954.880000000005,2,682.465,5,2,2025,3,0,136.0,91.0,88.0,111.66666666666669,22.72296928953901,0,14,99.8699,4,86,99.8699,57.21063995361328,148.67370452880857,-13.869903564453125,13.869903564453125,XGBoost,4
2025-06-01,Advair,TER-15,93,62349.0,2,665.94,6,2,2025,6,0,86.0,108.0,82.0,110.0,25.05992817228333,0,14,88.98041,4,93,88.98041,45.592098236083984,142.3442840576172,4.01959228515625,4.01959228515625,XGBoost,4
2025-07-01,Advair,TER-15,84,58395.58,4,677.285,7,3,2025,1,0,93.0,136.0,102.0,105.0,27.07397274136176,0,14,90.261055,4,84,90.261055,51.726373291015626,147.59259796142578,-6.261054992675781,6.261054992675781,XGBoost,4
2025-08-01,Advair,TER-15,87,63530.01,1,730.23,8,3,2025,4,0,84.0,86.0,91.0,87.66666666666667,4.725815626252562,0,14,76.03492,4,87,76.03492,38.55170249938965,130.43316192626952,10.965080261230469,10.965080261230469,XGBoost,4
2025-09-01,Advair,TER-15,120,84977.5,4,686.0925,9,3,2025,0,0,87.0,93.0,108.0,88.0,4.582575694955791,0,14,89.27291,4,120,89.27291,55.93135986328125,146.99485549926754,30.727088928222656,30.727088928222656,XGBoost,4
2025-10-01,Advair,TER-15,87,60852.39,4,689.6975,10,4,2025,2,0,120.0,84.0,136.0,97.0,19.974984355438167,0,14,102.27475,4,87,102.27475,64.72626495361328,160.42459716796876,-15.274749755859375,15.274749755859375,XGBoost,4
2025-11-01,Advair,TER-15,99,68440.73,3,683.43,11,4,2025,5,0,87.0,87.0,86.0,98.0,19.05255888325764,0,14,93.20211,4,99,93.20211,54.541978454589845,147.18414688110352,5.797889709472656,5.797889709472656,XGBoost,4
2025-12-01,Advair,TER-15,155,115836.29,3,731.16,12,4,2025,0,0,99.0,120.0,93.0,102.0,16.703293088490053,0,14,98.32167,4,155,98.32167,53.954505157470706,149.6030502319336,56.67832946777344,56.67832946777344,XGBoost,4
2025-05-01,Advair,TER-16,134,90811.21,4,682.615,5,2,2025,3,0,97.0,91.0,71.0,103.33333333333331,16.44181660685136,0,15,97.82659,4,134,97.82659,63.21884803771973,151.28125762939453,36.17340850830078,36.17340850830078,XGBoost,4
2025-06-01,Advair,TER-16,85,55450.03,2,637.46,6,2,2025,6,0,134.0,122.0,122.0,117.66666666666669,18.87679351302369,0,15,109.40063,4,85,109.40063,70.67202529907227,161.38052825927733,-24.40062713623047,24.40062713623047,XGBoost,4
2025-07-01,Advair,TER-16,60,43840.380000000005,3,718.7566666666667,7,3,2025,1,0,85.0,97.0,91.0,105.33333333333331,25.540817005987364,0,15,84.48722,4,60,84.48722,45.97753067016602,136.89594306945799,-24.487220764160156,24.487220764160156,XGBoost,4
2025-08-01,Advair,TER-16,116,83390.20000000001,4,713.1275,8,3,2025,4,0,60.0,134.0,91.0,93.0,37.64306044943742,0,15,88.785324,4,116,88.785324,46.34619369506836,141.84739685058585,27.214675903320312,27.214675903320312,XGBoost,4
2025-09-01,Advair,TER-16,116,75258.48,1,648.78,9,3,2025,0,0,116.0,85.0,122.0,87.0,28.053520278211074,0,15,102.00188,4,116,102.00188,64.46231079101562,159.16587905883787,13.998123168945312,13.998123168945312,XGBoost,4
2025-10-01,Advair,TER-16,107,67074.7,2,659.535,10,4,2025,2,0,116.0,60.0,97.0,97.33333333333331,32.331615074619044,0,15,91.12762,4,107,91.12762,54.985512542724614,138.33307456970212,15.872383117675781,15.872383117675781,XGBoost,4
2025-11-01,Advair,TER-16,131,82126.52,1,626.92,11,4,2025,5,0,107.0,116.0,134.0,113.0,5.196152422706653,0,15,109.36863,4,131,109.36863,71.03628273010254,161.12184448242184,21.631370544433594,21.631370544433594,XGBoost,4
2025-12-01,Advair,TER-16,134,97777.12,1,729.68,12,4,2025,0,0,131.0,116.0,85.0,118.0,12.12435565298215,0,15,94.52472,4,134,94.52472,57.97013931274414,149.93313598632812,39.47528076171875,39.47528076171875,XGBoost,4
2025-05-01,Advair,TER-17,117,84074.31999999999,4,701.2425000000001,5,2,2025,3,0,97.0,78.0,74.0,98.33333333333331,21.03172207246317,0,16,94.2549,4,117,94.2549,48.26955718994141,149.01327514648438,22.745101928710938,22.745101928710938,XGBoost,4
2025-06-01,Advair,TER-17,122,80796.58,4,663.2574999999999,6,2,2025,6,0,117.0,120.0,125.0,111.33333333333331,12.503332889007453,0,16,113.06468,4,122,113.06468,75.43007812500001,170.4142868041992,8.935317993164062,8.935317993164062,XGBoost,4
2025-07-01,Advair,TER-17,82,51837.44,2,631.72,7,3,2025,1,0,122.0,97.0,115.0,112.0,13.228756555323034,0,16,76.76108,4,82,76.76108,43.31896209716797,130.570707321167,5.238922119140625,5.238922119140625,XGBoost,4
2025-08-01,Advair,TER-17,90,59092.14,4,667.1575,8,3,2025,4,0,82.0,117.0,78.0,107.0,21.79449471770341,0,16,83.96588,4,90,83.96588,46.4809627532959,131.23188018798828,6.03411865234375,6.03411865234375,XGBoost,4
2025-09-01,Advair,TER-17,116,74343.06,2,634.685,9,3,2025,0,0,90.0,122.0,120.0,98.0,21.16601048851676,0,16,87.98265,4,116,87.98265,51.766250228881844,139.970686340332,28.017349243164062,28.017349243164062,XGBoost,4
2025-10-01,Advair,TER-17,100,65889.59999999999,4,689.9825,10,4,2025,2,0,116.0,82.0,97.0,96.0,17.776388834631216,0,16,97.50088,4,100,97.50088,59.233747482299805,147.35879135131836,2.4991226196289062,2.4991226196289062,XGBoost,4
2025-11-01,Advair,TER-17,97,66892.31999999999,2,662.815,11,4,2025,5,0,100.0,90.0,117.0,102.0,13.114877048604065,0,16,103.5431,4,97,103.5431,57.693633270263675,167.5862079620361,-6.543098449707031,6.543098449707031,XGBoost,4
2025-12-01,Advair,TER-17,105,73048.22,3,703.9499999999999,12,4,2025,0,0,97.0,116.0,122.0,104.33333333333331,10.214368964029791,0,16,97.437126,4,105,97.437126,61.293500137329104,145.6346263885498,7.562873840332031,7.562873840332031,XGBoost,4
2025-05-01,Advair,TER-18,105,72568.73999999999,3,693.71,5,2,2025,3,0,79.0,137.0,109.0,96.33333333333331,35.345909711497505,0,17,92.74594,4,105,92.74594,54.132845687866215,154.43988876342763,12.254058837890625,12.254058837890625,XGBoost,4
2025-06-01,Advair,TER-18,132,96687.36,1,732.48,6,2,2025,6,0,105.0,73.0,67.0,85.66666666666667,17.00980109623077,0,17,94.598045,4,132,94.598045,56.68348503112793,149.46389503479003,37.401954650878906,37.401954650878906,XGBoost,4
2025-07-01,Advair,TER-18,94,62565.18,2,677.31,7,3,2025,1,0,132.0,79.0,115.0,105.33333333333331,26.50157228040128,0,17,84.058716,4,94,84.058716,39.69350891113282,131.15896186828613,9.9412841796875,9.9412841796875,XGBoost,4
2025-08-01,Advair,TER-18,100,69226.06000000001,4,693.8050000000001,8,3,2025,4,0,94.0,105.0,137.0,110.33333333333331,19.55334583474996,0,17,92.49675,4,100,92.49675,56.39749183654785,152.08214530944824,7.5032501220703125,7.5032501220703125,XGBoost,4
2025-09-01,Advair,TER-18,123,92385.85,2,731.475,9,3,2025,0,0,100.0,132.0,73.0,108.66666666666669,20.428737928059423,0,17,98.677185,4,123,98.677185,63.61598281860352,151.47508964538574,24.32281494140625,24.32281494140625,XGBoost,4
2025-10-01,Advair,TER-18,140,94874.64,4,687.5225,10,4,2025,2,0,123.0,94.0,79.0,105.66666666666669,15.307950004273389,0,17,90.368454,4,140,90.368454,51.702080535888676,143.93766174316406,49.63154602050781,49.63154602050781,XGBoost,4
2025-11-01,Advair,TER-18,93,61640.76,2,664.12,11,4,2025,5,0,140.0,100.0,105.0,121.0,20.07485989988474,0,17,103.67955,4,93,103.67955,67.12861213684081,153.3779052734375,-10.679550170898438,10.679550170898438,XGBoost,4
2025-12-01,Advair,TER-18,89,62714.55,4,707.11,12,4,2025,0,0,93.0,123.0,132.0,118.66666666666669,23.797758998135382,0,17,104.041084,4,89,104.041084,63.491929626464845,154.81247215270994,-15.041084289550781,15.041084289550781,XGBoost,4
2025-05-01,Advair,TER-19,88,60265.37,3,722.3866666666667,5,2,2025,3,0,121.0,77.0,56.0,104.0,23.643180835073775,0,18,81.76117,4,88,81.76117,46.72894287109375,135.56926155090332,6.23883056640625,6.23883056640625,XGBoost,4
2025-06-01,Advair,TER-19,94,65208.78,3,680.71,6,2,2025,6,0,88.0,114.0,90.0,107.66666666666669,17.387735140993303,0,18,94.726616,4,94,94.726616,56.40699005126953,147.72821083068845,-0.7266159057617188,0.7266159057617188,XGBoost,4
2025-07-01,Advair,TER-19,66,43346.94,4,641.9975,7,3,2025,1,0,94.0,121.0,69.0,101.0,17.578395831246947,0,18,87.36492,4,66,87.36492,48.79295196533203,139.2423858642578,-21.36492156982422,21.36492156982422,XGBoost,4
2025-08-01,Advair,TER-19,93,64129.74,2,689.51,8,3,2025,4,0,66.0,88.0,77.0,82.66666666666667,14.742229591663994,0,18,76.76691,4,93,76.76691,39.132965087890625,126.90848312377925,16.23309326171875,16.23309326171875,XGBoost,4
2025-09-01,Advair,TER-19,103,73990.05,1,718.35,9,3,2025,0,0,93.0,94.0,114.0,84.33333333333333,15.885003409925147,0,18,79.33612,4,103,79.33612,32.148573303222655,131.18793869018552,23.66387939453125,23.66387939453125,XGBoost,4
2025-10-01,Advair,TER-19,63,43846.48,2,689.445,10,4,2025,2,0,103.0,66.0,121.0,87.33333333333333,19.13983629327413,0,18,94.223495,4,63,94.223495,52.660103225708006,151.02166366577146,-31.223495483398438,31.223495483398438,XGBoost,4
2025-11-01,Advair,TER-19,74,48863.18,3,668.7800000000001,11,4,2025,5,0,63.0,93.0,88.0,86.33333333333333,20.81665999466133,0,18,91.514694,4,74,91.514694,49.59771728515625,142.70892410278321,-17.514694213867188,17.514694213867188,XGBoost,4
2025-12-01,Advair,TER-19,113,84901.42,1,751.34,12,4,2025,0,0,74.0,103.0,94.0,80.0,20.66397831977183,0,18,81.34131,4,113,81.34131,45.13994178771973,136.3264373779297,31.65869140625,31.65869140625,XGBoost,4
2025-05-01,Advair,TER-20,68,45798.560000000005,4,674.4925,5,2,2025,3,0,86.0,62.0,103.0,88.66666666666667,28.095076674273965,0,19,76.7886,4,68,76.7886,43.18333358764649,129.78094482421872,-8.788597106933594,8.788597106933594,XGBoost,4
2025-06-01,Advair,TER-20,108,74465.86,2,675.9200000000001,6,2,2025,6,0,68.0,118.0,112.0,90.66666666666669,25.324559884296765,0,19,108.43836,4,108,108.43836,69.97888679504395,159.86583709716797,-0.43836212158203125,0.43836212158203125,XGBoost,4
2025-07-01,Advair,TER-20,59,44733.8,1,758.2,7,3,2025,1,0,108.0,86.0,102.0,87.33333333333333,20.03330560175562,0,19,92.55016,4,59,92.55016,53.707492446899415,148.2003440856933,-33.55016326904297,33.55016326904297,XGBoost,4
2025-08-01,Advair,TER-20,97,64091.71000000001,2,661.93,8,3,2025,4,0,59.0,68.0,62.0,78.33333333333333,26.08320021265284,0,19,71.3809,4,97,71.3809,25.359395599365236,123.79231376647947,25.619102478027344,25.619102478027344,XGBoost,4
2025-09-01,Advair,TER-20,83,56412.4,4,683.2475,9,3,2025,0,0,97.0,108.0,118.0,88.0,25.70992026436488,0,19,85.48826,4,83,85.48826,46.82812652587891,136.8323097229004,-2.4882583618164062,2.4882583618164062,XGBoost,4
2025-10-01,Advair,TER-20,84,53274.55,4,643.9275,10,4,2025,2,0,83.0,59.0,86.0,79.66666666666667,19.218047073866096,0,19,86.49095,4,84,86.49095,46.55355072021485,138.92350730895996,-2.4909515380859375,2.4909515380859375,XGBoost,4
2025-11-01,Advair,TER-20,104,70544.0,2,684.375,11,4,2025,5,0,84.0,97.0,68.0,88.0,7.81024967590664,0,19,87.134186,4,104,87.134186,48.34092292785645,141.91614608764647,16.865814208984375,16.865814208984375,XGBoost,4
2025-12-01,Advair,TER-20,133,84860.61,4,649.335,12,4,2025,0,0,104.0,83.0,108.0,90.33333333333331,11.846237095944566,0,19,96.6986,4,133,96.6986,56.48684844970703,156.95889663696278,36.30139923095703,36.30139923095703,XGBoost,4
2025-05-01,Avastin,TER-01,50,293872.5,1,5877.45,5,2,2025,3,0,32.0,54.0,51.0,47.66666666666666,13.650396819628844,1,0,40.737732,4,50,40.737732,0.0,92.37981605529785,9.26226806640625,9.26226806640625,XGBoost,4
2025-06-01,Avastin,TER-01,44,256930.42,3,5828.04,6,2,2025,6,0,50.0,57.0,47.0,46.333333333333336,12.8970280814354,1,0,44.85979,4,44,44.85979,8.569742965698245,96.0792739868164,-0.8597908020019531,0.8597908020019531,XGBoost,4
2025-07-01,Avastin,TER-01,23,134085.94,2,5811.79,7,3,2025,1,0,44.0,32.0,50.0,42.0,9.165151389911676,1,0,34.40934,4,23,34.40934,0.0,85.76389083862303,-11.409339904785156,11.409339904785156,XGBoost,4
2025-08-01,Avastin,TER-01,41,230342.1,1,5618.1,8,3,2025,4,0,23.0,50.0,54.0,39.0,14.177446878757824,1,0,43.372864,4,41,43.372864,0.7136001586914066,98.85251541137688,-2.37286376953125,2.37286376953125,XGBoost,4
2025-09-01,Avastin,TER-01,55,345499.55,2,6193.715,9,3,2025,0,0,41.0,44.0,57.0,36.0,11.357816691600544,1,0,38.089073,4,55,38.089073,0.0,87.507905960083,16.910926818847656,16.910926818847656,XGBoost,4
2025-10-01,Avastin,TER-01,35,209511.91,4,5928.925,10,4,2025,2,0,55.0,23.0,32.0,39.66666666666666,16.041612554021285,1,0,39.51746,4,35,39.51746,0.16237258911132812,86.92966308593748,-4.517459869384766,4.517459869384766,XGBoost,4
2025-11-01,Avastin,TER-01,42,226181.34,1,5385.27,11,4,2025,5,0,35.0,41.0,50.0,43.66666666666666,10.263202878893768,1,0,49.88271,4,42,49.88271,12.307395553588869,104.37698745727539,-7.882709503173828,7.882709503173828,XGBoost,4
2025-12-01,Avastin,TER-01,66,380268.23,3,5713.866666666666,12,4,2025,0,0,42.0,55.0,44.0,44.0,10.14889156509222,1,0,42.021427,4,66,42.021427,0.0,96.79372062683105,23.978572845458984,23.978572845458984,XGBoost,4
2025-05-01,Avastin,TER-02,39,223632.46,3,5924.953333333334,5,2,2025,3,0,55.0,47.0,32.0,57.0,11.13552872566007,1,1,38.925312,4,39,38.925312,7.278850936889649,98.20671463012695,0.07468795776367188,0.07468795776367188,XGBoost,4
2025-06-01,Avastin,TER-02,33,185314.47,1,5615.59,6,2,2025,6,0,39.0,69.0,47.0,54.333333333333336,15.011106998930284,1,1,56.8068,4,33,56.8068,17.966656875610354,110.88786926269528,-23.806800842285156,23.806800842285156,XGBoost,4
2025-07-01,Avastin,TER-02,26,169455.22,2,6319.91,7,3,2025,1,0,33.0,55.0,34.0,42.333333333333336,11.372481406154655,1,1,30.515766,4,26,30.515766,0.0,81.80005989074706,-4.515766143798828,4.515766143798828,XGBoost,4
2025-08-01,Avastin,TER-02,27,156205.22,4,5882.87,8,3,2025,4,0,26.0,39.0,47.0,32.666666666666664,6.506407098647691,1,1,31.941628,4,27,31.941628,0.0,84.94322242736814,-4.941627502441406,4.941627502441406,XGBoost,4
2025-09-01,Avastin,TER-02,45,267247.81,3,5946.97,9,3,2025,0,0,27.0,33.0,69.0,28.666666666666668,3.785938897200132,1,1,35.939056,4,45,35.939056,0.0,81.36393508911132,9.060943603515625,9.060943603515625,XGBoost,4
2025-10-01,Avastin,TER-02,33,188901.57,1,5724.29,10,4,2025,2,0,45.0,26.0,55.0,32.666666666666664,10.692676621563615,1,1,42.126343,4,33,42.126343,0.0,101.27651596069335,-9.1263427734375,9.1263427734375,XGBoost,4
2025-11-01,Avastin,TER-02,48,296883.48,2,6224.105,11,4,2025,5,0,33.0,27.0,39.0,35.0,9.165151389911667,1,1,36.776382,4,48,36.776382,0.0,92.78409442901606,11.223617553710938,11.223617553710938,XGBoost,4
2025-12-01,Avastin,TER-02,37,225238.62,2,6094.745,12,4,2025,0,0,48.0,45.0,33.0,42.0,7.93725393319377,1,1,36.54551,4,37,36.54551,0.0,91.60079994201658,0.45449066162109375,0.45449066162109375,XGBoost,4
2025-05-01,Avastin,TER-03,31,178056.99,4,5700.907499999999,5,2,2025,3,0,33.0,50.0,33.0,44.0,9.539392014169456,1,2,36.01635,4,31,36.01635,0.0,81.73986968994134,-5.016349792480469,5.016349792480469,XGBoost,4
2025-06-01,Avastin,TER-03,53,331324.2,1,6251.4,6,2,2025,6,0,31.0,49.0,30.0,37.66666666666666,9.865765724632494,1,2,40.798557,4,53,40.798557,0.0,93.21615982055661,12.20144271850586,12.20144271850586,XGBoost,4
2025-07-01,Avastin,TER-03,40,227814.71,4,5684.1675,7,3,2025,1,0,53.0,33.0,53.0,39.0,12.16552506059644,1,2,32.17967,4,40,32.17967,0.0,85.1812633514404,7.820331573486328,7.820331573486328,XGBoost,4
2025-08-01,Avastin,TER-03,32,191620.48,1,5988.14,8,3,2025,4,0,40.0,31.0,50.0,41.333333333333336,11.060440015358038,1,2,39.737274,4,32,39.737274,0.3630775451660167,90.93752822875976,-7.737274169921875,7.737274169921875,XGBoost,4
2025-09-01,Avastin,TER-03,37,228007.44,3,6264.793333333334,9,3,2025,0,0,32.0,53.0,49.0,41.66666666666666,10.598742063723094,1,2,35.465725,4,37,35.465725,0.0,86.68801231384278,1.5342750549316406,1.5342750549316406,XGBoost,4
2025-10-01,Avastin,TER-03,28,158095.68,4,5576.78,10,4,2025,2,0,37.0,40.0,33.0,36.333333333333336,4.04145188432737,1,2,38.25651,4,28,38.25651,0.0,88.34275436401367,-10.256511688232422,10.256511688232422,XGBoost,4
2025-11-01,Avastin,TER-03,25,152487.45,4,5925.54,11,4,2025,5,0,28.0,32.0,31.0,32.333333333333336,4.509249752822886,1,2,35.46867,4,25,35.46867,0.0,94.75007247924805,-10.468669891357422,10.468669891357422,XGBoost,4
2025-12-01,Avastin,TER-03,63,390720.33,1,6201.91,12,4,2025,0,0,25.0,37.0,53.0,30.0,6.244997998398392,1,2,37.909447,4,63,37.909447,0.8322074890136738,90.97908554077144,25.090553283691406,25.090553283691406,XGBoost,4
2025-05-01,Avastin,TER-04,44,255658.04,2,5698.9,5,2,2025,3,0,36.0,30.0,42.0,40.333333333333336,13.051181300301256,1,3,36.39073,4,44,36.39073,0.0,93.73646011352538,7.6092681884765625,7.6092681884765625,XGBoost,4
2025-06-01,Avastin,TER-04,40,219042.0,1,5476.05,6,2,2025,6,0,44.0,55.0,45.0,45.0,9.539392014169442,1,3,45.821922,4,40,45.821922,6.463357543945313,98.27254486083983,-5.821922302246094,5.821922302246094,XGBoost,4
2025-07-01,Avastin,TER-04,18,98633.93,4,5719.26,7,3,2025,1,0,40.0,36.0,48.0,40.0,3.9999999999999822,1,3,30.428244,4,18,30.428244,0.0,88.09116706848143,-12.428243637084961,12.428243637084961,XGBoost,4
2025-08-01,Avastin,TER-04,22,123869.95,4,5732.2525000000005,8,3,2025,4,0,18.0,44.0,30.0,34.0,14.0,1,3,28.73516,4,22,28.73516,0.0,84.04220504760735,-6.735160827636719,6.735160827636719,XGBoost,4
2025-09-01,Avastin,TER-04,39,212207.75,4,5753.375,9,3,2025,0,0,22.0,40.0,55.0,26.666666666666668,11.718930554164636,1,3,32.574795,4,39,32.574795,0.0,83.80438690185547,6.425205230712891,6.425205230712891,XGBoost,4
2025-10-01,Avastin,TER-04,31,183158.96,3,5815.256666666667,10,4,2025,2,0,39.0,18.0,36.0,26.33333333333333,11.150485789118497,1,3,31.42969,4,31,31.42969,0.0,77.74347114562983,-0.4296894073486328,0.4296894073486328,XGBoost,4
2025-11-01,Avastin,TER-04,28,171111.41999999998,2,6159.360000000001,11,4,2025,5,0,31.0,22.0,44.0,30.666666666666668,8.504900548115385,1,3,34.506943,4,28,34.506943,0.0,85.73795700073242,-6.5069427490234375,6.5069427490234375,XGBoost,4
2025-12-01,Avastin,TER-04,60,346375.86,3,5802.816666666667,12,4,2025,0,0,28.0,39.0,40.0,32.666666666666664,5.686240703077328,1,3,35.470463,4,60,35.470463,0.0,84.92739562988275,24.529537200927734,24.529537200927734,XGBoost,4
2025-05-01,Avastin,TER-05,26,144731.13,4,5650.4475,5,2,2025,3,0,47.0,46.0,27.0,46.333333333333336,0.5773502691898417,1,4,38.494396,4,26,38.494396,0.0,83.13378562927242,-12.494396209716797,12.494396209716797,XGBoost,4
2025-06-01,Avastin,TER-05,40,229312.2,2,5715.33,6,2,2025,6,0,26.0,46.0,42.0,39.66666666666666,11.846237095944584,1,4,37.58118,4,40,37.58118,0.0,90.99582748413081,2.4188194274902344,2.4188194274902344,XGBoost,4
2025-07-01,Avastin,TER-05,30,169535.4,1,5651.18,7,3,2025,1,0,40.0,47.0,49.0,37.66666666666666,10.692676621563638,1,4,32.47331,4,30,32.47331,0.0,83.82785949707029,-2.473308563232422,2.473308563232422,XGBoost,4
2025-08-01,Avastin,TER-05,25,146631.41,3,6024.053333333333,8,3,2025,4,0,30.0,26.0,46.0,32.0,7.211102550927994,1,4,27.584988,4,25,27.584988,0.0,84.93459243774413,-2.5849876403808594,2.5849876403808594,XGBoost,4
2025-09-01,Avastin,TER-05,30,174865.56,2,5918.6,9,3,2025,0,0,25.0,40.0,46.0,31.666666666666668,7.637626158259748,1,4,33.264423,4,30,33.264423,0.0,83.06302185058587,-3.264423370361328,3.264423370361328,XGBoost,4
2025-10-01,Avastin,TER-05,47,271757.76,1,5782.08,10,4,2025,2,0,30.0,30.0,47.0,28.33333333333333,2.8867513459481717,1,4,33.441406,4,47,33.441406,0.0,88.34163513183582,13.55859375,13.55859375,XGBoost,4
2025-11-01,Avastin,TER-05,32,176695.14,2,5855.07,11,4,2025,5,0,47.0,25.0,26.0,34.0,11.532562594670807,1,4,37.862988,4,32,37.862988,0.0,89.59148521423339,-5.862987518310547,5.862987518310547,XGBoost,4
2025-12-01,Avastin,TER-05,53,302943.76,1,5715.92,12,4,2025,0,0,32.0,30.0,40.0,36.333333333333336,9.291573243177584,1,4,36.22371,4,53,36.22371,0.0,85.92283935546875,16.776290893554688,16.776290893554688,XGBoost,4
2025-05-01,Avastin,TER-06,32,177999.84,2,5562.495,5,2,2025,3,0,37.0,42.0,24.0,38.66666666666666,2.886751345948136,1,5,33.9278,4,32,33.9278,0.0,85.66909217834471,-1.9277992248535156,1.9277992248535156,XGBoost,4
2025-06-01,Avastin,TER-06,25,148155.08000000002,4,5795.965,6,2,2025,6,0,32.0,37.0,43.0,35.333333333333336,2.886751345948136,1,5,32.64698,4,25,32.64698,0.0,80.8798934936523,-7.646980285644531,7.646980285644531,XGBoost,4
2025-07-01,Avastin,TER-06,21,133622.72,2,6401.59,7,3,2025,1,0,25.0,37.0,34.0,31.33333333333333,6.027713773341711,1,5,23.770737,4,21,23.770737,0.0,75.64176025390624,-2.7707366943359375,2.7707366943359375,XGBoost,4
2025-08-01,Avastin,TER-06,28,163730.51,4,5759.945,8,3,2025,4,0,21.0,32.0,42.0,26.0,5.567764362830025,1,5,25.533415,4,28,25.533415,0.0,75.27258033752437,2.466585159301758,2.466585159301758,XGBoost,4
2025-09-01,Avastin,TER-06,20,119866.13,4,5906.7325,9,3,2025,0,0,28.0,25.0,37.0,24.666666666666668,3.5118845842842505,1,5,26.645235,4,20,26.645235,0.0,80.68082427978511,-6.645235061645508,6.645235061645508,XGBoost,4
2025-10-01,Avastin,TER-06,36,206488.08,4,5759.2025,10,4,2025,2,0,20.0,21.0,37.0,23.0,4.358898943540677,1,5,27.524982,4,36,27.524982,0.0,86.00228958129881,8.475017547607422,8.475017547607422,XGBoost,4
2025-11-01,Avastin,TER-06,34,193381.28,4,5662.0925,11,4,2025,5,0,36.0,28.0,32.0,28.0,8.000000000000002,1,5,32.051617,4,34,32.051617,0.0,82.61399497985836,1.9483833312988281,1.9483833312988281,XGBoost,4
2025-12-01,Avastin,TER-06,43,254121.83,1,5909.81,12,4,2025,0,0,34.0,20.0,25.0,30.0,8.717797887081348,1,5,31.986315,4,43,31.986315,0.0,82.09880790710447,11.01368522644043,11.01368522644043,XGBoost,4
2025-05-01,Avastin,TER-07,30,177925.26,2,5891.81,5,2,2025,3,0,40.0,31.0,33.0,37.0,5.196152422706633,1,6,30.894066,4,30,30.894066,0.0,91.0448860168457,-0.8940658569335938,0.8940658569335938,XGBoost,4
2025-06-01,Avastin,TER-07,44,249956.85,2,5582.955,6,2,2025,6,0,30.0,40.0,40.0,36.66666666666666,5.773502691896258,1,6,35.55582,4,44,35.55582,0.0,89.9408576965332,8.44417953491211,8.44417953491211,XGBoost,4
2025-07-01,Avastin,TER-07,29,169262.85,1,5836.65,7,3,2025,1,0,44.0,40.0,41.0,38.0,7.211102550927978,1,6,30.110466,4,29,30.110466,0.0,81.05465393066403,-1.1104660034179688,1.1104660034179688,XGBoost,4
2025-08-01,Avastin,TER-07,22,127565.46,1,5798.43,8,3,2025,4,0,29.0,30.0,31.0,34.333333333333336,8.386497083606084,1,6,30.434803,4,22,30.434803,0.0,88.42729682922364,-8.434803009033203,8.434803009033203,XGBoost,4
2025-09-01,Avastin,TER-07,21,125285.68,4,6026.1925,9,3,2025,0,0,22.0,44.0,40.0,31.666666666666668,11.239810200058244,1,6,29.480846,4,21,29.480846,0.0,85.1404953002929,-8.480846405029297,8.480846405029297,XGBoost,4
2025-10-01,Avastin,TER-07,23,137931.63999999998,2,5559.045,10,4,2025,2,0,21.0,29.0,40.0,24.0,4.358898943540675,1,6,28.52335,4,23,28.52335,0.0,80.16543388366699,-5.523349761962891,5.523349761962891,XGBoost,4
2025-11-01,Avastin,TER-07,25,149988.63,3,5967.266666666666,11,4,2025,5,0,23.0,22.0,30.0,22.0,1.000000000000007,1,6,26.153751,4,25,26.153751,0.0,74.45668983459471,-1.1537513732910156,1.1537513732910156,XGBoost,4
2025-12-01,Avastin,TER-07,29,165076.51,4,5777.575,12,4,2025,0,0,25.0,21.0,44.0,23.0,2.000000000000004,1,6,30.207855,4,29,30.207855,0.0,80.99512290954588,-1.207855224609375,1.207855224609375,XGBoost,4
2025-05-01,Avastin,TER-08,35,216369.3,1,6181.98,5,2,2025,3,0,36.0,22.0,26.0,28.666666666666668,7.0237691685684895,1,7,30.93456,4,35,30.93456,0.0,86.32733116149893,4.065439224243164,4.065439224243164,XGBoost,4
2025-06-01,Avastin,TER-08,40,245462.11,4,5883.6275,6,2,2025,6,0,35.0,28.0,21.0,33.0,4.358898943540668,1,7,31.653933,4,40,31.653933,0.0,84.71938781738277,8.346067428588867,8.346067428588867,XGBoost,4
2025-07-01,Avastin,TER-08,27,155750.01,4,5750.0650000000005,7,3,2025,1,0,40.0,36.0,35.0,37.0,2.6457513110645814,1,7,26.885305,4,27,26.885305,0.0,80.8922164916992,0.11469459533691406,0.11469459533691406,XGBoost,4
2025-08-01,Avastin,TER-08,18,103879.44,1,5771.08,8,3,2025,4,0,27.0,35.0,22.0,34.0,6.557438524301997,1,7,32.237675,4,18,32.237675,0.0,90.73291206359859,-14.237674713134766,14.237674713134766,XGBoost,4
2025-09-01,Avastin,TER-08,41,234459.37,3,5942.806666666666,9,3,2025,0,0,18.0,40.0,28.0,28.33333333333333,11.060440015358036,1,7,32.179474,4,41,32.179474,0.0,86.18812751770018,8.820526123046875,8.820526123046875,XGBoost,4
2025-10-01,Avastin,TER-08,31,176989.85,1,5709.35,10,4,2025,2,0,41.0,27.0,36.0,28.666666666666668,11.59022576714247,1,7,35.59388,4,31,35.59388,0.0,97.04936714172362,-4.593879699707031,4.593879699707031,XGBoost,4
2025-11-01,Avastin,TER-08,42,231138.19,3,5618.706666666666,11,4,2025,5,0,31.0,18.0,35.0,30.0,11.532562594670791,1,7,34.636383,4,42,34.636383,0.0,88.22735157012936,7.363616943359375,7.363616943359375,XGBoost,4
2025-12-01,Avastin,TER-08,39,217211.99,3,5663.393333333333,12,4,2025,0,0,42.0,41.0,40.0,38.0,6.082762530298213,1,7,31.333195,4,39,31.333195,0.0,83.2924690246582,7.666805267333984,7.666805267333984,XGBoost,4
2025-05-01,Avastin,TER-09,39,207255.16,2,5397.495,5,2,2025,3,0,30.0,38.0,41.0,34.666666666666664,4.163331998932268,1,8,29.958542,4,39,29.958542,0.0,80.48741378784179,9.041458129882812,9.041458129882812,XGBoost,4
2025-06-01,Avastin,TER-09,29,157720.58,2,5492.56,6,2,2025,6,0,39.0,36.0,38.0,35.0,4.5825756949558425,1,8,33.26644,4,29,33.26644,0.0,89.29531116485589,-4.266441345214844,4.266441345214844,XGBoost,4
2025-07-01,Avastin,TER-09,33,191021.63,4,5738.25,7,3,2025,1,0,29.0,30.0,45.0,32.666666666666664,5.507570547286111,1,8,24.925535,4,33,24.925535,0.0,78.91549377441406,8.074464797973633,8.074464797973633,XGBoost,4
2025-08-01,Avastin,TER-09,25,158547.96,3,6284.113333333334,8,3,2025,4,0,33.0,39.0,38.0,33.666666666666664,5.0332229568471725,1,8,26.41081,4,25,26.41081,0.0,85.74140319824218,-1.4108104705810547,1.4108104705810547,XGBoost,4
2025-09-01,Avastin,TER-09,46,270087.62,1,5871.47,9,3,2025,0,0,25.0,29.0,36.0,29.0,4.000000000000028,1,8,31.422419,4,46,31.422419,0.0,88.23378028869625,14.577581405639648,14.577581405639648,XGBoost,4
2025-10-01,Avastin,TER-09,45,263148.86,4,5984.1225,10,4,2025,2,0,46.0,33.0,30.0,34.666666666666664,10.5987420637231,1,8,32.93895,4,45,32.93895,0.0,80.22440986633299,12.061050415039062,12.061050415039062,XGBoost,4
2025-11-01,Avastin,TER-09,26,148200.0,3,5650.766666666666,11,4,2025,5,0,45.0,25.0,39.0,38.66666666666666,11.84623709594457,1,8,35.70631,4,26,35.70631,0.0,93.93455352783195,-9.706310272216797,9.706310272216797,XGBoost,4
2025-12-01,Avastin,TER-09,31,177720.63,3,5734.813333333334,12,4,2025,0,0,26.0,46.0,29.0,39.0,11.26942766958464,1,8,31.207838,4,31,31.207838,0.0,82.13141746520995,-0.2078380584716797,0.2078380584716797,XGBoost,4
2025-05-01,Avastin,TER-10,24,139031.75,2,5749.505,5,2,2025,3,0,23.0,32.0,37.0,37.0,17.05872210923198,1,9,31.397121,4,24,31.397121,0.0,82.35046234130856,-7.397121429443359,7.397121429443359,XGBoost,4
2025-06-01,Avastin,TER-10,36,205289.06,4,5823.0625,6,2,2025,6,0,24.0,56.0,49.0,34.333333333333336,18.77054430040145,1,9,33.51087,4,36,33.51087,0.0,87.93218441009519,2.4891281127929688,2.4891281127929688,XGBoost,4
2025-07-01,Avastin,TER-10,35,203341.25,1,5809.75,7,3,2025,1,0,36.0,23.0,29.0,27.666666666666668,7.2341781380702335,1,9,27.59525,4,35,27.59525,0.0,75.38865337371818,7.404750823974609,7.404750823974609,XGBoost,4
2025-08-01,Avastin,TER-10,25,134949.05,2,5396.425,8,3,2025,4,0,35.0,24.0,32.0,31.666666666666668,6.658328118479391,1,9,28.152468,4,25,28.152468,0.0,81.65336494445796,-3.152467727661133,3.152467727661133,XGBoost,4
2025-09-01,Avastin,TER-10,30,183188.13,2,6095.165,9,3,2025,0,0,25.0,36.0,56.0,32.0,6.082762530298217,1,9,30.942308,4,30,30.942308,0.0,82.82386322021485,-0.9423084259033203,0.9423084259033203,XGBoost,4
2025-10-01,Avastin,TER-10,35,212613.29,4,6009.8375,10,4,2025,2,0,30.0,35.0,23.0,30.0,4.9999999999999964,1,9,34.254803,4,35,34.254803,0.0,82.53826408386222,0.7451972961425781,0.7451972961425781,XGBoost,4
2025-11-01,Avastin,TER-10,26,143710.53999999998,3,5589.823333333334,11,4,2025,5,0,35.0,25.0,24.0,30.0,4.9999999999999964,1,9,35.231804,4,26,35.231804,0.0,89.6516382217407,-9.231803894042969,9.231803894042969,XGBoost,4
2025-12-01,Avastin,TER-10,51,319404.84,1,6262.84,12,4,2025,0,0,26.0,30.0,36.0,30.33333333333333,4.50924975282289,1,9,33.892246,4,51,33.892246,0.0,85.34166641235349,17.10775375366211,17.10775375366211,XGBoost,4
2025-05-01,Avastin,TER-11,34,204812.78,3,6244.0,5,2,2025,3,0,44.0,33.0,27.0,36.0,7.0,1,10,32.631104,4,34,32.631104,0.0,87.13858642578124,1.368896484375,1.368896484375,XGBoost,4
2025-06-01,Avastin,TER-11,26,149422.9,4,5812.595,6,2,2025,6,0,34.0,31.0,46.0,36.333333333333336,6.8068592855540455,1,10,35.693085,4,26,35.693085,0.0,98.1899673461914,-9.693084716796875,9.693084716796875,XGBoost,4
2025-07-01,Avastin,TER-11,29,156335.33,3,5701.6466666666665,7,3,2025,1,0,26.0,44.0,29.0,34.666666666666664,9.018499505645789,1,10,24.71,4,29,24.71,0.0,77.14385223388672,4.290000915527344,4.290000915527344,XGBoost,4
2025-08-01,Avastin,TER-11,29,177674.88,1,6126.72,8,3,2025,4,0,29.0,34.0,33.0,29.666666666666668,4.0414518843273735,1,10,30.022255,4,29,30.022255,0.0,88.49956207275389,-1.0222549438476562,1.0222549438476562,XGBoost,4
2025-09-01,Avastin,TER-11,39,224647.59,2,5754.615,9,3,2025,0,0,29.0,26.0,31.0,28.0,1.7320508075688577,1,10,30.257189,4,39,30.257189,0.0,75.49157295227039,8.74281120300293,8.74281120300293,XGBoost,4
2025-10-01,Avastin,TER-11,30,169360.04,4,5722.485,10,4,2025,2,0,39.0,29.0,44.0,32.333333333333336,5.773502691896256,1,10,33.319218,4,30,33.319218,0.0,87.3065299987793,-3.3192176818847656,3.3192176818847656,XGBoost,4
2025-11-01,Avastin,TER-11,32,194104.32,4,5968.045,11,4,2025,5,0,30.0,29.0,34.0,32.666666666666664,5.507570547286102,1,10,33.147675,4,32,33.147675,0.0,90.17609176635742,-1.147674560546875,1.147674560546875,XGBoost,4
2025-12-01,Avastin,TER-11,44,267222.65,4,5847.66,12,4,2025,0,0,32.0,39.0,26.0,33.666666666666664,4.725815626252609,1,10,34.00522,4,44,34.00522,0.0,82.34498367309565,9.994781494140625,9.994781494140625,XGBoost,4
2025-05-01,Avastin,TER-12,20,113001.82,3,5680.3,5,2,2025,3,0,19.0,22.0,19.0,27.0,11.357816691600547,1,11,25.486547,4,20,25.486547,0.0,77.2076629638672,-5.486547470092773,5.486547470092773,XGBoost,4
2025-06-01,Avastin,TER-12,25,134159.77,2,5425.17,6,2,2025,6,0,20.0,40.0,28.0,26.33333333333333,11.846237095944574,1,11,30.33902,4,25,30.33902,0.0,78.2125244140625,-5.339019775390625,5.339019775390625,XGBoost,4
2025-07-01,Avastin,TER-12,23,130039.52,3,5790.98,7,3,2025,1,0,25.0,19.0,21.0,21.33333333333333,3.2145502536643145,1,11,23.375494,4,23,23.375494,0.0,75.26789665222167,-0.37549400329589844,0.37549400329589844,XGBoost,4
2025-08-01,Avastin,TER-12,23,127703.91,3,5721.286666666667,8,3,2025,4,0,23.0,20.0,22.0,22.666666666666668,2.5166114784235782,1,11,24.236694,4,23,24.236694,0.0,76.12917327880857,-1.2366943359375,1.2366943359375,XGBoost,4
2025-09-01,Avastin,TER-12,28,159601.49,4,5944.7025,9,3,2025,0,0,23.0,25.0,40.0,23.666666666666668,1.15470053837924,1,11,25.95661,4,28,25.95661,0.0,78.513024520874,2.0433902740478516,2.0433902740478516,XGBoost,4
2025-10-01,Avastin,TER-12,28,151703.6,4,5460.935,10,4,2025,2,0,28.0,23.0,19.0,24.666666666666668,2.886751345948124,1,11,27.781187,4,28,27.781187,0.0,81.73929023742676,0.2188129425048828,0.2188129425048828,XGBoost,4
2025-11-01,Avastin,TER-12,32,178899.81,4,5622.1075,11,4,2025,5,0,28.0,23.0,20.0,26.33333333333333,2.886751345948124,1,11,30.378119,4,32,30.378119,0.0,74.34005012512206,1.6218814849853516,1.6218814849853516,XGBoost,4
2025-12-01,Avastin,TER-12,45,272111.45,2,5887.395,12,4,2025,0,0,32.0,28.0,25.0,29.33333333333333,2.309401076758498,1,11,30.45059,4,45,30.45059,0.0,89.96365470886231,14.549409866333008,14.549409866333008,XGBoost,4
2025-05-01,Avastin,TER-13,22,127480.42,2,5703.82,5,2,2025,3,0,26.0,30.0,31.0,27.33333333333333,2.309401076758479,1,12,25.398254,4,22,25.398254,0.0,79.39724349975585,-3.39825439453125,3.39825439453125,XGBoost,4
2025-06-01,Avastin,TER-13,43,253765.68,3,6006.453333333334,6,2,2025,6,0,22.0,26.0,30.0,24.666666666666668,2.3094010767584634,1,12,26.253347,4,43,26.253347,0.0,78.11972618103027,16.746652603149414,16.746652603149414,XGBoost,4
2025-07-01,Avastin,TER-13,25,148141.75,1,5925.67,7,3,2025,1,0,43.0,26.0,39.0,30.33333333333333,11.150485789118486,1,12,25.846806,4,25,25.846806,0.0,78.64201736450195,-0.8468055725097656,0.8468055725097656,XGBoost,4
2025-08-01,Avastin,TER-13,34,203533.08,2,5921.48,8,3,2025,4,0,25.0,22.0,30.0,30.0,11.357816691600544,1,12,25.152132,4,34,25.152132,0.0,77.3283634185791,8.847867965698242,8.847867965698242,XGBoost,4
2025-09-01,Avastin,TER-13,39,225346.66,2,5950.345,9,3,2025,0,0,34.0,43.0,26.0,34.0,9.000000000000004,1,12,29.285378,4,39,29.285378,0.0,88.35192108154297,9.714622497558594,9.714622497558594,XGBoost,4
2025-10-01,Avastin,TER-13,39,223661.1,1,5734.9,10,4,2025,2,0,39.0,25.0,26.0,32.666666666666664,7.09459888459759,1,12,33.00492,4,39,33.00492,0.0,80.73796691894529,5.995079040527344,5.995079040527344,XGBoost,4
2025-11-01,Avastin,TER-13,33,184537.94,4,5785.5825,11,4,2025,5,0,39.0,34.0,22.0,37.333333333333336,2.8867513459481597,1,12,35.17734,4,33,35.17734,0.0,85.81767654418942,-2.1773414611816406,2.1773414611816406,XGBoost,4
2025-12-01,Avastin,TER-13,27,162062.5,4,6040.85,12,4,2025,0,0,33.0,39.0,43.0,37.0,3.4641016151377806,1,12,29.211857,4,27,29.211857,0.0,87.72742614746087,-2.2118568420410156,2.2118568420410156,XGBoost,4
2025-05-01,Avastin,TER-14,19,112841.57,1,5939.03,5,2,2025,3,0,36.0,31.0,28.0,32.333333333333336,3.214550253664316,1,13,26.74198,4,19,26.74198,0.0,77.9393196105957,-7.741979598999023,7.741979598999023,XGBoost,4
2025-06-01,Avastin,TER-14,35,194168.45,1,5547.67,6,2,2025,6,0,19.0,30.0,35.0,28.33333333333333,8.621678104251707,1,13,29.744635,4,35,29.744635,0.0,87.36369972229004,5.255365371704102,5.255365371704102,XGBoost,4
2025-07-01,Avastin,TER-14,27,172254.33,1,6379.79,7,3,2025,1,0,35.0,36.0,33.0,30.0,9.539392014169456,1,13,24.556976,4,27,24.556976,0.0,75.92352714538572,2.443023681640625,2.443023681640625,XGBoost,4
2025-08-01,Avastin,TER-14,18,106891.71,2,5827.935,8,3,2025,4,0,27.0,19.0,31.0,27.0,7.999999999999999,1,13,22.618488,4,18,22.618488,0.0,81.59265136718749,-4.618488311767578,4.618488311767578,XGBoost,4
2025-09-01,Avastin,TER-14,34,209433.66,2,6220.71,9,3,2025,0,0,18.0,35.0,30.0,26.666666666666668,8.504900548115382,1,13,25.975975,4,34,25.975975,0.0,78.34778594970703,8.024024963378906,8.024024963378906,XGBoost,4
2025-10-01,Avastin,TER-14,36,198956.11,3,5748.5233333333335,10,4,2025,2,0,34.0,27.0,36.0,26.33333333333333,8.020806277010644,1,13,26.304827,4,36,26.304827,0.0,74.25446510314934,9.695173263549805,9.695173263549805,XGBoost,4
2025-11-01,Avastin,TER-14,27,158409.03,3,5710.433333333333,11,4,2025,5,0,36.0,18.0,19.0,29.33333333333333,9.865765724632496,1,13,29.489733,4,27,29.489733,0.0,87.4822265625,-2.4897327423095703,2.4897327423095703,XGBoost,4
2025-12-01,Avastin,TER-14,31,181402.08,1,5851.68,12,4,2025,0,0,27.0,34.0,35.0,32.333333333333336,4.725815626252612,1,13,30.788935,4,31,30.788935,1.406173324584962,83.6682823181152,0.21106529235839844,0.21106529235839844,XGBoost,4
2025-05-01,Avastin,TER-15,27,168821.82,1,6252.66,5,2,2025,3,0,25.0,34.0,20.0,28.33333333333333,4.932882862316248,1,14,27.587582,4,27,27.587582,0.0,79.95939254760742,-0.5875816345214844,0.5875816345214844,XGBoost,4
2025-06-01,Avastin,TER-15,33,199367.99,4,6045.135,6,2,2025,6,0,27.0,26.0,22.0,26.0,1.0000000000000018,1,14,26.354372,4,33,26.354372,0.0,78.22653045654292,6.645627975463867,6.645627975463867,XGBoost,4
2025-07-01,Avastin,TER-15,17,93538.58,3,5551.026666666668,7,3,2025,1,0,33.0,25.0,28.0,28.33333333333333,4.163331998932266,1,14,22.78757,4,17,22.78757,0.0,76.34896430969238,-5.787570953369141,5.787570953369141,XGBoost,4
2025-08-01,Avastin,TER-15,23,130234.28,4,5694.995,8,3,2025,4,0,17.0,27.0,34.0,25.666666666666668,8.082903768654763,1,14,22.565517,4,23,22.565517,0.0,77.79844970703125,0.4344825744628906,0.4344825744628906,XGBoost,4
2025-09-01,Avastin,TER-15,37,206461.64,2,5518.97,9,3,2025,0,0,23.0,33.0,26.0,24.33333333333333,8.082903768654763,1,14,27.76414,4,37,27.76414,0.0,73.73591041564939,9.235860824584961,9.235860824584961,XGBoost,4
2025-10-01,Avastin,TER-15,24,142654.26,4,5779.5725,10,4,2025,2,0,37.0,17.0,25.0,25.666666666666668,10.263202878893768,1,14,29.473225,4,24,29.473225,0.0,80.03116073608395,-5.473224639892578,5.473224639892578,XGBoost,4
2025-11-01,Avastin,TER-15,24,137233.3,2,5720.3,11,4,2025,5,0,24.0,23.0,27.0,28.0,7.810249675906654,1,14,29.131166,4,24,29.131166,0.0,80.95688438415527,-5.131166458129883,5.131166458129883,XGBoost,4
2025-12-01,Avastin,TER-15,31,174634.63,4,5678.965,12,4,2025,0,0,24.0,37.0,33.0,28.33333333333333,7.505553499465135,1,14,27.945253,4,31,27.945253,0.0,85.62177276611325,3.054746627807617,3.054746627807617,XGBoost,4
2025-05-01,Avastin,TER-16,39,228190.99,4,6001.45,5,2,2025,3,0,28.0,26.0,37.0,26.33333333333333,1.5275252316519097,1,15,24.598366,4,39,24.598366,0.0,74.02586174011228,14.401634216308594,14.401634216308594,XGBoost,4
2025-06-01,Avastin,TER-16,39,217285.67,3,5605.696666666667,6,2,2025,6,0,39.0,25.0,35.0,30.666666666666668,7.37111479583199,1,15,29.584007,4,39,29.584007,0.0,77.90700492858883,9.415992736816406,9.415992736816406,XGBoost,4
2025-07-01,Avastin,TER-16,18,100216.94,3,5713.153333333333,7,3,2025,1,0,39.0,28.0,26.0,35.333333333333336,6.350852961085885,1,15,22.947332,4,18,22.947332,0.0,76.97319793701169,-4.947332382202148,4.947332382202148,XGBoost,4
2025-08-01,Avastin,TER-16,17,98383.76,4,5575.445,8,3,2025,4,0,18.0,39.0,26.0,32.0,12.12435565298214,1,15,25.665966,4,17,25.665966,0.0,78.22466888427732,-8.665966033935547,8.665966033935547,XGBoost,4
2025-09-01,Avastin,TER-16,36,218281.23,2,5919.685,9,3,2025,0,0,17.0,39.0,25.0,24.666666666666668,12.423096769056144,1,15,28.59086,4,36,28.59086,0.0,81.44830169677729,7.409139633178711,7.409139633178711,XGBoost,4
2025-10-01,Avastin,TER-16,22,126416.66,3,5865.423333333333,10,4,2025,2,0,36.0,18.0,28.0,23.666666666666668,10.69267662156362,1,15,27.175865,4,22,27.175865,0.0,77.99289436340327,-5.175865173339844,5.175865173339844,XGBoost,4
2025-11-01,Avastin,TER-16,37,229748.62,4,6115.545,11,4,2025,5,0,22.0,17.0,39.0,25.0,9.8488578017961,1,15,27.553724,4,37,27.553724,0.0,86.63101081848144,9.44627571105957,9.44627571105957,XGBoost,4
2025-12-01,Avastin,TER-16,33,202871.67,2,6046.12,12,4,2025,0,0,37.0,36.0,39.0,31.666666666666668,8.386497083606082,1,15,30.516447,4,33,30.516447,0.0,82.9503002166748,2.483552932739258,2.483552932739258,XGBoost,4
2025-05-01,Avastin,TER-17,30,176956.08000000002,4,5907.6325,5,2,2025,3,0,28.0,25.0,28.0,28.0,2.999999999999998,1,16,24.460474,4,30,24.460474,0.0,77.46206893920896,5.539525985717773,5.539525985717773,XGBoost,4
2025-06-01,Avastin,TER-17,25,145573.0,1,5822.92,6,2,2025,6,0,30.0,31.0,24.0,29.666666666666668,1.527525231651942,1,16,28.793537,4,25,28.793537,0.0,78.51757469177245,-3.793537139892578,3.793537139892578,XGBoost,4
2025-07-01,Avastin,TER-17,14,77281.68,1,5520.12,7,3,2025,1,0,25.0,28.0,24.0,27.666666666666668,2.516611478423581,1,16,22.319101,4,14,22.319101,0.0,72.8928958892822,-8.319101333618164,8.319101333618164,XGBoost,4
2025-08-01,Avastin,TER-17,21,123751.68,4,5733.7025,8,3,2025,4,0,14.0,30.0,25.0,23.0,8.185352771872449,1,16,23.202007,4,21,23.202007,0.0,72.11375656127917,-2.202007293701172,2.202007293701172,XGBoost,4
2025-09-01,Avastin,TER-17,34,194446.64,4,5756.04,9,3,2025,0,0,21.0,25.0,31.0,20.0,5.567764362830021,1,16,22.868078,4,34,22.868078,0.0,78.87579021453853,11.131921768188477,11.131921768188477,XGBoost,4
2025-10-01,Avastin,TER-17,27,149150.49,2,5517.775,10,4,2025,2,0,34.0,14.0,28.0,23.0,10.14889156509222,1,16,25.673237,4,27,25.673237,0.0,78.04587631225586,1.3267631530761719,1.3267631530761719,XGBoost,4
2025-11-01,Avastin,TER-17,34,186692.62,3,5657.03,11,4,2025,5,0,27.0,21.0,30.0,27.33333333333333,6.506407098647711,1,16,26.755987,4,34,26.755987,0.0,75.42161712646484,7.244012832641602,7.244012832641602,XGBoost,4
2025-12-01,Avastin,TER-17,35,210288.72,3,6009.323333333334,12,4,2025,0,0,34.0,34.0,25.0,31.666666666666668,4.04145188432738,1,16,28.928862,4,35,28.928862,0.0,85.97998466491697,6.071138381958008,6.071138381958008,XGBoost,4
2025-05-01,Avastin,TER-18,30,179335.16,3,5952.34,5,2,2025,3,0,27.0,37.0,29.0,36.0,8.544003745317529,1,17,27.832842,4,30,27.832842,0.0,78.37757225036621,2.1671581268310547,2.1671581268310547,XGBoost,4
2025-06-01,Avastin,TER-18,33,186556.92,3,5802.2,6,2,2025,6,0,30.0,44.0,23.0,33.666666666666664,9.073771725877464,1,17,28.217031,4,33,28.217031,0.0,85.90981101989746,4.782968521118164,4.782968521118164,XGBoost,4
2025-07-01,Avastin,TER-18,28,165561.75999999998,2,5757.639999999999,7,3,2025,1,0,33.0,27.0,19.0,30.0,2.999999999999986,1,17,22.014574,4,28,22.014574,0.0,74.46980628967277,5.98542594909668,5.98542594909668,XGBoost,4
2025-08-01,Avastin,TER-18,21,127774.14,3,6054.146666666667,8,3,2025,4,0,28.0,30.0,37.0,30.33333333333333,2.5166114784235667,1,17,23.674816,4,21,23.674816,0.0,73.82570190429684,-2.674816131591797,2.674816131591797,XGBoost,4
2025-09-01,Avastin,TER-18,29,159339.02000000002,3,5518.53,9,3,2025,0,0,21.0,33.0,44.0,27.33333333333333,6.027713773341698,1,17,27.022635,4,29,27.022635,0.0,81.44666156768795,1.977365493774414,1.977365493774414,XGBoost,4
2025-10-01,Avastin,TER-18,20,123084.38,3,5905.18,10,4,2025,2,0,29.0,28.0,27.0,26.0,4.358898943540656,1,17,26.215195,4,20,26.215195,0.0,77.94955024719238,-6.2151947021484375,6.2151947021484375,XGBoost,4
2025-11-01,Avastin,TER-18,20,114594.03,4,5588.7325,11,4,2025,5,0,20.0,21.0,30.0,23.33333333333333,4.932882862316228,1,17,26.50298,4,20,26.50298,0.0,78.29494819641107,-6.502979278564453,6.502979278564453,XGBoost,4
2025-12-01,Avastin,TER-18,25,148742.51,2,5839.435,12,4,2025,0,0,20.0,29.0,33.0,23.0,5.196152422706613,1,17,24.640104,4,25,24.640104,0.0,82.06008453369138,0.3598957061767578,0.3598957061767578,XGBoost,4
2025-05-01,Avastin,TER-19,30,174883.91999999998,4,5881.07,5,2,2025,3,0,31.0,33.0,24.0,33.0,1.9999999999999964,1,18,26.154072,4,30,26.154072,0.0,84.19130249023434,3.845928192138672,3.845928192138672,XGBoost,4
2025-06-01,Avastin,TER-19,22,132526.3,2,5892.45,6,2,2025,6,0,30.0,35.0,28.0,32.0,2.645751311064588,1,18,28.367617,4,22,28.367617,0.0,87.66269874572754,-6.367616653442383,6.367616653442383,XGBoost,4
2025-07-01,Avastin,TER-19,20,117726.06,2,5839.424999999999,7,3,2025,1,0,22.0,31.0,23.0,27.666666666666668,4.932882862316246,1,18,22.420473,4,20,22.420473,0.0,77.74195270538327,-2.420473098754883,2.420473098754883,XGBoost,4
2025-08-01,Avastin,TER-19,22,131250.2,3,5936.776666666668,8,3,2025,4,0,20.0,30.0,33.0,24.0,5.2915026221291805,1,18,21.91005,4,22,21.91005,0.0,81.4990539550781,0.0899505615234375,0.0899505615234375,XGBoost,4
2025-09-01,Avastin,TER-19,20,121212.62,2,6093.165,9,3,2025,0,0,22.0,22.0,35.0,21.33333333333333,1.1547005383792488,1,18,22.336348,4,20,22.336348,0.0,73.29253540039058,-2.3363475799560547,2.3363475799560547,XGBoost,4
2025-10-01,Avastin,TER-19,24,148262.4,1,6177.6,10,4,2025,2,0,20.0,20.0,31.0,20.666666666666668,1.1547005383792488,1,18,23.824587,4,24,23.824587,0.0,75.01881675720215,0.1754131317138672,0.1754131317138672,XGBoost,4
2025-11-01,Avastin,TER-19,18,109064.0,2,6046.85,11,4,2025,5,0,24.0,22.0,30.0,22.0,1.9999999999999984,1,18,24.646101,4,18,24.646101,0.0,76.32331848144527,-6.646100997924805,6.646100997924805,XGBoost,4
2025-12-01,Avastin,TER-19,22,125802.4,3,5633.150000000001,12,4,2025,0,0,18.0,20.0,22.0,20.666666666666668,3.0550504633038926,1,18,24.561764,4,22,24.561764,0.0,82.15717697143555,-2.5617637634277344,2.5617637634277344,XGBoost,4
2025-05-01,Avastin,TER-20,21,111242.04,3,5559.78,5,2,2025,3,0,19.0,24.0,31.0,28.0,11.532562594670797,1,19,23.712135,4,21,23.712135,0.0,71.49397392272942,-2.7121353149414062,2.7121353149414062,XGBoost,4
2025-06-01,Avastin,TER-20,38,233028.16,1,6132.32,6,2,2025,6,0,21.0,41.0,31.0,27.0,12.16552506059644,1,19,28.71474,4,38,28.71474,0.0,78.76235618591306,9.285259246826172,9.285259246826172,XGBoost,4
2025-07-01,Avastin,TER-20,20,117135.19,3,5834.883333333334,7,3,2025,1,0,38.0,19.0,37.0,26.0,10.44030650891055,1,19,20.427145,4,20,20.427145,0.0,71.34908638000486,-0.42714500427246094,0.42714500427246094,XGBoost,4
2025-08-01,Avastin,TER-20,12,65005.32,2,5581.275,8,3,2025,4,0,20.0,21.0,24.0,26.33333333333333,10.11599393699568,1,19,23.008017,4,12,23.008017,0.0,72.87035751342772,-11.008016586303711,11.008016586303711,XGBoost,4
2025-09-01,Avastin,TER-20,22,124959.24,3,5707.686666666667,9,3,2025,0,0,12.0,38.0,41.0,23.33333333333333,13.316656236958789,1,19,26.57552,4,22,26.57552,0.0,79.02614212036131,-4.575519561767578,4.575519561767578,XGBoost,4
2025-10-01,Avastin,TER-20,27,148368.99,4,5694.8475,10,4,2025,2,0,22.0,20.0,19.0,18.0,5.291502622129184,1,19,24.795464,4,27,24.795464,0.0,77.22795104980469,2.2045364379882812,2.2045364379882812,XGBoost,4
2025-11-01,Avastin,TER-20,21,123538.24,3,5700.503333333334,11,4,2025,5,0,27.0,12.0,21.0,20.33333333333333,7.637626158259736,1,19,25.677145,4,21,25.677145,0.0,77.71118888854974,-4.677145004272461,4.677145004272461,XGBoost,4
2025-12-01,Avastin,TER-20,23,127692.54,4,5485.2275,12,4,2025,0,0,21.0,22.0,38.0,23.33333333333333,3.2145502536643247,1,19,24.439898,4,23,24.439898,0.0,70.72879295349118,-1.4398975372314453,1.4398975372314453,XGBoost,4
2025-05-01,Copaxone,TER-01,96,116657.5,4,1243.8025,5,2,2025,3,0,84.0,71.0,69.0,98.0,36.09709129556009,2,0,86.48564,4,96,86.48564,46.646200561523436,137.0380199432373,9.514358520507812,9.514358520507812,XGBoost,4
2025-06-01,Copaxone,TER-01,126,153403.56,2,1229.54,6,2,2025,6,0,96.0,139.0,121.0,106.33333333333331,28.919428302325294,2,0,131.04149,4,126,131.04149,85.25972213745118,188.67388992309566,-5.0414886474609375,5.0414886474609375,XGBoost,4
2025-07-01,Copaxone,TER-01,72,88758.47,4,1239.2275,7,3,2025,1,0,126.0,84.0,117.0,102.0,21.63330765278393,2,0,87.50165,4,72,87.50165,49.58383255004883,137.5754035949707,-15.50164794921875,15.50164794921875,XGBoost,4
2025-08-01,Copaxone,TER-01,64,77626.56,2,1213.13,8,3,2025,4,0,72.0,96.0,71.0,98.0,27.05549851693736,2,0,85.55648,4,64,85.55648,47.04647254943848,135.58342170715332,-21.556480407714844,21.556480407714844,XGBoost,4
2025-09-01,Copaxone,TER-01,77,89591.57,3,1167.2766666666666,9,3,2025,0,0,64.0,126.0,139.0,87.33333333333333,33.7243729865113,2,0,88.22524,4,77,88.22524,50.470526123046874,141.10538597106927,-11.225242614746094,11.225242614746094,XGBoost,4
2025-10-01,Copaxone,TER-01,121,144879.54,2,1224.8049999999998,10,4,2025,2,0,77.0,72.0,84.0,71.0,6.557438524301966,2,0,80.06168,4,121,80.06168,42.13430900573731,134.04372024536133,40.938316345214844,40.938316345214844,XGBoost,4
2025-11-01,Copaxone,TER-01,74,93225.96,4,1263.0325,11,4,2025,5,0,121.0,64.0,96.0,87.33333333333333,29.87194893764605,2,0,75.21331,4,74,75.21331,38.14842491149903,124.30279197692869,-1.2133102416992188,1.2133102416992188,XGBoost,4
2025-12-01,Copaxone,TER-01,106,124977.28,4,1173.5525,12,4,2025,0,0,74.0,77.0,126.0,90.66666666666669,26.312227829154512,2,0,99.354774,4,106,99.354774,60.39351043701172,148.12493286132812,6.645225524902344,6.645225524902344,XGBoost,4
2025-05-01,Copaxone,TER-02,114,137170.67,3,1191.9133333333332,5,2,2025,3,0,95.0,105.0,97.0,108.33333333333331,15.27525231651945,2,1,80.79219,4,114,80.79219,44.18294982910157,135.87507572174067,33.20780944824219,33.20780944824219,XGBoost,4
2025-06-01,Copaxone,TER-02,94,114384.77,2,1224.465,6,2,2025,6,0,114.0,125.0,109.0,111.33333333333331,15.176736583776266,2,1,124.53228,4,94,124.53228,90.92090301513672,176.26486816406248,-30.53227996826172,30.53227996826172,XGBoost,4
2025-07-01,Copaxone,TER-02,73,95449.61,4,1299.0825,7,3,2025,1,0,94.0,95.0,129.0,101.0,11.269427669584624,2,1,86.664444,4,73,86.664444,44.07793655395508,138.48512268066406,-13.664443969726562,13.664443969726562,XGBoost,4
2025-08-01,Copaxone,TER-02,64,77706.63,2,1157.715,8,3,2025,4,0,73.0,114.0,105.0,93.66666666666669,20.5020324195757,2,1,87.30809,4,64,87.30809,47.41001434326172,140.30497741699216,-23.308090209960938,23.308090209960938,XGBoost,4
2025-09-01,Copaxone,TER-02,81,103490.46,1,1277.66,9,3,2025,0,0,64.0,94.0,125.0,77.0,15.394804318340642,2,1,78.82478,4,81,78.82478,31.915950775146484,135.59487915039062,2.1752166748046875,2.1752166748046875,XGBoost,4
2025-10-01,Copaxone,TER-02,71,80831.9,2,1192.795,10,4,2025,2,0,81.0,73.0,95.0,72.66666666666667,8.50490054811536,2,1,74.3861,4,71,74.3861,37.713514709472655,127.18398361206054,-3.3861007690429688,3.3861007690429688,XGBoost,4
2025-11-01,Copaxone,TER-02,131,184360.23,1,1407.33,11,4,2025,5,0,71.0,64.0,114.0,72.0,8.544003745317509,2,1,82.98014,4,131,82.98014,44.16136512756348,130.72854042053217,48.019859313964844,48.019859313964844,XGBoost,4
2025-12-01,Copaxone,TER-02,124,166452.64,1,1342.36,12,4,2025,0,0,131.0,81.0,94.0,94.33333333333331,32.14550253664318,2,1,88.60912,4,124,88.60912,46.71662902832031,140.82518272399898,35.39087677001953,35.39087677001953,XGBoost,4
2025-05-01,Copaxone,TER-03,70,87232.84,2,1241.8200000000002,5,2,2025,3,0,68.0,98.0,69.0,80.33333333333333,15.695009822658063,2,2,82.554634,4,70,82.554634,49.038686752319336,139.95221405029295,-12.554634094238281,12.554634094238281,XGBoost,4
2025-06-01,Copaxone,TER-03,64,74250.04000000001,2,1158.07,6,2,2025,6,0,70.0,75.0,113.0,71.0,3.60555127546395,2,2,71.50617,4,64,71.50617,28.809791564941406,120.57856693267821,-7.506172180175781,7.506172180175781,XGBoost,4
2025-07-01,Copaxone,TER-03,84,102894.53,4,1206.815,7,3,2025,1,0,64.0,68.0,83.0,67.33333333333333,3.0550504633038447,2,2,66.505646,4,84,66.505646,21.40977325439453,115.32771530151363,17.494354248046875,17.494354248046875,XGBoost,4
2025-08-01,Copaxone,TER-03,82,93439.82,1,1139.51,8,3,2025,4,0,84.0,70.0,98.0,72.66666666666667,10.263202878893752,2,2,71.085915,4,82,71.085915,32.61430625915527,121.68611526489252,10.914085388183594,10.914085388183594,XGBoost,4
2025-09-01,Copaxone,TER-03,116,149733.43,2,1285.405,9,3,2025,0,0,82.0,64.0,75.0,76.66666666666667,11.015141094572186,2,2,73.282135,4,116,73.282135,31.294425964355472,127.78961791992187,42.717864990234375,42.717864990234375,XGBoost,4
2025-10-01,Copaxone,TER-03,105,128567.13,3,1245.1133333333337,10,4,2025,2,0,116.0,84.0,68.0,94.0,19.0787840283389,2,2,94.37621,4,105,94.37621,58.33816680908204,145.82349319458007,10.623786926269531,10.623786926269531,XGBoost,4
2025-11-01,Copaxone,TER-03,82,104544.26,1,1274.93,11,4,2025,5,0,105.0,82.0,70.0,101.0,17.34935157289746,2,2,96.37511,4,82,96.37511,65.03211975097656,150.869384765625,-14.375106811523438,14.375106811523438,XGBoost,4
2025-12-01,Copaxone,TER-03,92,110227.94,4,1209.78,12,4,2025,0,0,82.0,116.0,64.0,101.0,17.34935157289746,2,2,83.04447,4,92,83.04447,39.699424743652344,131.75602607727046,8.955528259277344,8.955528259277344,XGBoost,4
2025-05-01,Copaxone,TER-04,62,71235.49,2,1118.525,5,2,2025,3,0,62.0,65.0,81.0,69.33333333333333,10.2143689640297,2,3,68.915215,4,62,68.915215,26.47690200805664,128.19906768798828,-6.915214538574219,6.915214538574219,XGBoost,4
2025-06-01,Copaxone,TER-04,108,126043.56,1,1167.07,6,2,2025,6,0,62.0,81.0,68.0,68.33333333333333,10.969655114602883,2,3,75.11415,4,108,75.11415,36.52933235168457,134.2739776611328,32.88584899902344,32.88584899902344,XGBoost,4
2025-07-01,Copaxone,TER-04,58,70988.52,1,1223.94,7,3,2025,1,0,108.0,62.0,64.0,77.33333333333333,26.558112382722783,2,3,69.09381,4,58,69.09381,30.129441070556645,122.9019031524658,-11.09381103515625,11.09381103515625,XGBoost,4
2025-08-01,Copaxone,TER-04,79,105419.18,1,1334.42,8,3,2025,4,0,58.0,62.0,65.0,76.0,27.78488797889961,2,3,64.29784,4,79,64.29784,24.207156372070315,109.88391189575192,14.702163696289062,14.702163696289062,XGBoost,4
2025-09-01,Copaxone,TER-04,78,87637.76,4,1145.7125,9,3,2025,0,0,79.0,108.0,81.0,81.66666666666667,25.1064400768674,2,3,61.527184,4,78,61.527184,19.89034080505371,110.81396102905272,16.472816467285156,16.472816467285156,XGBoost,4
2025-10-01,Copaxone,TER-04,119,152746.02,1,1283.58,10,4,2025,2,0,78.0,58.0,62.0,71.66666666666667,11.846237095944582,2,3,67.60099,4,119,67.60099,29.31971473693848,109.34622535705564,51.399009704589844,51.399009704589844,XGBoost,4
2025-11-01,Copaxone,TER-04,61,70806.05,3,1180.3366666666668,11,4,2025,5,0,119.0,79.0,62.0,92.0,23.388031127053004,2,3,86.26503,4,61,86.26503,41.05725173950196,143.98026962280272,-25.265029907226562,25.265029907226562,XGBoost,4
2025-12-01,Copaxone,TER-04,95,109300.69,4,1198.405,12,4,2025,0,0,61.0,78.0,108.0,86.0,29.81610303175115,2,3,75.81431,4,95,75.81431,36.99901008605957,127.78443031311035,19.185691833496094,19.185691833496094,XGBoost,4
2025-05-01,Copaxone,TER-05,54,66950.01999999999,2,1175.47,5,2,2025,3,0,71.0,78.0,55.0,78.33333333333333,7.505553499465145,2,4,65.56458,4,54,65.56458,28.977942657470706,115.24383087158199,-11.564582824707031,11.564582824707031,XGBoost,4
2025-06-01,Copaxone,TER-05,106,117804.09,2,1104.865,6,2,2025,6,0,54.0,86.0,80.0,70.33333333333333,16.01041327803044,2,4,78.12375,4,106,78.12375,36.54860763549805,136.4248146057129,27.876251220703125,27.876251220703125,XGBoost,4
2025-07-01,Copaxone,TER-05,73,83316.78,3,1141.6233333333332,7,3,2025,1,0,106.0,71.0,84.0,77.0,26.514147167125707,2,4,65.532684,4,73,65.532684,19.548797607421875,109.54266738891596,7.467315673828125,7.467315673828125,XGBoost,4
2025-08-01,Copaxone,TER-05,78,94117.37,2,1210.545,8,3,2025,4,0,73.0,54.0,78.0,77.66666666666667,26.31222782915452,2,4,59.08156,4,78,59.08156,20.509588623046874,110.00483169555663,18.918441772460938,18.918441772460938,XGBoost,4
2025-09-01,Copaxone,TER-05,112,126692.16,1,1131.18,9,3,2025,0,0,78.0,106.0,86.0,85.66666666666667,17.785762095938804,2,4,78.07126,4,112,78.07126,38.139322662353514,126.87624111175535,33.928741455078125,33.928741455078125,XGBoost,4
2025-10-01,Copaxone,TER-05,56,67734.8,1,1209.55,10,4,2025,2,0,112.0,73.0,71.0,87.66666666666667,21.22105872319601,2,4,76.95558,4,56,76.95558,41.569366455078125,134.30264015197753,-20.955581665039062,20.955581665039062,XGBoost,4
2025-11-01,Copaxone,TER-05,88,102586.49,4,1166.545,11,4,2025,5,0,56.0,78.0,54.0,82.0,28.21347195933177,2,4,68.54904,4,88,68.54904,31.444973373413088,127.61932525634765,19.450958251953125,19.450958251953125,XGBoost,4
2025-12-01,Copaxone,TER-05,102,130177.33,3,1216.3433333333332,12,4,2025,0,0,88.0,112.0,106.0,85.33333333333333,28.09507667427397,2,4,80.22274,4,102,80.22274,37.578006744384766,135.21753578186033,21.777259826660156,21.777259826660156,XGBoost,4
2025-05-01,Copaxone,TER-06,55,65260.060000000005,4,1178.675,5,2,2025,3,0,50.0,67.0,82.0,64.33333333333333,13.203534880225575,2,5,62.46932,4,55,62.46932,27.857072448730474,114.95421218872066,-7.469318389892578,7.469318389892578,XGBoost,4
2025-06-01,Copaxone,TER-06,97,122733.13,1,1265.29,6,2,2025,6,0,55.0,76.0,68.0,60.333333333333336,13.796134724383265,2,5,66.48969,4,97,66.48969,27.643913269042972,118.32005538940429,30.51030731201172,30.51030731201172,XGBoost,4
2025-07-01,Copaxone,TER-06,71,84115.83,1,1184.73,7,3,2025,1,0,97.0,50.0,89.0,67.33333333333333,25.81343319539912,2,5,61.83009,4,71,61.83009,17.03255844116211,112.77843704223629,9.169910430908203,9.169910430908203,XGBoost,4
2025-08-01,Copaxone,TER-06,69,85896.70999999999,2,1249.8,8,3,2025,4,0,71.0,55.0,67.0,74.33333333333333,21.197484127446177,2,5,56.424767,4,69,56.424767,10.225422668457032,107.87883148193357,12.575233459472656,12.575233459472656,XGBoost,4
2025-09-01,Copaxone,TER-06,99,106177.5,1,1072.5,9,3,2025,0,0,69.0,97.0,76.0,79.0,15.620499351813278,2,5,71.700325,4,99,71.700325,25.172674560546877,125.07344856262206,27.29967498779297,27.29967498779297,XGBoost,4
2025-10-01,Copaxone,TER-06,57,66196.13,2,1148.785,10,4,2025,2,0,99.0,71.0,50.0,79.66666666666667,16.772994167212133,2,5,75.02011,4,57,75.02011,38.823267745971684,122.22556877136228,-18.020111083984375,18.020111083984375,XGBoost,4
2025-11-01,Copaxone,TER-06,73,89858.96,2,1228.27,11,4,2025,5,0,57.0,69.0,55.0,75.0,21.63330765278392,2,5,67.55078,4,73,67.55078,29.798812866210938,107.7725700378418,5.44921875,5.44921875,XGBoost,4
2025-12-01,Copaxone,TER-06,105,118506.87,3,1172.18,12,4,2025,0,0,73.0,99.0,97.0,76.33333333333333,21.19748412744617,2,5,71.29667,4,105,71.29667,37.66118125915528,126.35969963073728,33.703330993652344,33.703330993652344,XGBoost,4
2025-05-01,Copaxone,TER-07,89,103980.27,2,1160.025,5,2,2025,3,0,66.0,87.0,63.0,71.0,14.177446878757817,2,6,59.31237,4,89,59.31237,21.59442901611328,111.20477294921874,29.68762969970703,29.68762969970703,XGBoost,4
2025-06-01,Copaxone,TER-07,69,89633.58,3,1277.5466666666666,6,2,2025,6,0,89.0,60.0,88.0,71.66666666666667,15.307950004273367,2,6,68.14849,4,69,68.14849,33.77171325683594,122.93936996459958,0.8515090942382812,0.8515090942382812,XGBoost,4
2025-07-01,Copaxone,TER-07,52,67115.88,1,1290.69,7,3,2025,1,0,69.0,66.0,100.0,74.66666666666667,12.503332889007352,2,6,59.31124,4,52,59.31124,20.739271545410155,113.70948333740233,-7.311241149902344,7.311241149902344,XGBoost,4
2025-08-01,Copaxone,TER-07,55,63910.55,1,1162.01,8,3,2025,4,0,52.0,89.0,87.0,70.0,18.52025917745212,2,6,65.5756,4,55,65.5756,26.61433563232422,118.4308536529541,-10.575599670410156,10.575599670410156,XGBoost,4
2025-09-01,Copaxone,TER-07,52,65492.44,1,1259.47,9,3,2025,0,0,55.0,69.0,60.0,58.66666666666666,9.073771725877444,2,6,63.159027,4,52,63.159027,27.027708816528325,115.53394012451172,-11.159027099609375,11.159027099609375,XGBoost,4
2025-10-01,Copaxone,TER-07,68,82825.07,3,1219.99,10,4,2025,2,0,52.0,52.0,66.0,53.0,1.7320508075687542,2,6,69.52718,4,68,69.52718,26.827577972412108,121.24829902648926,-1.5271835327148438,1.5271835327148438,XGBoost,4
2025-11-01,Copaxone,TER-07,48,57373.53999999999,2,1197.01,11,4,2025,5,0,68.0,55.0,89.0,58.333333333333336,8.504900548115357,2,6,79.07659,4,48,79.07659,39.2321891784668,136.7682113647461,-31.07659149169922,31.07659149169922,XGBoost,4
2025-12-01,Copaxone,TER-07,67,80065.88,4,1199.8,12,4,2025,0,0,48.0,52.0,69.0,56.0,10.583005244258342,2,6,67.14211,4,67,67.14211,30.576203918457033,118.78873214721679,-0.14211273193359375,0.14211273193359375,XGBoost,4
2025-05-01,Copaxone,TER-08,79,85278.32,2,1075.61,5,2,2025,3,0,81.0,58.0,55.0,80.0,21.517434791350016,2,7,65.744095,4,79,65.744095,22.500394821166992,117.04327888488768,13.255905151367188,13.255905151367188,XGBoost,4
2025-06-01,Copaxone,TER-08,71,89402.02,2,1266.485,6,2,2025,6,0,79.0,101.0,70.0,87.0,12.165525060596442,2,7,70.60466,4,71,70.60466,29.332912445068363,122.9930419921875,0.3953399658203125,0.3953399658203125,XGBoost,4
2025-07-01,Copaxone,TER-08,43,53625.2,4,1220.0775,7,3,2025,1,0,71.0,81.0,88.0,77.0,5.291502622129187,2,7,65.16498,4,43,65.16498,23.605056762695312,117.07779846191401,-22.16497802734375,22.16497802734375,XGBoost,4
2025-08-01,Copaxone,TER-08,53,71144.02,1,1342.34,8,3,2025,4,0,43.0,79.0,58.0,64.33333333333333,18.90326250501043,2,7,63.341576,4,53,63.341576,16.078499603271485,118.40584144592283,-10.341575622558594,10.341575622558594,XGBoost,4
2025-09-01,Copaxone,TER-08,83,86169.01999999999,2,1095.775,9,3,2025,0,0,53.0,71.0,101.0,55.66666666666666,14.18919776919517,2,7,80.909744,4,83,80.909744,39.2660213470459,132.8044967651367,2.0902557373046875,2.0902557373046875,XGBoost,4
2025-10-01,Copaxone,TER-08,53,67840.53,1,1280.01,10,4,2025,2,0,83.0,43.0,81.0,59.66666666666666,20.816659994661325,2,7,70.72105,4,53,70.72105,32.20026321411133,124.18042030334472,-17.721046447753906,17.721046447753906,XGBoost,4
2025-11-01,Copaxone,TER-08,68,83952.23,2,1229.735,11,4,2025,5,0,53.0,53.0,79.0,63.0,17.32050807568877,2,7,73.089615,4,68,73.089615,33.09751434326173,125.29679412841794,-5.0896148681640625,5.0896148681640625,XGBoost,4
2025-12-01,Copaxone,TER-08,61,68830.12,2,1119.2199999999998,12,4,2025,0,0,68.0,83.0,71.0,68.0,14.999999999999996,2,7,73.02546,4,61,73.02546,32.54728240966797,125.63106269836419,-12.025459289550781,12.025459289550781,XGBoost,4
2025-05-01,Copaxone,TER-09,58,71888.68,1,1239.46,5,2,2025,3,0,46.0,53.0,74.0,52.333333333333336,6.027713773341725,2,8,66.62943,4,58,66.62943,26.523532867431644,124.96460723876953,-8.629432678222656,8.629432678222656,XGBoost,4
2025-06-01,Copaxone,TER-09,62,72712.94,3,1191.2833333333333,6,2,2025,6,0,58.0,58.0,77.0,54.0,6.928203230275525,2,8,69.71566,4,62,69.71566,33.80541229248047,129.00854415893554,-7.715660095214844,7.715660095214844,XGBoost,4
2025-07-01,Copaxone,TER-09,38,44471.78,1,1170.31,7,3,2025,1,0,62.0,46.0,89.0,55.333333333333336,8.326663997864543,2,8,63.726555,4,38,63.726555,25.798202514648438,125.4777511596679,-25.72655487060547,25.72655487060547,XGBoost,4
2025-08-01,Copaxone,TER-09,74,88194.76999999999,3,1168.3366666666666,8,3,2025,4,0,38.0,58.0,53.0,52.66666666666666,12.85820101465728,2,8,61.655838,4,74,61.655838,23.10330047607422,103.70212326049803,12.344161987304688,12.344161987304688,XGBoost,4
2025-09-01,Copaxone,TER-09,72,85698.0,1,1190.25,9,3,2025,0,0,74.0,62.0,58.0,58.0,18.330302779823366,2,8,64.546165,4,72,64.546165,27.00659942626953,124.13678779602049,7.453834533691406,7.453834533691406,XGBoost,4
2025-10-01,Copaxone,TER-09,46,55601.12,4,1204.325,10,4,2025,2,0,72.0,38.0,46.0,61.333333333333336,20.23198787399136,2,8,64.091324,4,46,64.091324,25.460244750976567,112.45924720764158,-18.091323852539062,18.091323852539062,XGBoost,4
2025-11-01,Copaxone,TER-09,86,104902.02,4,1226.2125,11,4,2025,5,0,46.0,74.0,58.0,64.0,15.620499351813312,2,8,65.035194,4,86,65.035194,30.449150085449222,117.58272895812988,20.964805603027344,20.964805603027344,XGBoost,4
2025-12-01,Copaxone,TER-09,77,88765.82,4,1169.3475,12,4,2025,0,0,86.0,72.0,62.0,68.0,20.29778313018444,2,8,67.21101,4,77,67.21101,30.387844848632813,124.87021293640134,9.788986206054688,9.788986206054688,XGBoost,4
2025-05-01,Copaxone,TER-10,66,79390.51000000001,4,1218.3175,5,2,2025,3,0,64.0,93.0,56.0,94.0,30.51229260478473,2,9,76.48554,4,66,76.48554,31.688011169433594,120.79313125610348,-10.485542297363281,10.485542297363281,XGBoost,4
2025-06-01,Copaxone,TER-10,104,118825.06,4,1160.505,6,2,2025,6,0,66.0,125.0,70.0,85.0,34.65544690232692,2,9,72.8324,4,104,72.8324,30.363335418701173,131.76995086669922,31.1676025390625,31.1676025390625,XGBoost,4
2025-07-01,Copaxone,TER-10,56,63423.5,2,1175.755,7,3,2025,1,0,104.0,64.0,49.0,78.0,22.538855339169302,2,9,61.82473,4,56,61.82473,25.96803894042969,111.57386856079098,-5.824729919433594,5.824729919433594,XGBoost,4
2025-08-01,Copaxone,TER-10,59,69589.26999999999,2,1179.01,8,3,2025,4,0,56.0,66.0,93.0,75.33333333333333,25.324559884296782,2,9,63.624203,4,59,63.624203,21.25952911376953,120.55374679565428,-4.624202728271484,4.624202728271484,XGBoost,4
2025-09-01,Copaxone,TER-10,107,122513.39,3,1137.75,9,3,2025,0,0,59.0,104.0,125.0,73.0,26.88865931949752,2,9,79.16099,4,107,79.16099,43.015241622924805,131.56971015930174,27.839012145996094,27.839012145996094,XGBoost,4
2025-10-01,Copaxone,TER-10,78,93960.94,2,1202.89,10,4,2025,2,0,107.0,56.0,64.0,74.0,28.61817604250838,2,9,68.11286,4,78,68.11286,28.19113082885743,114.51681518554682,9.887138366699219,9.887138366699219,XGBoost,4
2025-11-01,Copaxone,TER-10,86,107179.22,1,1246.27,11,4,2025,5,0,78.0,59.0,66.0,81.33333333333333,24.17298767908787,2,9,70.16025,4,86,70.16025,32.52728385925293,127.27949981689444,15.839752197265625,15.839752197265625,XGBoost,4
2025-12-01,Copaxone,TER-10,106,129792.1,3,1204.7966666666666,12,4,2025,0,0,86.0,107.0,104.0,90.33333333333331,14.977761292440674,2,9,79.91057,4,106,79.91057,36.12740821838379,135.58567047119132,26.089431762695312,26.089431762695312,XGBoost,4
2025-05-01,Copaxone,TER-11,90,103311.9,1,1147.91,5,2,2025,3,0,78.0,68.0,75.0,83.33333333333333,18.583146486355133,2,10,66.49195,4,90,66.49195,27.704929733276366,123.42422409057615,23.50804901123047,23.50804901123047,XGBoost,4
2025-06-01,Copaxone,TER-11,103,120530.6,1,1170.2,6,2,2025,6,0,90.0,104.0,103.0,90.66666666666669,13.012814197295416,2,10,91.26828,4,103,91.26828,48.476627349853516,144.7522247314453,11.731719970703125,11.731719970703125,XGBoost,4
2025-07-01,Copaxone,TER-11,66,83197.14,2,1189.77,7,3,2025,1,0,103.0,78.0,82.0,90.33333333333331,12.503332889007364,2,10,70.07278,4,66,70.07278,33.2554931640625,125.11914863586425,-4.072776794433594,4.072776794433594,XGBoost,4
2025-08-01,Copaxone,TER-11,41,48999.81,2,1206.285,8,3,2025,4,0,66.0,90.0,68.0,86.33333333333333,18.770544300401447,2,10,65.72259,4,41,65.72259,27.446231842041016,114.47867164611816,-24.72258758544922,24.72258758544922,XGBoost,4
2025-09-01,Copaxone,TER-11,51,56325.89,4,1122.365,9,3,2025,0,0,41.0,103.0,104.0,70.0,31.19294792096444,2,10,70.27415,4,51,70.27415,34.013916015625,122.71303253173828,-19.274147033691406,19.274147033691406,XGBoost,4
2025-10-01,Copaxone,TER-11,89,104484.5,4,1174.7725,10,4,2025,2,0,51.0,66.0,78.0,52.66666666666666,12.583057392117908,2,10,67.88694,4,89,67.88694,21.3799991607666,113.05662231445308,21.113059997558594,21.113059997558594,XGBoost,4
2025-11-01,Copaxone,TER-11,66,84552.17,4,1241.775,11,4,2025,5,0,89.0,41.0,90.0,60.333333333333336,25.324559884296765,2,10,75.289825,4,66,75.289825,34.95497741699219,129.80223236083984,-9.289825439453125,9.289825439453125,XGBoost,4
2025-12-01,Copaxone,TER-11,81,96205.65,2,1220.865,12,4,2025,0,0,66.0,51.0,103.0,68.66666666666667,19.139836293274115,2,10,69.58597,4,81,69.58597,33.49169769287109,123.46062469482415,11.414031982421875,11.414031982421875,XGBoost,4
2025-05-01,Copaxone,TER-12,88,104936.67,4,1184.21,5,2,2025,3,0,62.0,94.0,53.0,72.33333333333333,18.77054430040145,2,11,59.779766,4,88,59.779766,17.83734359741211,115.44940032958975,28.220233917236328,28.220233917236328,XGBoost,4
2025-06-01,Copaxone,TER-12,98,121636.78,3,1217.8,6,2,2025,6,0,88.0,61.0,69.0,70.33333333333333,15.30795000427338,2,11,69.25252,4,98,69.25252,29.41618537902832,122.10998077392573,28.747482299804688,28.747482299804688,XGBoost,4
2025-07-01,Copaxone,TER-12,38,45905.14,1,1208.03,7,3,2025,1,0,98.0,62.0,78.0,82.66666666666667,18.58314648635514,2,11,57.75045,4,38,57.75045,15.769010925292973,116.04972076416016,-19.750450134277344,19.750450134277344,XGBoost,4
2025-08-01,Copaxone,TER-12,67,81572.72,4,1161.895,8,3,2025,4,0,38.0,88.0,94.0,74.66666666666667,32.145502536643185,2,11,64.47511,4,67,64.47511,21.21893768310547,109.53471755981445,2.5248870849609375,2.5248870849609375,XGBoost,4
2025-09-01,Copaxone,TER-12,82,94909.15,4,1170.12,9,3,2025,0,0,67.0,98.0,61.0,67.66666666666667,30.005555041247504,2,11,62.727787,4,82,62.727787,26.592086410522462,111.50951099395749,19.272212982177734,19.272212982177734,XGBoost,4
2025-10-01,Copaxone,TER-12,69,87282.93,1,1264.97,10,4,2025,2,0,82.0,38.0,62.0,62.333333333333336,22.36813209307683,2,11,66.71571,4,69,66.71571,30.134958648681643,122.00959854125976,2.2842864990234375,2.2842864990234375,XGBoost,4
2025-11-01,Copaxone,TER-12,43,49404.13,3,1156.6633333333332,11,4,2025,5,0,69.0,67.0,88.0,72.66666666666667,8.144527815247095,2,11,69.24308,4,43,69.24308,25.999380111694336,126.64453659057615,-26.243080139160156,26.243080139160156,XGBoost,4
2025-12-01,Copaxone,TER-12,65,71619.66,3,1158.2699999999998,12,4,2025,0,0,43.0,82.0,98.0,64.66666666666667,19.85782801147532,2,11,66.93938,4,65,66.93938,29.396776580810545,118.13963088989257,-1.9393768310546875,1.9393768310546875,XGBoost,4
2025-05-01,Copaxone,TER-13,66,83027.34,1,1257.99,5,2,2025,3,0,43.0,53.0,63.0,65.0,29.866369046136164,2,12,62.35874,4,66,62.35874,22.199790954589844,108.69371795654297,3.6412582397460938,3.6412582397460938,XGBoost,4
2025-06-01,Copaxone,TER-13,65,75081.51999999999,2,1155.535,6,2,2025,6,0,66.0,99.0,90.0,69.33333333333333,28.148416178061133,2,12,80.38806,4,65,80.38806,44.56336097717285,133.38040924072263,-15.3880615234375,15.3880615234375,XGBoost,4
2025-07-01,Copaxone,TER-13,68,78481.34,3,1171.1899999999998,7,3,2025,1,0,65.0,43.0,66.0,58.0,13.000000000000009,2,12,60.6551,4,68,60.6551,22.90869140625,113.65198898315427,7.344898223876953,7.344898223876953,XGBoost,4
2025-08-01,Copaxone,TER-13,48,59978.11,4,1221.8875,8,3,2025,4,0,68.0,66.0,53.0,66.33333333333333,1.5275252316520735,2,12,57.79802,4,48,57.79802,18.93442764282227,106.93203392028802,-9.798019409179688,9.798019409179688,XGBoost,4
2025-09-01,Copaxone,TER-13,61,73650.18,1,1207.38,9,3,2025,0,0,48.0,65.0,99.0,60.333333333333336,10.785793124908976,2,12,73.42533,4,61,73.42533,30.850418853759766,128.37965965270996,-12.425331115722656,12.425331115722656,XGBoost,4
2025-10-01,Copaxone,TER-13,70,80389.46,3,1205.243333333333,10,4,2025,2,0,61.0,68.0,43.0,59.0,10.14889156509224,2,12,68.363655,4,70,68.363655,30.020666122436523,119.58295898437498,1.6363449096679688,1.6363449096679688,XGBoost,4
2025-11-01,Copaxone,TER-13,54,62899.61,4,1155.7275,11,4,2025,5,0,70.0,48.0,66.0,59.66666666666666,11.060440015358058,2,12,68.838875,4,54,68.838875,25.584742355346684,126.9887222290039,-14.838874816894531,14.838874816894531,XGBoost,4
2025-12-01,Copaxone,TER-13,70,87976.7,1,1256.81,12,4,2025,0,0,54.0,61.0,65.0,61.66666666666666,8.02080627701067,2,12,60.6498,4,70,60.6498,21.592166900634773,109.08382453918443,9.350200653076172,9.350200653076172,XGBoost,4
2025-05-01,Copaxone,TER-14,67,81663.53,4,1160.955,5,2,2025,3,0,78.0,86.0,56.0,81.33333333333333,4.163331998932257,2,13,63.19528,4,67,63.19528,21.551555252075197,112.49191837310791,3.8047218322753906,3.8047218322753906,XGBoost,4
2025-06-01,Copaxone,TER-14,67,84798.13,4,1245.4675,6,2,2025,6,0,67.0,80.0,59.0,75.0,6.999999999999994,2,13,69.77318,4,67,69.77318,31.4984375,115.37231750488277,-2.7731781005859375,2.7731781005859375,XGBoost,4
2025-07-01,Copaxone,TER-14,57,64246.87,4,1174.125,7,3,2025,1,0,67.0,78.0,60.0,70.66666666666667,6.350852961085877,2,13,54.05755,4,57,54.05755,17.24629020690918,105.88382072448731,2.9424514770507812,2.9424514770507812,XGBoost,4
2025-08-01,Copaxone,TER-14,34,42875.19,4,1223.1125,8,3,2025,4,0,57.0,67.0,86.0,63.66666666666666,5.773502691896252,2,13,59.482346,4,34,59.482346,23.375162124633793,103.25150909423827,-25.482345581054688,25.482345581054688,XGBoost,4
2025-09-01,Copaxone,TER-14,50,61454.7,2,1179.115,9,3,2025,0,0,34.0,67.0,80.0,52.66666666666666,16.921386861996073,2,13,60.016495,4,50,60.016495,15.66258010864258,105.17054519653317,-10.016494750976562,10.016494750976562,XGBoost,4
2025-10-01,Copaxone,TER-14,67,73556.62,1,1097.86,10,4,2025,2,0,50.0,57.0,78.0,47.0,11.789826122551592,2,13,63.878227,4,67,63.878227,20.585523986816405,116.42576293945311,3.1217727661132812,3.1217727661132812,XGBoost,4
2025-11-01,Copaxone,TER-14,84,103314.96,1,1229.94,11,4,2025,5,0,67.0,34.0,67.0,50.333333333333336,16.502525059315413,2,13,65.59268,4,84,65.59268,25.55987548828125,117.49789733886716,18.407318115234375,18.407318115234375,XGBoost,4
2025-12-01,Copaxone,TER-14,81,99280.31,2,1241.755,12,4,2025,0,0,84.0,50.0,67.0,67.0,16.999999999999996,2,13,61.266968,4,81,61.266968,27.737045669555663,115.76124572753906,19.7330322265625,19.7330322265625,XGBoost,4
2025-05-01,Copaxone,TER-15,76,94071.01,4,1212.6625,5,2,2025,3,0,51.0,73.0,68.0,58.66666666666666,12.423096769056148,2,14,53.371143,4,76,53.371143,10.077009963989259,107.75618057250976,22.628856658935547,22.628856658935547,XGBoost,4
2025-06-01,Copaxone,TER-15,58,73635.89,3,1271.0,6,2,2025,6,0,76.0,52.0,67.0,59.66666666666666,14.153915830374762,2,14,64.07212,4,58,64.07212,26.766380310058594,115.5220951080322,-6.072120666503906,6.072120666503906,XGBoost,4
2025-07-01,Copaxone,TER-15,58,73826.45999999999,2,1276.755,7,3,2025,1,0,58.0,51.0,74.0,61.66666666666666,12.8970280814354,2,14,57.86293,4,58,57.86293,18.935256958007812,107.62763137817379,0.1370697021484375,0.1370697021484375,XGBoost,4
2025-08-01,Copaxone,TER-15,45,51771.87,3,1129.1899999999998,8,3,2025,4,0,58.0,76.0,73.0,64.0,10.392304845413264,2,14,57.467403,4,45,57.467403,11.771683502197266,107.2086326599121,-12.467403411865234,12.467403411865234,XGBoost,4
2025-09-01,Copaxone,TER-15,63,82007.1,1,1301.7,9,3,2025,0,0,45.0,58.0,52.0,53.66666666666666,7.505553499465134,2,14,54.63717,4,63,54.63717,12.065481567382813,111.51735382080074,8.362831115722656,8.362831115722656,XGBoost,4
2025-10-01,Copaxone,TER-15,42,52891.86,1,1259.33,10,4,2025,2,0,63.0,58.0,51.0,55.333333333333336,9.291573243177568,2,14,66.974434,4,42,66.974434,30.285921859741215,124.75966720581054,-24.97443389892578,24.97443389892578,XGBoost,4
2025-11-01,Copaxone,TER-15,73,93941.69,3,1233.5733333333335,11,4,2025,5,0,42.0,45.0,76.0,50.0,11.357816691600544,2,14,60.327343,4,73,60.327343,16.963837051391604,111.6933395385742,12.672657012939453,12.672657012939453,XGBoost,4
2025-12-01,Copaxone,TER-15,79,96770.08,4,1232.115,12,4,2025,0,0,73.0,63.0,58.0,59.333333333333336,15.82192571507442,2,14,54.9187,4,79,54.9187,17.199058532714844,106.16078376770015,24.081298828125,24.081298828125,XGBoost,4
2025-05-01,Copaxone,TER-16,76,94356.34,3,1216.8533333333332,5,2,2025,3,0,77.0,92.0,78.0,86.0,7.937253933193779,2,15,68.5327,4,76,68.5327,30.755603408813478,115.62873497009276,7.4673004150390625,7.4673004150390625,XGBoost,4
2025-06-01,Copaxone,TER-16,85,100147.26,3,1165.26,6,2,2025,6,0,76.0,89.0,71.0,80.66666666666667,7.234178138070244,2,15,73.915306,4,85,73.915306,35.62959976196289,118.04296646118159,11.084693908691406,11.084693908691406,XGBoost,4
2025-07-01,Copaxone,TER-16,57,71795.31,3,1231.57,7,3,2025,1,0,85.0,77.0,95.0,79.33333333333333,4.932882862316266,2,15,56.446053,4,57,56.446053,8.878573608398439,105.74339542388915,0.5539474487304688,0.5539474487304688,XGBoost,4
2025-08-01,Copaxone,TER-16,42,52232.46,1,1243.63,8,3,2025,4,0,57.0,76.0,92.0,72.66666666666667,14.29452109492772,2,15,60.646313,4,42,60.646313,22.372234344482422,105.3108016967773,-18.646312713623047,18.646312713623047,XGBoost,4
2025-09-01,Copaxone,TER-16,99,120372.12,1,1215.88,9,3,2025,0,0,42.0,85.0,89.0,61.333333333333336,21.82506204649448,2,15,65.32241,4,99,65.32241,22.846747970581056,118.29520416259766,33.677589416503906,33.677589416503906,XGBoost,4
2025-10-01,Copaxone,TER-16,64,75151.56,3,1186.6433333333332,10,4,2025,2,0,99.0,57.0,77.0,66.0,29.54657340538832,2,15,75.451195,4,64,75.451195,29.18639373779297,128.00142326354978,-11.451194763183594,11.451194763183594,XGBoost,4
2025-11-01,Copaxone,TER-16,55,65647.73,3,1209.7766666666666,11,4,2025,5,0,64.0,42.0,76.0,68.33333333333333,28.746014216467188,2,15,68.63493,4,55,68.63493,31.278498840332034,121.463117980957,-13.634933471679688,13.634933471679688,XGBoost,4
2025-12-01,Copaxone,TER-16,93,108263.18,3,1187.82,12,4,2025,0,0,55.0,99.0,85.0,72.66666666666667,23.2450711621482,2,15,63.175175,4,93,63.175175,24.381911849975587,117.18783531188963,29.824825286865234,29.824825286865234,XGBoost,4
2025-05-01,Copaxone,TER-17,48,56208.77,4,1144.3225,5,2,2025,3,0,67.0,81.0,49.0,68.0,12.529964086141678,2,16,61.12199,4,48,61.12199,20.95746841430664,119.6095405578613,-13.121990203857422,13.121990203857422,XGBoost,4
2025-06-01,Copaxone,TER-17,51,59182.55,4,1180.26,6,2,2025,6,0,48.0,56.0,55.0,57.0,9.539392014169472,2,16,60.258354,4,51,60.258354,21.792137145996094,115.12420387268065,-9.258354187011719,9.258354187011719,XGBoost,4
2025-07-01,Copaxone,TER-17,38,43721.46,3,1157.1933333333334,7,3,2025,1,0,51.0,67.0,57.0,55.333333333333336,10.214368964029722,2,16,52.182903,4,38,52.182903,14.981572341918948,101.92413253784179,-14.182903289794922,14.182903289794922,XGBoost,4
2025-08-01,Copaxone,TER-17,43,56325.08,4,1212.835,8,3,2025,4,0,38.0,48.0,81.0,45.66666666666666,6.806859285554068,2,16,49.978146,4,43,49.978146,11.451120758056641,103.93889503479004,-6.978145599365234,6.978145599365234,XGBoost,4
2025-09-01,Copaxone,TER-17,44,55979.58,3,1228.98,9,3,2025,0,0,43.0,51.0,56.0,44.0,6.557438524302024,2,16,54.286552,4,44,54.286552,14.253746032714846,109.85100479125977,-10.286552429199219,10.286552429199219,XGBoost,4
2025-10-01,Copaxone,TER-17,63,77909.47,3,1232.55,10,4,2025,2,0,44.0,38.0,67.0,41.66666666666666,3.214550253664365,2,16,54.252823,4,63,54.252823,17.441564559936523,106.829376220703,8.747177124023438,8.747177124023438,XGBoost,4
2025-11-01,Copaxone,TER-17,64,78842.88,1,1231.92,11,4,2025,5,0,63.0,43.0,48.0,50.0,11.269427669584658,2,16,58.599045,4,64,58.599045,18.7424072265625,116.23144607543942,5.4009552001953125,5.4009552001953125,XGBoost,4
2025-12-01,Copaxone,TER-17,81,96161.58,1,1187.18,12,4,2025,0,0,64.0,44.0,51.0,57.0,11.269427669584658,2,16,58.533916,4,81,58.533916,16.086237335205077,112.67015743255607,22.466083526611328,22.466083526611328,XGBoost,4
2025-05-01,Copaxone,TER-18,69,80141.70999999999,3,1154.89,5,2,2025,3,0,75.0,52.0,56.0,76.66666666666667,25.540817005987364,2,17,62.133106,4,69,62.133106,22.547005462646492,109.89488563537593,6.866893768310547,6.866893768310547,XGBoost,4
2025-06-01,Copaxone,TER-18,63,68973.66,1,1094.82,6,2,2025,6,0,69.0,103.0,73.0,82.33333333333333,18.147543451754927,2,17,83.1099,4,63,83.1099,38.77874069213867,136.58966255187985,-20.109901428222656,20.109901428222656,XGBoost,4
2025-07-01,Copaxone,TER-18,39,45806.33,4,1151.53,7,3,2025,1,0,63.0,75.0,84.0,69.0,5.999999999999976,2,17,63.127663,4,39,63.127663,21.89196357727051,117.64906196594235,-24.127662658691406,24.127662658691406,XGBoost,4
2025-08-01,Copaxone,TER-18,65,79539.93000000001,2,1243.92,8,3,2025,4,0,39.0,69.0,52.0,57.0,15.874507866387535,2,17,54.355904,4,65,54.355904,16.062863159179688,108.41371822357176,10.644096374511719,10.644096374511719,XGBoost,4
2025-09-01,Copaxone,TER-18,56,66805.2,1,1192.95,9,3,2025,0,0,65.0,63.0,103.0,55.66666666666666,14.46835627614046,2,17,64.960464,4,56,64.960464,27.21471633911133,113.76994628906247,-8.960464477539062,8.960464477539062,XGBoost,4
2025-10-01,Copaxone,TER-18,71,87665.8,3,1196.4333333333334,10,4,2025,2,0,56.0,39.0,75.0,53.333333333333336,13.20353488022556,2,17,60.803238,4,71,60.803238,23.97886848449707,110.19795150756835,10.196762084960938,10.196762084960938,XGBoost,4
2025-11-01,Copaxone,TER-18,54,65015.18,3,1212.5366666666666,11,4,2025,5,0,71.0,65.0,69.0,64.0,7.549834435270727,2,17,66.317474,4,54,66.317474,26.473072052001953,123.91288757324219,-12.317474365234375,12.317474365234375,XGBoost,4
2025-12-01,Copaxone,TER-18,49,54573.73,2,1101.0549999999998,12,4,2025,0,0,54.0,56.0,63.0,60.333333333333336,9.29157324317755,2,17,67.05866,4,49,67.05866,24.601195526123046,122.02537231445311,-18.05866241455078,18.05866241455078,XGBoost,4
2025-05-01,Copaxone,TER-19,41,45570.560000000005,2,1134.19,5,2,2025,3,0,56.0,42.0,38.0,58.333333333333336,17.61628034896508,2,18,48.218864,4,41,48.218864,9.634045791625978,99.87242126464842,-7.218864440917969,7.218864440917969,XGBoost,4
2025-06-01,Copaxone,TER-19,59,73567.69,2,1232.005,6,2,2025,6,0,41.0,77.0,64.0,58.0,18.083141320025124,2,18,60.87101,4,59,60.87101,22.343320465087892,112.22556076049803,-1.8710098266601562,1.8710098266601562,XGBoost,4
2025-07-01,Copaxone,TER-19,32,41771.84,1,1305.37,7,3,2025,1,0,59.0,56.0,52.0,52.0,9.643650760992951,2,18,55.17705,4,32,55.17705,15.340716552734374,117.23523864746092,-23.177051544189453,23.177051544189453,XGBoost,4
2025-08-01,Copaxone,TER-19,59,70116.62,3,1224.486666666667,8,3,2025,4,0,32.0,41.0,42.0,44.0,13.74772708486752,2,18,51.471268,4,59,51.471268,13.57392578125,99.86963424682612,7.5287322998046875,7.5287322998046875,XGBoost,4
2025-09-01,Copaxone,TER-19,53,65078.58,2,1204.11,9,3,2025,0,0,59.0,59.0,77.0,50.0,15.588457268119894,2,18,51.771896,4,53,51.771896,15.640719223022462,104.61736145019526,1.2281036376953125,1.2281036376953125,XGBoost,4
2025-10-01,Copaxone,TER-19,47,62530.69,3,1274.73,10,4,2025,2,0,53.0,32.0,56.0,48.0,14.177446878757824,2,18,52.579597,4,47,52.579597,14.654452514648439,105.62466545104978,-5.579597473144531,5.579597473144531,XGBoost,4
2025-11-01,Copaxone,TER-19,73,87153.43,2,1191.425,11,4,2025,5,0,47.0,59.0,41.0,53.0,5.999999999999996,2,18,59.103893,4,73,59.103893,22.231106948852542,112.69998664855953,13.896106719970703,13.896106719970703,XGBoost,4
2025-12-01,Copaxone,TER-19,89,112008.59,4,1283.34,12,4,2025,0,0,73.0,53.0,59.0,57.66666666666666,13.613718571108093,2,18,55.85512,4,89,55.85512,12.623498916625978,113.00593032836913,33.14487838745117,33.14487838745117,XGBoost,4
2025-05-01,Copaxone,TER-20,55,68689.94,2,1233.96,5,2,2025,3,0,76.0,59.0,73.0,75.0,15.52417469626003,2,19,64.001724,4,55,64.001724,23.599273681640625,117.52157592773432,-9.001724243164062,9.001724243164062,XGBoost,4
2025-06-01,Copaxone,TER-20,49,63553.98,1,1297.02,6,2,2025,6,0,55.0,90.0,43.0,73.66666666666667,17.616280348965088,2,19,76.33208,4,49,76.33208,36.886074447631835,126.43849067687985,-27.332077026367188,27.332077026367188,XGBoost,4
2025-07-01,Copaxone,TER-20,52,59314.24,3,1123.48,7,3,2025,1,0,49.0,76.0,59.0,60.0,14.177446878757834,2,19,51.92192,4,52,51.92192,15.30563888549805,98.71107482910156,0.0780792236328125,0.0780792236328125,XGBoost,4
2025-08-01,Copaxone,TER-20,56,67585.38,4,1180.08,8,3,2025,4,0,52.0,55.0,59.0,52.0,3.000000000000042,2,19,52.772377,4,56,52.772377,13.417289733886719,110.16896514892578,3.2276229858398438,3.2276229858398438,XGBoost,4
2025-09-01,Copaxone,TER-20,74,87974.5,2,1195.9250000000002,9,3,2025,0,0,56.0,49.0,90.0,52.333333333333336,3.5118845842842816,2,19,55.461845,4,74,55.461845,12.248681640625,107.44174652099608,18.53815460205078,18.53815460205078,XGBoost,4
2025-10-01,Copaxone,TER-20,55,66936.5,4,1215.7525,10,4,2025,2,0,74.0,52.0,76.0,60.66666666666666,11.718930554164643,2,19,62.212227,4,55,62.212227,16.41923828125,111.94232902526855,-7.212226867675781,7.212226867675781,XGBoost,4
2025-11-01,Copaxone,TER-20,77,89922.12,4,1145.2625,11,4,2025,5,0,55.0,56.0,55.0,61.66666666666666,10.69267662156364,2,19,61.194912,4,77,61.194912,21.33827438354492,111.28934173583983,15.80508804321289,15.80508804321289,XGBoost,4
2025-12-01,Copaxone,TER-20,85,97908.44,4,1161.725,12,4,2025,0,0,77.0,74.0,49.0,68.66666666666667,11.930353445448866,2,19,61.118084,4,85,61.118084,17.77756690979004,112.31261978149413,23.881916046142578,23.881916046142578,XGBoost,4
2025-05-01,Crestor,TER-01,228,90187.02,4,406.615,5,2,2025,3,0,209.0,144.0,213.0,207.0,62.02418882984285,3,0,193.21706,4,228,193.21706,146.73858795166015,238.2762924194336,34.78294372558594,34.78294372558594,XGBoost,4
2025-06-01,Crestor,TER-01,202,88306.32,1,437.16,6,2,2025,6,0,228.0,268.0,193.0,235.0,30.11644069275124,3,0,197.19249,4,202,197.19249,151.29364089965821,249.06351318359376,4.8075103759765625,4.8075103759765625,XGBoost,4
2025-07-01,Crestor,TER-01,171,73857.52,3,414.18,7,3,2025,1,0,202.0,209.0,294.0,213.0,13.453624047073813,3,0,227.55579,4,171,227.55579,189.18438720703125,282.52249603271486,-56.5557861328125,56.5557861328125,XGBoost,4
2025-08-01,Crestor,TER-01,158,67099.18,4,430.065,8,3,2025,4,0,171.0,228.0,144.0,200.33333333333331,28.53652630109937,3,0,181.5481,4,158,181.5481,134.85208396911622,245.6610221862793,-23.548095703125,23.548095703125,XGBoost,4
2025-09-01,Crestor,TER-01,197,80959.03,3,406.8733333333333,9,3,2025,0,0,158.0,202.0,268.0,177.0,22.6053091109147,3,0,203.2362,4,197,203.2362,159.9226444244385,256.2765663146972,-6.2362060546875,6.2362060546875,XGBoost,4
2025-10-01,Crestor,TER-01,282,121965.02,2,421.875,10,4,2025,2,0,197.0,171.0,209.0,175.33333333333334,19.85782801147538,3,0,195.15355,4,282,195.15355,152.4942855834961,247.54653015136716,86.84645080566406,86.84645080566406,XGBoost,4
2025-11-01,Crestor,TER-01,271,103370.24,1,381.44,11,4,2025,5,0,282.0,158.0,228.0,212.33333333333331,63.40609855000808,3,0,211.72096,4,271,211.72096,165.24310989379882,263.4731033325195,59.27903747558594,59.27903747558594,XGBoost,4
2025-12-01,Crestor,TER-01,238,94407.88,2,423.505,12,4,2025,0,0,271.0,197.0,202.0,250.0,46.2276973253049,3,0,223.33554,4,238,223.33554,185.05249404907227,272.96942138671875,14.664459228515625,14.664459228515625,XGBoost,4
2025-05-01,Crestor,TER-02,180,81288.0,1,451.6,5,2,2025,3,0,158.0,170.0,268.0,205.0,71.26710321038732,3,1,182.50204,4,180,182.50204,143.9954071044922,233.7863384246826,-2.502044677734375,2.502044677734375,XGBoost,4
2025-06-01,Crestor,TER-02,239,108699.47,2,440.96,6,2,2025,6,0,180.0,287.0,152.0,208.33333333333331,69.00966115938645,3,1,224.49559,4,239,224.49559,181.9268440246582,282.6772979736328,14.504409790039062,14.504409790039062,XGBoost,4
2025-07-01,Crestor,TER-02,115,45741.91,3,407.89,7,3,2025,1,0,239.0,158.0,182.0,192.33333333333331,41.88476254359493,3,1,163.5266,4,115,163.5266,123.23107299804688,216.33066520690917,-48.52659606933594,48.52659606933594,XGBoost,4
2025-08-01,Crestor,TER-02,232,91107.28,3,408.8,8,3,2025,4,0,115.0,180.0,170.0,178.0,62.02418882984282,3,1,169.63455,4,232,169.63455,124.54164123535156,223.62186431884766,62.365447998046875,62.365447998046875,XGBoost,4
2025-09-01,Crestor,TER-02,230,102342.23,3,446.97333333333336,9,3,2025,0,0,232.0,239.0,287.0,195.33333333333331,69.65869172855123,3,1,170.8741,4,230,170.8741,133.15615844726562,222.06663513183594,59.12590026855469,59.12590026855469,XGBoost,4
2025-10-01,Crestor,TER-02,254,115395.08,4,427.6,10,4,2025,2,0,230.0,115.0,158.0,192.33333333333331,66.98009654616311,3,1,162.2672,4,254,162.2672,130.96309967041014,219.04044342041016,91.73280334472656,91.73280334472656,XGBoost,4
2025-11-01,Crestor,TER-02,153,62964.8,2,409.63,11,4,2025,5,0,254.0,232.0,180.0,238.66666666666663,13.31665623695872,3,1,167.43893,4,153,167.43893,121.25126571655274,221.54155273437493,-14.438934326171875,14.438934326171875,XGBoost,4
2025-12-01,Crestor,TER-02,229,96438.4,4,414.27,12,4,2025,0,0,153.0,230.0,239.0,212.33333333333331,52.76678248039511,3,1,212.04044,4,229,212.04044,168.75023651123047,264.4729232788086,16.959564208984375,16.959564208984375,XGBoost,4
2025-05-01,Crestor,TER-03,202,91799.3,2,461.015,5,2,2025,3,0,228.0,207.0,195.0,224.0,15.394804318340633,3,2,171.78987,4,202,171.78987,133.12283325195312,221.26987380981436,30.210128784179688,30.210128784179688,XGBoost,4
2025-06-01,Crestor,TER-03,212,89847.72,1,423.81,6,2,2025,6,0,202.0,237.0,148.0,222.33333333333331,18.1750745069541,3,2,197.32483,4,212,197.32483,155.43243179321288,245.69873733520507,14.6751708984375,14.6751708984375,XGBoost,4
2025-07-01,Crestor,TER-03,107,49529.23,1,462.89,7,3,2025,1,0,212.0,228.0,148.0,214.0,13.114877048603985,3,2,186.8816,4,107,186.8816,146.92451858520508,241.9446376800537,-79.88160705566406,79.88160705566406,XGBoost,4
2025-08-01,Crestor,TER-03,114,48387.16,4,418.8925,8,3,2025,4,0,107.0,202.0,207.0,173.66666666666666,57.95112883571236,3,2,164.18974,4,114,164.18974,127.01983337402343,216.74615783691405,-50.18974304199219,50.18974304199219,XGBoost,4
2025-09-01,Crestor,TER-03,135,59623.94,4,442.3825,9,3,2025,0,0,114.0,212.0,237.0,144.33333333333334,58.70547958524257,3,2,171.81436,4,135,171.81436,134.32153358459473,228.76196746826167,-36.814361572265625,36.814361572265625,XGBoost,4
2025-10-01,Crestor,TER-03,242,98670.66,1,407.73,10,4,2025,2,0,135.0,107.0,228.0,118.66666666666669,14.571661996262923,3,2,190.4221,4,242,190.4221,147.2916187286377,243.4624641418457,51.57789611816406,51.57789611816406,XGBoost,4
2025-11-01,Crestor,TER-03,135,55764.69,4,419.3125,11,4,2025,5,0,242.0,114.0,202.0,163.66666666666666,68.64643714959527,3,2,154.22723,4,135,154.22723,114.37527961730957,209.0091941833496,-19.22723388671875,19.22723388671875,XGBoost,4
2025-12-01,Crestor,TER-03,139,54581.13,1,392.67,12,4,2025,0,0,135.0,135.0,212.0,170.66666666666666,61.77647880328996,3,2,203.39268,4,139,203.39268,159.64704780578614,256.84735107421875,-64.39268493652344,64.39268493652344,XGBoost,4
2025-05-01,Crestor,TER-04,131,60778.06,3,454.56,5,2,2025,3,0,130.0,229.0,178.0,204.0,65.19969325081217,3,3,176.0347,4,131,176.0347,138.1191604614258,221.70654296875,-45.034698486328125,45.034698486328125,XGBoost,4
2025-06-01,Crestor,TER-04,290,114178.8,1,393.72,6,2,2025,6,0,131.0,253.0,226.0,171.33333333333334,70.72717535242967,3,3,211.34756,4,290,211.34756,176.88071327209474,265.7404634475708,78.65243530273438,78.65243530273438,XGBoost,4
2025-07-01,Crestor,TER-04,123,54444.65,2,427.2,7,3,2025,1,0,290.0,130.0,186.0,183.66666666666663,92.0887253323301,3,3,137.40082,4,123,137.40082,94.05910911560059,187.16468429565427,-14.40081787109375,14.40081787109375,XGBoost,4
2025-08-01,Crestor,TER-04,176,70526.48000000001,2,404.53,8,3,2025,4,0,123.0,131.0,229.0,181.33333333333331,94.19306414664158,3,3,181.56003,4,176,181.56003,141.32005615234377,239.179093170166,-5.560028076171875,5.560028076171875,XGBoost,4
2025-09-01,Crestor,TER-04,257,112156.06,4,438.9075,9,3,2025,0,0,176.0,290.0,253.0,196.33333333333331,85.33658847958088,3,3,168.05104,4,257,168.05104,124.84544143676757,221.52488403320302,88.94895935058594,88.94895935058594,XGBoost,4
2025-10-01,Crestor,TER-04,218,91039.86,2,398.925,10,4,2025,2,0,257.0,123.0,130.0,185.33333333333331,67.48580097571144,3,3,178.78673,4,218,178.78673,142.69111175537108,230.51253128051758,39.21327209472656,39.21327209472656,XGBoost,4
2025-11-01,Crestor,TER-04,226,91641.52,2,409.385,11,4,2025,5,0,218.0,176.0,131.0,217.0,40.50925820105821,3,3,192.90274,4,226,192.90274,164.13878021240234,244.21123008728026,33.097259521484375,33.097259521484375,XGBoost,4
2025-12-01,Crestor,TER-04,204,79225.23,3,390.27,12,4,2025,0,0,226.0,257.0,290.0,233.66666666666663,20.599352740640544,3,3,178.2094,4,204,178.2094,139.83799743652344,232.61736221313473,25.790603637695312,25.790603637695312,XGBoost,4
2025-05-01,Crestor,TER-05,167,64434.13,2,395.46,5,2,2025,3,0,164.0,182.0,119.0,199.66666666666663,47.05670338361298,3,4,154.66476,4,167,154.66476,115.87083702087402,204.36311950683594,12.335235595703125,12.335235595703125,XGBoost,4
2025-06-01,Crestor,TER-05,224,94575.45,3,417.6666666666667,6,2,2025,6,0,167.0,253.0,144.0,194.66666666666663,50.54041287260457,3,4,204.05399,4,224,204.05399,164.20203132629393,253.57138214111316,19.946014404296875,19.946014404296875,XGBoost,4
2025-07-01,Crestor,TER-05,115,47920.22,3,421.62000000000006,7,3,2025,1,0,224.0,164.0,134.0,185.0,33.808283008753925,3,4,153.48434,4,115,153.48434,110.72245559692382,200.85165042877188,-38.484344482421875,38.484344482421875,XGBoost,4
2025-08-01,Crestor,TER-05,132,55995.35,4,423.8225,8,3,2025,4,0,115.0,167.0,182.0,168.66666666666666,54.51910979953114,3,4,152.80673,4,132,152.80673,108.63340950012207,207.20497436523436,-20.806732177734375,20.806732177734375,XGBoost,4
2025-09-01,Crestor,TER-05,183,75329.21,3,428.93666666666667,9,3,2025,0,0,132.0,224.0,253.0,157.0,58.64298764558299,3,4,191.85667,4,183,191.85667,149.87258682250976,244.0426845550537,-8.856674194335938,8.856674194335938,XGBoost,4
2025-10-01,Crestor,TER-05,113,46794.83,2,415.715,10,4,2025,2,0,183.0,115.0,164.0,143.33333333333334,35.38832199092424,3,4,163.7669,4,113,163.7669,121.82826309204101,215.7468078613281,-50.76690673828125,50.76690673828125,XGBoost,4
2025-11-01,Crestor,TER-05,152,60087.0,3,398.76,11,4,2025,5,0,113.0,132.0,167.0,142.66666666666666,36.19852667351714,3,4,157.69351,4,152,157.69351,110.07856140136718,209.41462745666504,-5.693511962890625,5.693511962890625,XGBoost,4
2025-12-01,Crestor,TER-05,166,69417.84,2,418.84,12,4,2025,0,0,152.0,183.0,224.0,149.33333333333334,35.07610772781569,3,4,190.45164,4,166,190.45164,156.318204498291,244.83267517089843,-24.451644897460938,24.451644897460938,XGBoost,4
2025-05-01,Crestor,TER-06,149,51980.05,2,373.075,5,2,2025,3,0,183.0,106.0,156.0,144.0,38.50973902793939,3,5,168.33014,4,149,168.33014,129.84788856506347,220.1713497161865,-19.33013916015625,19.33013916015625,XGBoost,4
2025-06-01,Crestor,TER-06,173,75032.49,4,438.3075,6,2,2025,6,0,149.0,143.0,193.0,158.33333333333334,21.571586249817877,3,5,164.37126,4,173,164.37126,121.16341934204101,215.2932029724121,8.628738403320312,8.628738403320312,XGBoost,4
2025-07-01,Crestor,TER-06,117,48636.55,4,419.3375,7,3,2025,1,0,173.0,183.0,182.0,168.33333333333334,17.473789896108155,3,5,115.17882,4,117,115.17882,77.84353103637696,167.3886909484863,1.8211822509765625,1.8211822509765625,XGBoost,4
2025-08-01,Crestor,TER-06,99,44278.74,1,447.26,8,3,2025,4,0,117.0,149.0,106.0,146.33333333333334,28.09507667427394,3,5,124.94847,4,99,124.94847,89.31377944946288,183.35197296142573,-25.948471069335938,25.948471069335938,XGBoost,4
2025-09-01,Crestor,TER-06,208,82615.52,1,397.19,9,3,2025,0,0,99.0,173.0,143.0,129.66666666666666,38.59188170241679,3,5,150.66087,4,208,150.66087,105.4747413635254,205.52400856018065,57.33912658691406,57.33912658691406,XGBoost,4
2025-10-01,Crestor,TER-06,154,67109.4,2,448.0750000000001,10,4,2025,2,0,208.0,117.0,183.0,141.33333333333334,58.43229700545181,3,5,150.04637,4,154,150.04637,113.50513572692871,203.06947402954097,3.9536285400390625,3.9536285400390625,XGBoost,4
2025-11-01,Crestor,TER-06,111,48875.52,1,440.32,11,4,2025,5,0,154.0,99.0,149.0,153.66666666666666,54.50076452063158,3,5,158.60544,4,111,158.60544,118.19831237792968,214.1686553955078,-47.605438232421875,47.605438232421875,XGBoost,4
2025-12-01,Crestor,TER-06,135,52371.9,1,387.94,12,4,2025,0,0,111.0,208.0,173.0,157.66666666666666,48.60384072615387,3,5,165.37825,4,135,165.37825,129.1143772125244,216.62877235412594,-30.378250122070312,30.378250122070312,XGBoost,4
2025-05-01,Crestor,TER-07,128,53379.28,4,416.7625,5,2,2025,3,0,168.0,145.0,145.0,158.0,11.789826122551682,3,6,146.71077,4,128,146.71077,103.58028450012208,199.75583763122557,-18.710769653320312,18.710769653320312,XGBoost,4
2025-06-01,Crestor,TER-07,186,79178.92,3,428.15333333333336,6,2,2025,6,0,128.0,161.0,113.0,152.33333333333334,21.36195996001618,3,6,159.22018,4,186,159.22018,123.08448371887208,218.92190551757812,26.779815673828125,26.779815673828125,XGBoost,4
2025-07-01,Crestor,TER-07,140,57484.46,4,422.705,7,3,2025,1,0,186.0,168.0,182.0,160.66666666666666,29.687258770949796,3,6,131.16505,4,140,131.16505,88.52667846679688,181.3302009582519,8.834945678710938,8.834945678710938,XGBoost,4
2025-08-01,Crestor,TER-07,103,42073.0,2,388.0,8,3,2025,4,0,140.0,128.0,145.0,151.33333333333334,30.61590000854677,3,6,147.82188,4,103,147.82188,110.04478797912599,191.59371757507324,-44.82188415527344,44.82188415527344,XGBoost,4
2025-09-01,Crestor,TER-07,130,54009.35,4,414.0725,9,3,2025,0,0,103.0,186.0,161.0,143.0,41.58124577258359,3,6,151.93816,4,130,151.93816,113.44953079223633,203.16493797302243,-21.938156127929688,21.938156127929688,XGBoost,4
2025-10-01,Crestor,TER-07,117,49431.87,3,421.34,10,4,2025,2,0,130.0,140.0,168.0,124.33333333333331,19.13983629327409,3,6,156.45624,4,117,156.45624,120.84449768066406,214.49889602661128,-39.45623779296875,39.45623779296875,XGBoost,4
2025-11-01,Crestor,TER-07,134,56065.14,4,421.9625,11,4,2025,5,0,117.0,103.0,128.0,116.66666666666669,13.503086067019316,3,6,163.57582,4,134,163.57582,122.01589965820312,215.31302337646483,-29.575820922851562,29.575820922851562,XGBoost,4
2025-12-01,Crestor,TER-07,147,62026.65,1,421.95,12,4,2025,0,0,134.0,130.0,186.0,127.0,8.888194417315535,3,6,158.1324,4,147,158.1324,121.5545810699463,222.9343578338623,-11.132400512695312,11.132400512695312,XGBoost,4
2025-05-01,Crestor,TER-08,110,45725.9,1,415.69,5,2,2025,3,0,144.0,156.0,119.0,161.33333333333334,20.526405757787487,3,7,148.1094,4,110,148.1094,109.53536224365234,201.6582260131836,-38.109405517578125,38.109405517578125,XGBoost,4
2025-06-01,Crestor,TER-08,119,50572.71,2,426.42,6,2,2025,6,0,110.0,184.0,107.0,146.0,37.04051835490424,3,7,150.83482,4,119,150.83482,115.43733215332031,203.68808135986322,-31.834823608398438,31.834823608398438,XGBoost,4
2025-07-01,Crestor,TER-08,115,52389.41,2,454.385,7,3,2025,1,0,119.0,144.0,193.0,124.33333333333331,17.616280348965024,3,7,131.02751,4,115,131.02751,88.02812843322754,188.4240997314453,-16.027511596679688,16.027511596679688,XGBoost,4
2025-08-01,Crestor,TER-08,167,76081.59,2,432.245,8,3,2025,4,0,115.0,110.0,156.0,114.66666666666669,4.509249752822655,3,7,133.54146,4,167,133.54146,97.25743560791015,181.43549575805662,33.45854187011719,33.45854187011719,XGBoost,4
2025-09-01,Crestor,TER-08,175,75127.23,3,423.72333333333336,9,3,2025,0,0,167.0,119.0,184.0,133.66666666666666,28.93671255228091,3,7,141.86372,4,175,141.86372,101.63472442626953,196.37120666503904,33.13627624511719,33.13627624511719,XGBoost,4
2025-10-01,Crestor,TER-08,153,60807.65,3,406.14333333333326,10,4,2025,2,0,175.0,115.0,144.0,152.33333333333334,32.57811126098828,3,7,155.61989,4,153,155.61989,113.64266586303711,203.27808074951173,-2.6198883056640625,2.6198883056640625,XGBoost,4
2025-11-01,Crestor,TER-08,134,57266.65,3,430.20666666666665,11,4,2025,5,0,153.0,167.0,110.0,165.0,11.135528725659942,3,7,158.9357,4,134,158.9357,122.67182655334473,216.554825592041,-24.935699462890625,24.935699462890625,XGBoost,4
2025-12-01,Crestor,TER-08,140,60941.45,3,424.47,12,4,2025,0,0,134.0,175.0,119.0,154.0,20.518284528683136,3,7,162.90918,4,140,162.90918,126.82086563110352,214.10173416137695,-22.9091796875,22.9091796875,XGBoost,4
2025-05-01,Crestor,TER-09,128,54115.43,3,423.2766666666666,5,2,2025,3,0,155.0,126.0,135.0,147.0,18.35755975068585,3,8,142.0997,4,128,142.0997,96.30034790039062,194.65611572265624,-14.099700927734375,14.099700927734375,XGBoost,4
2025-06-01,Crestor,TER-09,182,79299.22,1,435.71,6,2,2025,6,0,128.0,160.0,141.0,147.66666666666666,17.214335111567173,3,8,161.88136,4,182,161.88136,124.56736640930175,216.83421325683594,20.118637084960938,20.118637084960938,XGBoost,4
2025-07-01,Crestor,TER-09,142,66228.8,1,466.4,7,3,2025,1,0,182.0,155.0,180.0,155.0,27.000000000000018,3,8,138.23827,4,142,138.23827,100.63801574707031,184.96137390136715,3.7617340087890625,3.7617340087890625,XGBoost,4
2025-08-01,Crestor,TER-09,83,29274.93,1,352.71,8,3,2025,4,0,142.0,128.0,126.0,150.66666666666666,28.02379940931162,3,8,167.00204,4,83,167.00204,125.76634559631347,218.2863384246826,-84.00204467773438,84.00204467773438,XGBoost,4
2025-09-01,Crestor,TER-09,161,67206.87,4,420.5575,9,3,2025,0,0,83.0,182.0,160.0,135.66666666666666,49.80294502670835,3,8,138.7211,4,161,138.7211,101.17091369628906,191.268635559082,22.278900146484375,22.278900146484375,XGBoost,4
2025-10-01,Crestor,TER-09,200,80400.0,1,402.0,10,4,2025,2,0,161.0,142.0,155.0,128.66666666666666,40.673496694202896,3,8,160.06905,4,200,160.06905,119.90452423095704,215.67558650970457,39.93095397949219,39.93095397949219,XGBoost,4
2025-11-01,Crestor,TER-09,121,51466.14,1,425.34,11,4,2025,5,0,200.0,83.0,128.0,148.0,59.57348403442593,3,8,141.9411,4,121,141.9411,98.24624099731446,194.51707000732418,-20.94110107421875,20.94110107421875,XGBoost,4
2025-12-01,Crestor,TER-09,150,63591.0,1,423.94,12,4,2025,0,0,121.0,161.0,182.0,160.66666666666666,39.50105483823608,3,8,147.15372,4,150,147.15372,107.11732482910156,199.32994842529297,2.846282958984375,2.846282958984375,XGBoost,4
2025-05-01,Crestor,TER-10,148,64906.9,2,438.5,5,2,2025,3,0,176.0,113.0,126.0,152.66666666666666,34.53018003621375,3,9,135.62341,4,148,135.62341,102.28318786621094,193.0223232269287,12.3765869140625,12.3765869140625,XGBoost,4
2025-06-01,Crestor,TER-10,147,64699.31,4,438.5075,6,2,2025,6,0,148.0,169.0,210.0,164.33333333333334,14.57166199626298,3,9,195.12173,4,147,195.12173,152.6958465576172,245.70191726684564,-48.121734619140625,48.121734619140625,XGBoost,4
2025-07-01,Crestor,TER-10,114,49242.02,4,420.8375,7,3,2025,1,0,147.0,176.0,176.0,157.0,16.462077633154376,3,9,149.54175,4,114,149.54175,112.40468673706056,206.31499481201172,-35.541748046875,35.541748046875,XGBoost,4
2025-08-01,Crestor,TER-10,102,40200.53,3,400.59,8,3,2025,4,0,114.0,148.0,113.0,136.33333333333334,19.34769581457531,3,9,127.87812,4,102,127.87812,85.52393341064453,179.6037712097168,-25.87812042236328,25.87812042236328,XGBoost,4
2025-09-01,Crestor,TER-10,190,72962.26000000001,2,388.045,9,3,2025,0,0,102.0,147.0,169.0,121.0,23.302360395462127,3,9,154.49837,4,190,154.49837,112.5551643371582,209.45088653564446,35.50163269042969,35.50163269042969,XGBoost,4
2025-10-01,Crestor,TER-10,149,63682.62,3,425.6166666666666,10,4,2025,2,0,190.0,114.0,176.0,135.33333333333334,47.72141378179544,3,9,134.92154,4,149,134.92154,90.49556045532228,186.56362342834473,14.078460693359375,14.078460693359375,XGBoost,4
2025-11-01,Crestor,TER-10,214,93423.54,2,424.905,11,4,2025,5,0,149.0,102.0,148.0,147.0,44.03407771260801,3,9,159.31726,4,214,159.31726,113.4777816772461,214.61888580322264,54.6827392578125,54.6827392578125,XGBoost,4
2025-12-01,Crestor,TER-10,147,60553.990000000005,3,409.5566666666667,12,4,2025,0,0,214.0,190.0,147.0,184.33333333333331,32.8684245642126,3,9,157.49866,4,147,157.49866,115.92776336669922,211.31093292236326,-10.4986572265625,10.4986572265625,XGBoost,4
2025-05-01,Crestor,TER-11,178,76744.84,4,413.465,5,2,2025,3,0,110.0,220.0,202.0,195.66666666666663,76.4613191969203,3,10,145.00218,4,178,145.00218,104.663862991333,198.46155586242676,32.99781799316406,32.99781799316406,XGBoost,4
2025-06-01,Crestor,TER-11,229,97985.0,3,429.0,6,2,2025,6,0,178.0,257.0,138.0,181.66666666666663,73.56856212631406,3,10,180.953,4,229,180.953,141.57389450073242,228.66209564208984,48.0469970703125,48.0469970703125,XGBoost,4
2025-07-01,Crestor,TER-11,125,54973.56,4,427.81,7,3,2025,1,0,229.0,110.0,145.0,172.33333333333334,59.70203793283216,3,10,133.31635,4,125,133.31635,87.12867660522461,179.6001884460449,-8.31634521484375,8.31634521484375,XGBoost,4
2025-08-01,Crestor,TER-11,108,45140.08,4,430.5,8,3,2025,4,0,125.0,178.0,220.0,177.33333333333334,52.00320502943381,3,10,159.07928,4,108,159.07928,121.79635353088379,206.36654930114744,-51.07928466796875,51.07928466796875,XGBoost,4
2025-09-01,Crestor,TER-11,183,78124.17,4,434.215,9,3,2025,0,0,108.0,229.0,257.0,154.0,65.50572494064924,3,10,150.49367,4,183,150.49367,113.32964324951172,201.7750473022461,32.50633239746094,32.50633239746094,XGBoost,4
2025-10-01,Crestor,TER-11,169,73510.58,4,440.2875,10,4,2025,2,0,183.0,125.0,110.0,138.66666666666666,39.32344508474976,3,10,141.72818,4,169,141.72818,101.22446060180664,196.2621368408203,27.271820068359375,27.271820068359375,XGBoost,4
2025-11-01,Crestor,TER-11,149,63569.36,1,426.64,11,4,2025,5,0,169.0,108.0,178.0,153.33333333333334,39.87898360456708,3,10,170.16805,4,149,170.16805,131.3279037475586,222.56373291015623,-21.168045043945312,21.168045043945312,XGBoost,4
2025-12-01,Crestor,TER-11,151,60149.34,1,398.34,12,4,2025,0,0,149.0,183.0,229.0,167.0,17.088007490634954,3,10,177.0718,4,151,177.0718,137.1576690673828,229.03106689453125,-26.071792602539062,26.071792602539062,XGBoost,4
2025-05-01,Crestor,TER-12,162,69112.73,4,427.1575,5,2,2025,3,0,128.0,157.0,158.0,139.33333333333334,15.502687938977882,3,11,136.79408,4,162,136.79408,94.09346771240234,186.18879623413085,25.205917358398438,25.205917358398438,XGBoost,4
2025-06-01,Crestor,TER-12,162,70099.06,4,424.87,6,2,2025,6,0,162.0,133.0,196.0,141.0,18.35755975068573,3,11,161.41663,4,162,161.41663,119.6303726196289,217.42433795928952,0.5833740234375,0.5833740234375,XGBoost,4
2025-07-01,Crestor,TER-12,118,48586.5,1,411.75,7,3,2025,1,0,162.0,128.0,167.0,150.66666666666666,19.62990915244717,3,11,137.75223,4,118,137.75223,95.79840393066407,190.58041229248045,-19.752227783203125,19.752227783203125,XGBoost,4
2025-08-01,Crestor,TER-12,91,34136.47,3,399.0366666666667,8,3,2025,4,0,118.0,162.0,157.0,147.33333333333334,25.403411844343456,3,11,137.69206,4,91,137.69206,99.94009399414062,189.42657051086425,-46.69206237792969,46.69206237792969,XGBoost,4
2025-09-01,Crestor,TER-12,142,56732.740000000005,3,403.73,9,3,2025,0,0,91.0,162.0,133.0,123.66666666666669,35.837596645608535,3,11,143.72981,4,142,143.72981,103.44816284179687,189.998225402832,-1.7298126220703125,1.7298126220703125,XGBoost,4
2025-10-01,Crestor,TER-12,123,56400.42,1,458.54,10,4,2025,2,0,142.0,118.0,128.0,117.0,25.514701644346133,3,11,132.02274,4,123,132.02274,94.22293701171876,189.619140625,-9.022735595703125,9.022735595703125,XGBoost,4
2025-11-01,Crestor,TER-12,120,49041.6,1,408.68,11,4,2025,5,0,123.0,91.0,162.0,118.66666666666669,25.7746645629644,3,11,139.4477,4,120,139.4477,93.5982276916504,194.71424770355222,-19.44769287109375,19.44769287109375,XGBoost,4
2025-12-01,Crestor,TER-12,207,91445.84,3,421.7,12,4,2025,0,0,120.0,142.0,162.0,128.33333333333334,11.93035344544878,3,11,142.81583,4,207,142.81583,100.15555343627929,197.2087251663208,64.18417358398438,64.18417358398438,XGBoost,4
2025-05-01,Crestor,TER-13,134,59317.14,3,411.2366666666667,5,2,2025,3,0,133.0,126.0,168.0,142.0,21.93171219946129,3,12,136.68246,4,134,136.68246,98.75345001220703,195.75274810791015,-2.682464599609375,2.682464599609375,XGBoost,4
2025-06-01,Crestor,TER-13,130,55849.68,3,432.18666666666667,6,2,2025,6,0,134.0,167.0,202.0,144.66666666666666,19.34769581457525,3,12,155.03566,4,130,155.03566,116.50863494873047,202.78208541870114,-25.035659790039062,25.035659790039062,XGBoost,4
2025-07-01,Crestor,TER-13,136,55462.87,3,403.52,7,3,2025,1,0,130.0,133.0,212.0,132.33333333333334,2.081665999465918,3,12,118.86302,4,136,118.86302,79.94797439575196,171.41055641174316,17.136978149414062,17.136978149414062,XGBoost,4
2025-08-01,Crestor,TER-13,76,34170.36,1,449.61,8,3,2025,4,0,136.0,134.0,126.0,133.33333333333334,3.0550504633037447,3,12,119.81683,4,76,119.81683,81.54047775268555,174.21373920440672,-43.81683349609375,43.81683349609375,XGBoost,4
2025-09-01,Crestor,TER-13,201,76268.64,2,387.94,9,3,2025,0,0,76.0,130.0,167.0,114.0,33.0454232837166,3,12,142.78162,4,201,142.78162,99.46732749938965,195.686058807373,58.2183837890625,58.2183837890625,XGBoost,4
2025-10-01,Crestor,TER-13,165,70138.2,1,425.08,10,4,2025,2,0,201.0,136.0,133.0,137.66666666666666,62.51666444503684,3,12,143.87051,4,165,143.87051,101.50289916992188,205.2417755126953,21.129486083984375,21.129486083984375,XGBoost,4
2025-11-01,Crestor,TER-13,134,55851.82,4,439.7975,11,4,2025,5,0,165.0,76.0,134.0,147.33333333333334,64.34542200757824,3,12,151.49214,4,134,151.49214,111.5940658569336,203.3157196044922,-17.492141723632812,17.492141723632812,XGBoost,4
2025-12-01,Crestor,TER-13,136,58002.64,1,426.49,12,4,2025,0,0,134.0,201.0,130.0,166.66666666666666,33.5310801098523,3,12,160.94626,4,136,160.94626,125.87850646972656,220.82723999023438,-24.946258544921875,24.946258544921875,XGBoost,4
2025-05-01,Crestor,TER-14,116,47599.03,3,412.4933333333333,5,2,2025,3,0,164.0,150.0,178.0,142.33333333333334,26.350205565295543,3,13,120.97382,4,116,120.97382,79.0004768371582,180.12169342041014,-4.973823547363281,4.973823547363281,XGBoost,4
2025-06-01,Crestor,TER-14,117,49803.22,3,434.5633333333333,6,2,2025,6,0,116.0,113.0,131.0,131.0,28.61817604250835,3,13,127.38764,4,117,127.38764,84.15664253234864,180.2624500274658,-10.387641906738281,10.387641906738281,XGBoost,4
2025-07-01,Crestor,TER-14,97,41497.57,1,427.81,7,3,2025,1,0,117.0,164.0,182.0,132.33333333333334,27.428695436227592,3,13,112.42661,4,97,112.42661,74.85032119750977,173.56401596069327,-15.426612854003906,15.426612854003906,XGBoost,4
2025-08-01,Crestor,TER-14,127,53774.54,2,424.0700000000001,8,3,2025,4,0,97.0,116.0,150.0,110.0,11.26942766958463,3,13,135.85596,4,127,135.85596,95.97180519104005,187.50272903442382,-8.85595703125,8.85595703125,XGBoost,4
2025-09-01,Crestor,TER-14,176,72080.61,3,419.7433333333333,9,3,2025,0,0,127.0,117.0,113.0,113.66666666666669,15.275252316519447,3,13,120.61391,4,176,120.61391,80.68197097778321,170.2672191619873,55.38609313964844,55.38609313964844,XGBoost,4
2025-10-01,Crestor,TER-14,99,44631.27,2,459.85,10,4,2025,2,0,176.0,97.0,164.0,133.33333333333334,39.878983604567104,3,13,123.24213,4,99,123.24213,84.78804244995118,178.90771636962884,-24.24212646484375,24.24212646484375,XGBoost,4
2025-11-01,Crestor,TER-14,126,55598.87,2,428.265,11,4,2025,5,0,99.0,127.0,116.0,134.0,38.97435053981013,3,13,141.14543,4,126,141.14543,108.09053649902344,197.17703037261956,-15.145431518554688,15.145431518554688,XGBoost,4
2025-12-01,Crestor,TER-14,192,74824.32,1,389.71,12,4,2025,0,0,126.0,176.0,117.0,133.66666666666666,39.068316233660894,3,13,141.2487,4,192,141.2487,105.41761283874511,196.83177471160886,50.75129699707031,50.75129699707031,XGBoost,4
2025-05-01,Crestor,TER-15,87,34246.06,3,402.2033333333333,5,2,2025,3,0,122.0,122.0,147.0,136.0,24.2487113059643,3,14,121.39804,4,87,121.39804,84.84710273742675,169.15783119201654,-34.398040771484375,34.398040771484375,XGBoost,4
2025-06-01,Crestor,TER-15,112,47786.3,4,421.675,6,2,2025,6,0,87.0,164.0,140.0,124.33333333333331,38.55299383100272,3,14,158.02412,4,112,158.02412,119.084228515625,208.58339233398434,-46.02412414550781,46.02412414550781,XGBoost,4
2025-07-01,Crestor,TER-15,132,54758.79,4,419.2625,7,3,2025,1,0,112.0,122.0,158.0,107.0,18.027756377319964,3,14,132.43704,4,132,132.43704,87.63951110839844,184.19329109191892,-0.437042236328125,0.437042236328125,XGBoost,4
2025-08-01,Crestor,TER-15,98,37716.21,2,382.765,8,3,2025,4,0,132.0,87.0,122.0,110.33333333333331,22.546248764114488,3,14,154.2562,4,98,154.2562,109.09301452636718,203.53108749389648,-56.256195068359375,56.256195068359375,XGBoost,4
2025-09-01,Crestor,TER-15,151,66814.29,4,444.9475,9,3,2025,0,0,98.0,112.0,164.0,114.0,17.088007490635086,3,14,122.80117,4,151,122.80117,76.31468315124512,182.13008460998532,28.198829650878906,28.198829650878906,XGBoost,4
2025-10-01,Crestor,TER-15,126,52623.6,4,409.14,10,4,2025,2,0,151.0,132.0,122.0,127.0,26.85144316419512,3,14,154.4161,4,126,154.4161,122.35925254821778,207.98531494140624,-28.416107177734375,28.416107177734375,XGBoost,4
2025-11-01,Crestor,TER-15,117,50479.65,1,431.45,11,4,2025,5,0,126.0,98.0,87.0,125.0,26.51414716712572,3,14,127.75876,4,117,127.75876,92.15202674865722,181.71686172485352,-10.758758544921875,10.758758544921875,XGBoost,4
2025-12-01,Crestor,TER-15,133,56513.06999999999,4,425.8675,12,4,2025,0,0,117.0,151.0,112.0,131.33333333333334,17.616280348965113,3,14,140.18814,4,133,140.18814,102.18171691894531,195.2434314727783,-7.188140869140625,7.188140869140625,XGBoost,4
2025-05-01,Crestor,TER-16,126,55007.82,1,436.57,5,2,2025,3,0,155.0,135.0,176.0,163.33333333333334,33.29164059239699,3,15,145.21486,4,126,145.21486,103.26185302734375,196.56940994262695,-19.214859008789062,19.214859008789062,XGBoost,4
2025-06-01,Crestor,TER-16,209,85579.70999999999,4,402.72,6,2,2025,6,0,126.0,200.0,118.0,160.33333333333334,37.287173844813374,3,15,144.4983,4,209,144.4983,108.75494613647462,205.90278396606442,64.50169372558594,64.50169372558594,XGBoost,4
2025-07-01,Crestor,TER-16,81,35211.369999999995,3,430.3866666666667,7,3,2025,1,0,209.0,155.0,200.0,163.33333333333334,42.12283624512166,3,15,132.12135,4,81,132.12135,89.42073822021484,185.09643478393554,-51.12135314941406,51.12135314941406,XGBoost,4
2025-08-01,Crestor,TER-16,100,39040.0,1,390.4,8,3,2025,4,0,81.0,126.0,135.0,138.66666666666666,64.93329911018947,3,15,115.942184,4,100,115.942184,76.49617919921874,165.65755882263184,-15.942184448242188,15.942184448242188,XGBoost,4
2025-09-01,Crestor,TER-16,194,82054.94,2,425.11,9,3,2025,0,0,100.0,209.0,200.0,130.0,69.0724257573165,3,15,141.82521,4,194,141.82521,104.2750244140625,194.4011795043945,52.17478942871094,52.17478942871094,XGBoost,4
2025-10-01,Crestor,TER-16,186,78216.72,1,420.52,10,4,2025,2,0,194.0,81.0,155.0,125.0,60.50619802962336,3,15,145.30388,4,186,145.30388,106.83376121520996,195.9664413452148,40.69612121582031,40.69612121582031,XGBoost,4
2025-11-01,Crestor,TER-16,157,62973.85,4,405.615,11,4,2025,5,0,186.0,100.0,126.0,160.0,52.11525688318154,3,15,139.25151,4,157,139.25151,99.26390037536622,191.2614608764648,17.748489379882812,17.748489379882812,XGBoost,4
2025-12-01,Crestor,TER-16,135,63849.6,3,424.7,12,4,2025,0,0,157.0,194.0,209.0,179.0,19.467922333931863,3,15,135.1404,4,135,135.1404,93.24721832275391,191.91364288330078,-0.1403961181640625,0.1403961181640625,XGBoost,4
2025-05-01,Crestor,TER-17,147,61507.54,4,427.7975,5,2,2025,3,0,172.0,166.0,86.0,173.0,7.54983443527075,3,16,117.425156,4,147,117.425156,81.64551010131837,168.6443328857422,29.574844360351562,29.574844360351562,XGBoost,4
2025-06-01,Crestor,TER-17,172,62072.04,2,391.92,6,2,2025,6,0,147.0,181.0,156.0,166.66666666666666,17.61628034896508,3,16,120.90022,4,172,120.90022,83.68167343139649,179.29716682434076,51.09977722167969,51.09977722167969,XGBoost,4
2025-07-01,Crestor,TER-17,135,54293.3,4,412.2125,7,3,2025,1,0,172.0,172.0,93.0,163.66666666666666,14.433756729740638,3,16,107.83053,4,135,107.83053,69.27799072265626,161.3642963409423,27.169471740722656,27.169471740722656,XGBoost,4
2025-08-01,Crestor,TER-17,114,51060.93,3,432.58,8,3,2025,4,0,135.0,147.0,166.0,151.33333333333334,18.87679351302369,3,16,123.19266,4,114,123.19266,77.61041870117188,177.6027681350708,-9.192657470703125,9.192657470703125,XGBoost,4
2025-09-01,Crestor,TER-17,87,34787.82,1,399.86,9,3,2025,0,0,114.0,172.0,181.0,140.33333333333334,29.36551265231604,3,16,116.921776,4,87,116.921776,76.42581939697266,170.73098831176756,-29.921775817871094,29.921775817871094,XGBoost,4
2025-10-01,Crestor,TER-17,109,44391.83,4,411.935,10,4,2025,2,0,87.0,135.0,172.0,112.0,24.06241883103195,3,16,132.97401,4,109,132.97401,89.76841506958007,182.4046966552734,-23.974014282226562,23.974014282226562,XGBoost,4
2025-11-01,Crestor,TER-17,166,66311.29000000001,4,413.09,11,4,2025,5,0,109.0,114.0,147.0,103.33333333333331,14.364307617610208,3,16,135.14452,4,166,135.14452,97.38463821411133,193.62289886474608,30.855484008789062,30.855484008789062,XGBoost,4
2025-12-01,Crestor,TER-17,140,62803.4,2,455.785,12,4,2025,0,0,166.0,87.0,172.0,120.66666666666669,40.771722226726375,3,16,113.773125,4,140,113.773125,78.01467170715333,163.9168361663818,26.22687530517578,26.22687530517578,XGBoost,4
2025-05-01,Crestor,TER-18,163,71661.44,3,437.14,5,2,2025,3,0,133.0,112.0,124.0,149.0,47.08502946797421,3,17,123.5307,4,163,123.5307,84.94501342773438,177.91061305999756,39.46929931640625,39.46929931640625,XGBoost,4
2025-06-01,Crestor,TER-18,104,45088.2,2,419.375,6,2,2025,6,0,163.0,202.0,164.0,166.0,34.59768778401238,3,17,133.51735,4,104,133.51735,93.44391632080078,185.41953086853025,-29.517349243164062,29.517349243164062,XGBoost,4
2025-07-01,Crestor,TER-18,98,42996.52,1,438.74,7,3,2025,1,0,104.0,133.0,180.0,133.33333333333334,29.50141239556732,3,17,113.20783,4,98,113.20783,66.03133392333984,161.4511295318603,-15.207832336425781,15.207832336425781,XGBoost,4
2025-08-01,Crestor,TER-18,113,50484.72,2,445.605,8,3,2025,4,0,98.0,163.0,112.0,121.66666666666669,35.92121007612818,3,17,119.66019,4,113,119.66019,81.17793617248535,170.85274124145508,-6.660186767578125,6.660186767578125,XGBoost,4
2025-09-01,Crestor,TER-18,108,46247.67,4,418.4475,9,3,2025,0,0,113.0,104.0,202.0,105.0,7.549834435270735,3,17,111.993484,4,108,111.993484,73.41483650207519,160.65789031982422,-3.9934844970703125,3.9934844970703125,XGBoost,4
2025-10-01,Crestor,TER-18,113,47228.31,2,417.795,10,4,2025,2,0,108.0,98.0,133.0,106.33333333333331,7.637626158259719,3,17,129.25475,4,113,129.25475,92.08483581542968,182.10999946594237,-16.254745483398438,16.254745483398438,XGBoost,4
2025-11-01,Crestor,TER-18,129,53171.83,4,421.1725,11,4,2025,5,0,113.0,113.0,163.0,111.33333333333331,2.886751345948098,3,17,128.8694,4,129,128.8694,94.98330764770508,183.9061050415039,0.1305999755859375,0.1305999755859375,XGBoost,4
2025-12-01,Crestor,TER-18,97,42345.35,1,436.55,12,4,2025,0,0,129.0,108.0,104.0,116.66666666666669,10.96965511460288,3,17,109.809074,4,97,109.809074,71.32044906616211,166.95988311767576,-12.809074401855469,12.809074401855469,XGBoost,4
2025-05-01,Crestor,TER-19,117,45818.18,3,398.7866666666666,5,2,2025,3,0,121.0,99.0,146.0,135.66666666666666,45.79665198825492,3,18,114.00937,4,117,114.00937,66.76185607910156,171.16290664672852,2.990631103515625,2.990631103515625,XGBoost,4
2025-06-01,Crestor,TER-19,160,72814.4,2,432.35,6,2,2025,6,0,117.0,187.0,138.0,141.66666666666666,39.31072796748152,3,18,133.00089,4,160,133.00089,93.04551391601562,187.5762395858763,26.999114990234375,26.999114990234375,XGBoost,4
2025-07-01,Crestor,TER-19,98,39071.62,2,416.18,7,3,2025,1,0,160.0,121.0,128.0,132.66666666666666,23.75570107012911,3,18,105.396255,4,98,105.396255,68.34671211242676,157.84817657470703,-7.3962554931640625,7.3962554931640625,XGBoost,4
2025-08-01,Crestor,TER-19,101,37734.61,1,373.61,8,3,2025,4,0,98.0,117.0,99.0,125.0,31.76476034853718,3,18,135.5427,4,101,135.5427,92.32953033447265,193.1614994049072,-34.542694091796875,34.542694091796875,XGBoost,4
2025-09-01,Crestor,TER-19,171,75666.73999999999,4,432.8275,9,3,2025,0,0,101.0,160.0,187.0,119.66666666666669,34.961884007206095,3,18,125.04824,4,171,125.04824,82.26509399414063,180.05969505310057,45.951759338378906,45.951759338378906,XGBoost,4
2025-10-01,Crestor,TER-19,87,34204.05,1,393.15,10,4,2025,2,0,171.0,98.0,121.0,123.33333333333331,41.30778780488413,3,18,140.9917,4,87,140.9917,100.21827697753906,198.66821861267087,-53.99169921875,53.99169921875,XGBoost,4
2025-11-01,Crestor,TER-19,144,55108.8,1,382.7,11,4,2025,5,0,87.0,101.0,117.0,119.66666666666669,45.00370355130046,3,18,135.539,4,144,135.539,92.41016883850098,182.82626609802244,8.46099853515625,8.46099853515625,XGBoost,4
2025-12-01,Crestor,TER-19,98,38066.14,3,384.6566666666667,12,4,2025,0,0,144.0,171.0,160.0,134.0,42.883563284783136,3,18,143.7316,4,98,143.7316,104.88581848144531,192.39722785949706,-45.731597900390625,45.731597900390625,XGBoost,4
2025-05-01,Crestor,TER-20,97,44160.15,2,455.865,5,2,2025,3,0,86.0,135.0,148.0,121.66666666666669,31.214312956291916,3,19,97.60429,4,97,97.60429,56.04436492919922,149.79333038330077,-0.6042861938476562,0.6042861938476562,XGBoost,4
2025-06-01,Crestor,TER-20,153,61776.26,4,418.4775,6,2,2025,6,0,97.0,144.0,113.0,109.0,30.80584360149873,3,19,122.927666,4,153,122.927666,82.64396667480469,176.9632549285888,30.07233428955078,30.07233428955078,XGBoost,4
2025-07-01,Crestor,TER-20,97,40057.12,3,419.8766666666667,7,3,2025,1,0,153.0,86.0,117.0,112.0,35.93048844644336,3,19,113.85782,4,97,113.85782,75.34384689331054,165.58576202392578,-16.857818603515625,16.857818603515625,XGBoost,4
2025-08-01,Crestor,TER-20,93,40756.11,2,445.81,8,3,2025,4,0,97.0,97.0,135.0,115.66666666666669,32.331615074619044,3,19,105.18874,4,93,105.18874,61.85741195678712,167.15662918090817,-12.188743591308594,12.188743591308594,XGBoost,4
2025-09-01,Crestor,TER-20,155,67350.6,1,434.52,9,3,2025,0,0,93.0,153.0,144.0,114.33333333333331,33.54598833442434,3,19,115.82617,4,155,115.82617,77.2411491394043,168.00240325927734,39.173828125,39.173828125,XGBoost,4
2025-10-01,Crestor,TER-20,102,40331.12,3,418.4433333333333,10,4,2025,2,0,155.0,97.0,86.0,115.0,34.698703145794944,3,19,130.29346,4,102,130.29346,87.0372817993164,179.71228981018064,-28.29345703125,28.29345703125,XGBoost,4
2025-11-01,Crestor,TER-20,113,44540.35,4,394.985,11,4,2025,5,0,102.0,93.0,97.0,116.66666666666669,33.50124375800596,3,19,113.368744,4,113,113.368744,70.13712120056152,166.39072608947748,-0.368743896484375,0.368743896484375,XGBoost,4
2025-12-01,Crestor,TER-20,161,71196.28,4,433.435,12,4,2025,0,0,113.0,155.0,153.0,123.33333333333331,27.970222261064237,3,19,124.092545,4,161,124.092545,78.03622436523438,176.46738929748534,36.90745544433594,36.90745544433594,XGBoost,4
2025-05-01,Enbrel,TER-01,49,142294.04,1,2903.96,5,2,2025,3,0,95.0,80.0,76.0,81.66666666666667,12.583057392117906,4,0,65.97805,4,49,65.97805,30.22284698486328,117.87052917480466,-16.978050231933594,16.978050231933594,XGBoost,4
2025-06-01,Enbrel,TER-01,97,268206.22,3,2759.3366666666666,6,2,2025,6,0,49.0,70.0,88.0,71.33333333333333,23.028967265887825,4,0,68.24994,4,97,68.24994,30.334400939941407,120.0031539916992,28.75006103515625,28.75006103515625,XGBoost,4
2025-07-01,Enbrel,TER-01,50,139091.5,1,2781.83,7,3,2025,1,0,97.0,95.0,79.0,80.33333333333333,27.15388247255506,4,0,61.87585,4,50,61.87585,20.2390079498291,113.76750106811521,-11.875850677490234,11.875850677490234,XGBoost,4
2025-08-01,Enbrel,TER-01,42,123763.94,4,2932.8775,8,3,2025,4,0,50.0,49.0,80.0,65.33333333333333,27.428695436227603,4,0,52.35239,4,42,52.35239,6.642810821533204,106.40958023071288,-10.35239028930664,10.35239028930664,XGBoost,4
2025-09-01,Enbrel,TER-01,92,256367.88,2,2729.23,9,3,2025,0,0,42.0,97.0,70.0,63.0,29.71531591620725,4,0,59.39033,4,92,59.39033,19.434960174560548,111.5763416290283,32.60966873168945,32.60966873168945,XGBoost,4
2025-10-01,Enbrel,TER-01,60,165482.4,1,2758.04,10,4,2025,2,0,92.0,50.0,95.0,61.333333333333336,26.85764943797824,4,0,75.552,4,60,75.552,29.075225830078125,127.37771987915039,-15.552001953125,15.552001953125,XGBoost,4
2025-11-01,Enbrel,TER-01,79,228358.01,2,2920.165,11,4,2025,5,0,60.0,42.0,49.0,64.66666666666667,25.324559884296765,4,0,62.109543,4,79,62.109543,16.111610412597656,116.0889331817627,16.890457153320312,16.890457153320312,XGBoost,4
2025-12-01,Enbrel,TER-01,66,187854.58,2,2910.08,12,4,2025,0,0,79.0,92.0,97.0,77.0,16.093476939431067,4,0,61.365353,4,66,61.365353,18.053952026367188,112.64673233032227,4.634647369384766,4.634647369384766,XGBoost,4
2025-05-01,Enbrel,TER-02,73,204904.0,2,2887.36,5,2,2025,3,0,58.0,48.0,53.0,54.66666666666666,5.77350269189622,4,1,59.532684,4,73,59.532684,19.111685180664065,110.77476692199703,13.467315673828125,13.467315673828125,XGBoost,4
2025-06-01,Enbrel,TER-02,66,189269.85,2,2867.725,6,2,2025,6,0,73.0,58.0,101.0,63.0,8.660254037844375,4,1,63.331493,4,66,63.331493,15.754349517822266,118.62537841796875,2.668506622314453,2.668506622314453,XGBoost,4
2025-07-01,Enbrel,TER-02,56,160175.68,1,2860.28,7,3,2025,1,0,66.0,58.0,59.0,65.66666666666667,7.505553499465126,4,1,55.00804,4,56,55.00804,16.168722152709964,114.59704589843747,0.9919586181640625,0.9919586181640625,XGBoost,4
2025-08-01,Enbrel,TER-02,76,220230.95,2,2899.685,8,3,2025,4,0,56.0,73.0,48.0,65.0,8.54400374531752,4,1,53.03616,4,76,53.03616,11.143665313720705,104.67824363708496,22.96384048461914,22.96384048461914,XGBoost,4
2025-09-01,Enbrel,TER-02,50,134676.16999999998,4,2772.025,9,3,2025,0,0,76.0,66.0,58.0,66.0,9.999999999999991,4,1,61.27114,4,50,61.27114,23.97348442077637,115.29400863647457,-11.271141052246094,11.271141052246094,XGBoost,4
2025-10-01,Enbrel,TER-02,82,230833.86,2,2797.95,10,4,2025,2,0,50.0,56.0,58.0,60.66666666666666,13.613718571108077,4,1,61.466457,4,82,61.466457,18.687382125854494,115.01527786254883,20.53354263305664,20.53354263305664,XGBoost,4
2025-11-01,Enbrel,TER-02,71,197136.45,3,2787.4566666666665,11,4,2025,5,0,82.0,76.0,73.0,69.33333333333333,17.009801096230767,4,1,76.055504,4,71,76.055504,32.81156539916992,127.87908172607422,-5.055503845214844,5.055503845214844,XGBoost,4
2025-12-01,Enbrel,TER-02,61,165743.76,4,2733.7,12,4,2025,0,0,71.0,50.0,66.0,67.66666666666667,16.258331197676267,4,1,65.39979,4,61,65.39979,31.80656967163086,119.40669898986815,-4.399787902832031,4.399787902832031,XGBoost,4
2025-05-01,Enbrel,TER-03,75,216460.3,4,2912.775,5,2,2025,3,0,69.0,49.0,50.0,64.0,13.228756555322956,4,2,53.920727,4,75,53.920727,14.442523956298832,105.74430465698242,21.079273223876953,21.079273223876953,XGBoost,4
2025-06-01,Enbrel,TER-03,71,195781.08,1,2757.48,6,2,2025,6,0,75.0,74.0,50.0,72.66666666666667,3.214550253664368,4,2,70.59269,4,71,70.59269,29.779942321777344,125.01252384185788,0.40731048583984375,0.40731048583984375,XGBoost,4
2025-07-01,Enbrel,TER-03,59,166100.8,2,2809.09,7,3,2025,1,0,71.0,69.0,85.0,71.66666666666667,3.055050463303941,4,2,51.374996,4,59,51.374996,21.526736450195312,110.64689254760742,7.625003814697266,7.625003814697266,XGBoost,4
2025-08-01,Enbrel,TER-03,47,123709.74,3,2708.5766666666664,8,3,2025,4,0,59.0,75.0,49.0,68.33333333333333,8.326663997864545,4,2,67.33134,4,47,67.33134,29.403962326049804,125.78447723388672,-20.331336975097656,20.331336975097656,XGBoost,4
2025-09-01,Enbrel,TER-03,47,121064.48,1,2575.84,9,3,2025,0,0,47.0,71.0,74.0,59.0,12.000000000000009,4,2,62.267117,4,47,62.267117,25.618665313720705,121.46629867553706,-15.26711654663086,15.26711654663086,XGBoost,4
2025-10-01,Enbrel,TER-03,61,174732.21,4,2824.1,10,4,2025,2,0,47.0,59.0,69.0,51.0,6.928203230275524,4,2,54.502644,4,61,54.502644,12.048401641845704,106.50371475219723,6.497356414794922,6.497356414794922,XGBoost,4
2025-11-01,Enbrel,TER-03,83,229637.54,3,2779.8466666666664,11,4,2025,5,0,61.0,47.0,75.0,51.66666666666666,8.082903768654774,4,2,69.74825,4,83,69.74825,32.2365665435791,122.77135543823238,13.251747131347656,13.251747131347656,XGBoost,4
2025-12-01,Enbrel,TER-03,81,230654.5,3,2824.24,12,4,2025,0,0,83.0,47.0,71.0,63.66666666666666,18.14754345175494,4,2,50.475327,4,81,50.475327,8.904432678222657,104.87356872558593,30.524673461914062,30.524673461914062,XGBoost,4
2025-05-01,Enbrel,TER-04,53,145681.25,4,2737.1275,5,2,2025,3,0,39.0,61.0,51.0,50.333333333333336,11.01514109457221,4,3,53.95346,4,53,53.95346,14.021524810791016,111.30051918029784,-0.953460693359375,0.953460693359375,XGBoost,4
2025-06-01,Enbrel,TER-04,81,216264.24,4,2647.7175,6,2,2025,6,0,53.0,51.0,77.0,47.66666666666666,7.571877794400374,4,3,59.156765,4,81,59.156765,24.363227844238285,113.92006607055663,21.84323501586914,21.84323501586914,XGBoost,4
2025-07-01,Enbrel,TER-04,46,122768.2,2,2677.34,7,3,2025,1,0,81.0,39.0,49.0,57.66666666666666,21.385353243127252,4,3,51.515,4,46,51.515,11.488796997070313,109.51142959594726,-5.5149993896484375,5.5149993896484375,XGBoost,4
2025-08-01,Enbrel,TER-04,60,162885.96000000002,2,2724.69,8,3,2025,4,0,46.0,53.0,61.0,60.0,18.52025917745214,4,3,54.73506,4,60,54.73506,18.556808471679688,102.99982490539544,5.2649383544921875,5.2649383544921875,XGBoost,4
2025-09-01,Enbrel,TER-04,44,119048.19,4,2742.8025,9,3,2025,0,0,60.0,81.0,51.0,62.333333333333336,17.616280348965088,4,3,60.397087,4,44,60.397087,16.679973220825197,112.26402015686035,-16.39708709716797,16.39708709716797,XGBoost,4
2025-10-01,Enbrel,TER-04,44,130918.48,1,2975.42,10,4,2025,2,0,44.0,46.0,39.0,50.0,8.717797887081357,4,3,52.005043,4,44,52.005043,9.232568359375001,113.47818946838376,-8.005043029785156,8.005043029785156,XGBoost,4
2025-11-01,Enbrel,TER-04,64,198384.37,3,2991.4300000000003,11,4,2025,5,0,44.0,60.0,53.0,49.333333333333336,9.237604307034022,4,3,58.26862,4,64,58.26862,15.135555267333984,115.42215728759764,5.731380462646484,5.731380462646484,XGBoost,4
2025-12-01,Enbrel,TER-04,82,223832.04,4,2751.1225,12,4,2025,0,0,64.0,44.0,81.0,50.66666666666666,11.547005383792524,4,3,51.458744,4,82,51.458744,15.312997817993166,109.79981689453125,30.541255950927734,30.541255950927734,XGBoost,4
2025-05-01,Enbrel,TER-05,52,143228.72,2,2755.98,5,2,2025,3,0,71.0,42.0,58.0,61.0,16.46207763315433,4,4,54.631634,4,52,54.631634,12.712830352783204,109.12591171264648,-2.631633758544922,2.631633758544922,XGBoost,4
2025-06-01,Enbrel,TER-05,52,150712.25,2,2860.185,6,2,2025,6,0,52.0,70.0,67.0,64.33333333333333,10.69267662156363,4,4,56.320072,4,52,56.320072,12.548084259033203,108.72879562377928,-4.320072174072266,4.320072174072266,XGBoost,4
2025-07-01,Enbrel,TER-05,57,156751.19,3,2793.536666666667,7,3,2025,1,0,52.0,71.0,70.0,58.333333333333336,10.969655114602888,4,4,49.588135,4,57,49.588135,6.25384140014649,104.00628051757812,7.411865234375,7.411865234375,XGBoost,4
2025-08-01,Enbrel,TER-05,54,142860.93,2,2632.455,8,3,2025,4,0,57.0,52.0,42.0,53.66666666666666,2.886751345948112,4,4,54.856068,4,54,54.856068,11.191128540039067,105.62028121948242,-0.8560676574707031,0.8560676574707031,XGBoost,4
2025-09-01,Enbrel,TER-05,71,203555.55,4,2820.5025,9,3,2025,0,0,54.0,52.0,70.0,54.333333333333336,2.516611478423565,4,4,50.252007,4,71,50.252007,12.23669052124024,109.18955993652344,20.74799346923828,20.74799346923828,XGBoost,4
2025-10-01,Enbrel,TER-05,70,178871.0,1,2555.3,10,4,2025,2,0,71.0,57.0,71.0,60.66666666666666,9.073771725877462,4,4,63.088135,4,70,63.088135,24.12223815917969,118.04098510742188,6.911865234375,6.911865234375,XGBoost,4
2025-11-01,Enbrel,TER-05,74,207831.96,1,2808.54,11,4,2025,5,0,70.0,54.0,52.0,65.0,9.539392014169453,4,4,59.432854,4,74,59.432854,20.864847946166993,108.83833580017088,14.567146301269531,14.567146301269531,XGBoost,4
2025-12-01,Enbrel,TER-05,65,181075.05,1,2785.77,12,4,2025,0,0,74.0,71.0,52.0,71.66666666666667,2.081665999466113,4,4,55.38387,4,65,55.38387,16.730548858642578,108.24141120910643,9.616130828857422,9.616130828857422,XGBoost,4
2025-05-01,Enbrel,TER-06,51,136382.16,1,2674.16,5,2,2025,3,0,40.0,64.0,42.0,61.0,19.672315572906,4,5,51.798832,4,51,51.798832,4.903812408447266,101.43643493652344,-0.7988319396972656,0.7988319396972656,XGBoost,4
2025-06-01,Enbrel,TER-06,40,118572.8,1,2964.32,6,2,2025,6,0,51.0,79.0,46.0,56.66666666666666,20.108041509140897,4,5,63.62989,4,40,63.62989,18.477745056152344,115.40427551269526,-23.62989044189453,23.62989044189453,XGBoost,4
2025-07-01,Enbrel,TER-06,29,84894.49,4,2843.57,7,3,2025,1,0,40.0,40.0,68.0,43.66666666666666,6.350852961085874,4,5,40.16343,4,29,40.16343,1.2143852233886732,98.4956359863281,-11.163429260253906,11.163429260253906,XGBoost,4
2025-08-01,Enbrel,TER-06,53,159953.47,1,3017.99,8,3,2025,4,0,29.0,51.0,64.0,40.0,10.999999999999996,4,5,42.474598,4,53,42.474598,0.0,95.49658012390132,10.525402069091797,10.525402069091797,XGBoost,4
2025-09-01,Enbrel,TER-06,44,115748.41,3,2776.6200000000003,9,3,2025,0,0,53.0,40.0,79.0,40.66666666666666,12.01388086062673,4,5,43.326313,4,44,43.326313,8.276387023925782,95.78528976440423,0.6736869812011719,0.6736869812011719,XGBoost,4
2025-10-01,Enbrel,TER-06,60,175174.94999999998,2,2893.415,10,4,2025,2,0,44.0,29.0,40.0,42.0,12.124355652982135,4,5,45.357296,4,60,45.357296,6.694523239135751,99.16650848388672,14.642704010009766,14.642704010009766,XGBoost,4
2025-11-01,Enbrel,TER-06,60,153990.6,1,2566.51,11,4,2025,5,0,60.0,53.0,51.0,52.333333333333336,8.020806277010637,4,5,59.771126,4,60,59.771126,16.382816314697266,116.58735580444332,0.22887420654296875,0.22887420654296875,XGBoost,4
2025-12-01,Enbrel,TER-06,49,136308.09000000003,3,2806.156666666667,12,4,2025,0,0,60.0,44.0,40.0,54.66666666666666,9.237604307034008,4,5,48.74822,4,49,48.74822,5.619353103637695,105.58509674072265,0.2517814636230469,0.2517814636230469,XGBoost,4
2025-05-01,Enbrel,TER-07,46,122339.76,1,2659.56,5,2,2025,3,0,47.0,56.0,52.0,48.66666666666666,6.658328118479411,4,6,51.21063,4,46,51.21063,11.197277069091797,106.09506378173826,-5.210628509521484,5.210628509521484,XGBoost,4
2025-06-01,Enbrel,TER-07,62,166977.16,1,2693.18,6,2,2025,6,0,46.0,43.0,64.0,45.333333333333336,2.081665999466168,4,6,54.250664,4,62,54.250664,11.042821502685547,105.48025588989258,7.749336242675781,7.749336242675781,XGBoost,4
2025-07-01,Enbrel,TER-07,29,80937.27,4,2816.52,7,3,2025,1,0,62.0,47.0,38.0,51.66666666666666,8.96288643983252,4,6,41.889137,4,29,41.889137,7.803491210937503,92.02086486816404,-12.889137268066406,12.889137268066406,XGBoost,4
2025-08-01,Enbrel,TER-07,33,89827.67,4,2723.6025,8,3,2025,4,0,29.0,46.0,56.0,45.66666666666666,16.502525059315424,4,6,45.76267,4,33,45.76267,6.94484100341797,96.32062377929684,-12.76266860961914,12.76266860961914,XGBoost,4
2025-09-01,Enbrel,TER-07,52,140649.8,4,2711.5225,9,3,2025,0,0,33.0,62.0,43.0,41.333333333333336,18.0092568789868,4,6,42.46228,4,52,42.46228,0.0,94.35468292236327,9.5377197265625,9.5377197265625,XGBoost,4
2025-10-01,Enbrel,TER-07,64,181969.44,4,2872.49,10,4,2025,2,0,52.0,29.0,47.0,38.0,12.288205727444506,4,6,46.75919,4,64,46.75919,0.0,96.1420181274414,17.24081039428711,17.24081039428711,XGBoost,4
2025-11-01,Enbrel,TER-07,47,129706.26,3,2757.3,11,4,2025,5,0,64.0,33.0,46.0,49.66666666666666,15.63116545025782,4,6,54.057877,4,47,54.057877,19.64313888549805,103.70252571105956,-7.0578765869140625,7.0578765869140625,XGBoost,4
2025-12-01,Enbrel,TER-07,66,187466.91,2,2811.495,12,4,2025,0,0,47.0,52.0,62.0,54.333333333333336,8.736894948054145,4,6,50.046814,4,66,50.046814,15.30399856567383,107.71367378234861,15.95318603515625,15.95318603515625,XGBoost,4
2025-05-01,Enbrel,TER-08,41,112939.44,2,2821.125,5,2,2025,3,0,60.0,37.0,41.0,53.66666666666666,14.571661996262936,4,7,50.05012,4,41,50.05012,6.670195007324219,99.32431106567383,-9.050121307373047,9.050121307373047,XGBoost,4
2025-06-01,Enbrel,TER-08,57,158524.98,1,2781.14,6,2,2025,6,0,41.0,64.0,46.0,55.0,12.288205727444517,4,7,57.690975,4,57,57.690975,14.47843475341797,109.54279327392575,-0.6909751892089844,0.6909751892089844,XGBoost,4
2025-07-01,Enbrel,TER-08,37,99070.46,1,2677.58,7,3,2025,1,0,57.0,60.0,56.0,52.66666666666666,10.21436896402972,4,7,48.4993,4,37,48.4993,9.558538436889657,98.39429702758785,-11.499298095703125,11.499298095703125,XGBoost,4
2025-08-01,Enbrel,TER-08,54,154501.02,1,2861.13,8,3,2025,4,0,37.0,41.0,37.0,45.0,10.583005244258372,4,7,48.35552,4,54,48.35552,12.06286697387696,99.59092330932616,5.644481658935547,5.644481658935547,XGBoost,4
2025-09-01,Enbrel,TER-08,63,175710.5,4,2763.915,9,3,2025,0,0,54.0,57.0,64.0,49.333333333333336,10.785793124908968,4,7,47.94141,4,63,47.94141,4.784983444213869,94.11138496398921,15.058589935302734,15.058589935302734,XGBoost,4
2025-10-01,Enbrel,TER-08,59,173856.48,1,2946.72,10,4,2025,2,0,63.0,37.0,60.0,51.333333333333336,13.20353488022558,4,7,53.753815,4,59,53.753815,10.407575988769532,100.22633056640616,5.246185302734375,5.246185302734375,XGBoost,4
2025-11-01,Enbrel,TER-08,59,177246.62,1,3004.18,11,4,2025,5,0,59.0,54.0,41.0,58.66666666666666,4.50924975282291,4,7,54.369247,4,59,54.369247,17.5579891204834,109.32357597351074,4.6307525634765625,4.6307525634765625,XGBoost,4
2025-12-01,Enbrel,TER-08,53,142852.21,3,2718.32,12,4,2025,0,0,59.0,63.0,57.0,60.333333333333336,2.3094010767585367,4,7,45.75581,4,53,45.75581,11.32871246337891,95.82956542968749,7.244190216064453,7.244190216064453,XGBoost,4
2025-05-01,Enbrel,TER-09,36,96913.08,1,2692.03,5,2,2025,3,0,51.0,38.0,49.0,46.0,7.000000000000009,4,8,47.54373,4,36,47.54373,12.146503829956055,103.17991180419915,-11.543731689453125,11.543731689453125,XGBoost,4
2025-06-01,Enbrel,TER-09,56,154999.72,3,2761.7533333333336,6,2,2025,6,0,36.0,49.0,43.0,45.333333333333336,8.144527815247086,4,8,49.17644,4,56,49.17644,11.823261642456057,102.1687889099121,6.823558807373047,6.823558807373047,XGBoost,4
2025-07-01,Enbrel,TER-09,40,110561.34,4,2755.41,7,3,2025,1,0,56.0,51.0,40.0,47.66666666666666,10.408329997330672,4,8,41.043102,4,40,41.043102,0.0,94.10855751037593,-1.0431022644042969,1.0431022644042969,XGBoost,4
2025-08-01,Enbrel,TER-09,43,117710.4,4,2733.2775,8,3,2025,4,0,40.0,36.0,38.0,44.0,10.583005244258368,4,8,43.656204,4,43,43.656204,5.35635223388672,97.46429634094237,-0.6562042236328125,0.6562042236328125,XGBoost,4
2025-09-01,Enbrel,TER-09,50,147860.53,3,2908.613333333333,9,3,2025,0,0,43.0,56.0,49.0,46.333333333333336,8.50490054811539,4,8,42.21306,4,50,42.21306,2.3767261505126953,92.33319969177244,7.7869415283203125,7.7869415283203125,XGBoost,4
2025-10-01,Enbrel,TER-09,49,135615.43,3,2806.476666666667,10,4,2025,2,0,50.0,40.0,51.0,44.333333333333336,5.131601439446899,4,8,46.56325,4,49,46.56325,10.279228973388674,100.59884071350093,2.436748504638672,2.436748504638672,XGBoost,4
2025-11-01,Enbrel,TER-09,55,163533.7,1,2973.34,11,4,2025,5,0,49.0,43.0,36.0,47.333333333333336,3.785938897200202,4,8,48.679585,4,55,48.679585,7.108690643310547,106.30232620239255,6.320415496826172,6.320415496826172,XGBoost,4
2025-12-01,Enbrel,TER-09,66,182861.19,3,2779.92,12,4,2025,0,0,55.0,50.0,56.0,51.333333333333336,3.2145502536643398,4,8,45.68889,4,66,45.68889,7.969245910644531,100.18316650390625,20.311111450195312,20.311111450195312,XGBoost,4
2025-05-01,Enbrel,TER-10,53,144505.59999999998,4,2753.3075,5,2,2025,3,0,46.0,46.0,63.0,46.66666666666666,1.1547005383794775,4,9,47.35055,4,53,47.35055,1.2544860839843772,102.93847274780273,5.649448394775391,5.649448394775391,XGBoost,4
2025-06-01,Enbrel,TER-10,61,168449.67,1,2761.47,6,2,2025,6,0,53.0,48.0,52.0,49.0,3.6055512754640535,4,9,52.313816,4,61,52.313816,12.376415252685552,105.38039169311519,8.68618392944336,8.68618392944336,XGBoost,4
2025-07-01,Enbrel,TER-10,50,140828.99,4,2819.99,7,3,2025,1,0,61.0,46.0,66.0,53.333333333333336,7.505553499465157,4,9,48.360245,4,50,48.360245,3.208099365234375,100.10153770446776,1.6397552490234375,1.6397552490234375,XGBoost,4
2025-08-01,Enbrel,TER-10,44,127266.75,3,2924.113333333333,8,3,2025,4,0,50.0,53.0,46.0,54.66666666666666,5.686240703077354,4,9,51.444267,4,44,51.444267,9.575489044189453,105.24454498291016,-7.444267272949219,7.444267272949219,XGBoost,4
2025-09-01,Enbrel,TER-10,65,190333.89,4,2701.2775,9,3,2025,0,0,44.0,61.0,48.0,51.66666666666666,8.621678104251732,4,9,47.127846,4,65,47.127846,7.119673156738285,100.93593788146971,17.872154235839844,17.872154235839844,XGBoost,4
2025-10-01,Enbrel,TER-10,53,151736.28,4,2829.685,10,4,2025,2,0,65.0,50.0,46.0,53.0,10.816653826391986,4,9,53.352234,4,53,53.352234,12.888438796997074,105.75409393310544,-0.35223388671875,0.35223388671875,XGBoost,4
2025-11-01,Enbrel,TER-10,49,122940.02,1,2508.98,11,4,2025,5,0,53.0,44.0,53.0,54.0,10.535653752852758,4,9,61.718575,4,49,61.718575,22.33864402770996,116.48187561035155,-12.718574523925781,12.718574523925781,XGBoost,4
2025-12-01,Enbrel,TER-10,66,183985.91,3,2757.736666666666,12,4,2025,0,0,49.0,65.0,61.0,55.66666666666666,8.326663997864554,4,9,52.168945,4,66,52.168945,13.712840270996093,106.93224639892577,13.8310546875,13.8310546875,XGBoost,4
2025-05-01,Enbrel,TER-11,45,132071.09,2,2936.205,5,2,2025,3,0,56.0,49.0,50.0,58.333333333333336,10.692676621563637,4,10,50.062843,4,45,50.062843,13.435941314697269,106.86101150512692,-5.062843322753906,5.062843322753906,XGBoost,4
2025-06-01,Enbrel,TER-11,54,158471.72999999998,2,2931.445,6,2,2025,6,0,45.0,70.0,54.0,57.0,12.529964086141677,4,10,57.222023,4,54,57.222023,22.942234420776366,106.50880050659178,-3.2220230102539062,3.2220230102539062,XGBoost,4
2025-07-01,Enbrel,TER-11,30,85001.34,2,2868.985,7,3,2025,1,0,54.0,56.0,59.0,51.66666666666666,5.85946527708233,4,10,47.79011,4,30,47.79011,8.996848678588867,98.57576026916502,-17.790111541748047,17.790111541748047,XGBoost,4
2025-08-01,Enbrel,TER-11,32,85740.17,4,2755.3925,8,3,2025,4,0,30.0,45.0,49.0,43.0,12.124355652982148,4,10,44.57464,4,32,44.57464,0.0,90.02352523803708,-12.574638366699219,12.574638366699219,XGBoost,4
2025-09-01,Enbrel,TER-11,43,126355.07,1,2938.49,9,3,2025,0,0,32.0,54.0,70.0,38.66666666666666,13.316656236958792,4,10,47.47466,4,43,47.47466,4.345793533325195,98.71891021728513,-4.474658966064453,4.474658966064453,XGBoost,4
2025-10-01,Enbrel,TER-11,40,118086.97,2,2867.5950000000003,10,4,2025,2,0,43.0,30.0,56.0,35.0,7.000000000000007,4,10,47.990303,4,40,47.990303,9.399242782592774,100.96538467407227,-7.990303039550781,7.990303039550781,XGBoost,4
2025-11-01,Enbrel,TER-11,61,165721.75,1,2716.75,11,4,2025,5,0,40.0,32.0,45.0,38.333333333333336,5.686240703077336,4,10,54.07969,4,61,54.07969,15.714956665039066,110.92227172851561,6.920310974121094,6.920310974121094,XGBoost,4
2025-12-01,Enbrel,TER-11,56,153734.69,4,2811.1125,12,4,2025,0,0,61.0,43.0,54.0,48.0,11.35781669160055,4,10,42.6281,4,56,42.6281,6.771874618530275,100.35300064086911,13.371898651123047,13.371898651123047,XGBoost,4
2025-05-01,Enbrel,TER-12,39,105379.32,3,2695.863333333333,5,2,2025,3,0,49.0,39.0,44.0,54.0,18.027756377319943,4,11,43.6769,4,39,43.6769,5.0098609924316415,96.72196693420408,-4.676898956298828,4.676898956298828,XGBoost,4
2025-06-01,Enbrel,TER-12,63,179983.07,3,2839.976666666667,6,2,2025,6,0,39.0,74.0,65.0,54.0,18.027756377319943,4,11,50.869022,4,63,50.869022,13.963556289672857,103.2416618347168,12.130977630615234,12.130977630615234,XGBoost,4
2025-07-01,Enbrel,TER-12,48,137464.01,4,2875.5775000000003,7,3,2025,1,0,63.0,49.0,69.0,50.333333333333336,12.055427546683411,4,11,40.698467,4,48,40.698467,0.4066919326782239,94.09351539611814,7.301532745361328,7.301532745361328,XGBoost,4
2025-08-01,Enbrel,TER-12,39,111279.44,2,2848.86,8,3,2025,4,0,48.0,39.0,39.0,50.0,12.124355652982135,4,11,42.502926,4,39,42.502926,4.153562164306642,95.30083045959472,-3.5029258728027344,3.5029258728027344,XGBoost,4
2025-09-01,Enbrel,TER-12,64,176036.36,4,2738.36,9,3,2025,0,0,39.0,63.0,74.0,50.0,12.124355652982135,4,11,43.32844,4,64,43.32844,4.53198471069336,91.01975631713867,20.671558380126953,20.671558380126953,XGBoost,4
2025-10-01,Enbrel,TER-12,47,129593.3,3,2791.383333333333,10,4,2025,2,0,64.0,48.0,49.0,50.333333333333336,12.66227994214838,4,11,48.782635,4,47,48.782635,14.400228118896488,100.22476882934569,-1.7826347351074219,1.7826347351074219,XGBoost,4
2025-11-01,Enbrel,TER-12,36,98869.13,4,2837.665,11,4,2025,5,0,47.0,39.0,39.0,50.0,12.7671453348037,4,11,47.306934,4,36,47.306934,7.3912841796875,99.70262222290039,-11.306934356689453,11.306934356689453,XGBoost,4
2025-12-01,Enbrel,TER-12,53,150225.05,4,2818.03,12,4,2025,0,0,36.0,64.0,63.0,49.0,14.106735979665878,4,11,43.198658,4,53,43.198658,4.727367401123047,100.60420150756835,9.801342010498047,9.801342010498047,XGBoost,4
2025-05-01,Enbrel,TER-13,42,116948.12,4,2753.8425,5,2,2025,3,0,35.0,39.0,54.0,46.0,15.716233645501708,4,12,43.883392,4,42,43.883392,7.795078277587893,97.9644607543945,-1.883392333984375,1.883392333984375,XGBoost,4
2025-06-01,Enbrel,TER-13,36,102454.33,4,2876.5625,6,2,2025,6,0,42.0,64.0,34.0,47.0,15.132745950421551,4,12,44.659264,4,36,44.659264,6.074240875244142,94.7455062866211,-8.659263610839844,8.659263610839844,XGBoost,4
2025-07-01,Enbrel,TER-13,48,136838.55,4,2803.09,7,3,2025,1,0,36.0,35.0,58.0,37.66666666666666,3.785938897200171,4,12,40.298485,4,48,40.298485,2.017342376708986,93.36394004821773,7.701515197753906,7.701515197753906,XGBoost,4
2025-08-01,Enbrel,TER-13,47,128332.56,1,2730.48,8,3,2025,4,0,48.0,42.0,39.0,42.0,5.999999999999993,4,12,42.408672,4,47,42.408672,6.099847412109379,96.25685501098629,4.591327667236328,4.591327667236328,XGBoost,4
2025-09-01,Enbrel,TER-13,37,111082.95,2,2982.855,9,3,2025,0,0,47.0,36.0,64.0,43.66666666666666,6.658328118479387,4,12,40.917156,4,37,40.917156,0.0,89.68731460571287,-3.917156219482422,3.917156219482422,XGBoost,4
2025-10-01,Enbrel,TER-13,62,177949.92,1,2870.16,10,4,2025,2,0,37.0,48.0,35.0,44.0,6.082762530298214,4,12,48.041412,4,62,48.041412,9.104899978637704,96.82313632965085,13.958587646484375,13.958587646484375,XGBoost,4
2025-11-01,Enbrel,TER-13,42,113539.9,3,2692.98,11,4,2025,5,0,62.0,47.0,42.0,48.66666666666666,12.583057392117915,4,12,51.09733,4,42,51.09733,11.643255615234377,98.87916679382317,-9.097328186035156,9.097328186035156,XGBoost,4
2025-12-01,Enbrel,TER-13,40,107246.4,1,2681.16,12,4,2025,0,0,42.0,37.0,36.0,47.0,13.228756555322953,4,12,43.428833,4,40,43.428833,0.86370849609375,94.6908279418945,-3.4288330078125,3.4288330078125,XGBoost,4
2025-05-01,Enbrel,TER-14,47,130235.13,4,2734.3325,5,2,2025,3,0,31.0,31.0,35.0,42.66666666666666,20.2072594216369,4,13,42.46868,4,47,42.46868,4.102085494995124,101.53522491455078,4.531318664550781,4.531318664550781,XGBoost,4
2025-06-01,Enbrel,TER-14,54,155756.41999999998,3,2883.263333333334,6,2,2025,6,0,47.0,66.0,58.0,48.0,17.521415467935228,4,13,45.4459,4,54,45.4459,7.903299713134766,95.16973114013672,8.554100036621094,8.554100036621094,XGBoost,4
2025-07-01,Enbrel,TER-14,30,86471.92000000001,3,2884.8433333333337,7,3,2025,1,0,54.0,31.0,51.0,44.0,11.789826122551592,4,13,34.48087,4,30,34.48087,0.0,88.87777500152588,-4.480869293212891,4.480869293212891,XGBoost,4
2025-08-01,Enbrel,TER-14,33,91996.74,3,2811.41,8,3,2025,4,0,30.0,47.0,31.0,43.66666666666666,12.342339054382409,4,13,40.05446,4,33,40.05446,1.2117851257324248,94.06311225891112,-7.0544586181640625,7.0544586181640625,XGBoost,4
2025-09-01,Enbrel,TER-14,56,148360.81,4,2668.725,9,3,2025,0,0,33.0,54.0,66.0,39.0,13.076696830622016,4,13,43.23741,4,56,43.23741,4.7481216430664075,100.38822021484374,12.762588500976562,12.762588500976562,XGBoost,4
2025-10-01,Enbrel,TER-14,33,93901.29,4,2801.03,10,4,2025,2,0,56.0,30.0,31.0,39.66666666666666,14.224392195567908,4,13,38.61558,4,33,38.61558,0.0,89.9262111663818,-5.615581512451172,5.615581512451172,XGBoost,4
2025-11-01,Enbrel,TER-14,54,153457.68,2,2748.6,11,4,2025,5,0,33.0,33.0,47.0,40.66666666666666,13.279056191361388,4,13,46.702682,4,54,46.702682,4.760260009765626,99.26138534545896,7.2973175048828125,7.2973175048828125,XGBoost,4
2025-12-01,Enbrel,TER-14,69,206875.14,3,2978.113333333333,12,4,2025,0,0,54.0,56.0,54.0,47.66666666666666,12.741009902410925,4,13,39.25056,4,69,39.25056,0.0,83.67707595825192,29.749439239501953,29.749439239501953,XGBoost,4
2025-05-01,Enbrel,TER-15,46,126604.88,1,2752.28,5,2,2025,3,0,33.0,62.0,39.0,54.66666666666666,19.08751773629388,4,14,44.358906,4,46,44.358906,0.0,101.26729202270508,1.6410942077636719,1.6410942077636719,XGBoost,4
2025-06-01,Enbrel,TER-15,49,140190.18,4,2851.905,6,2,2025,6,0,46.0,69.0,34.0,49.333333333333336,18.230011885167087,4,14,42.53973,4,49,42.53973,3.9717243194580076,92.61348571777343,6.460269927978516,6.460269927978516,XGBoost,4
2025-07-01,Enbrel,TER-15,38,112201.84,1,2952.68,7,3,2025,1,0,49.0,33.0,59.0,42.66666666666666,8.504900548115376,4,14,39.619843,4,38,39.619843,0.0,90.89748001098627,-1.619842529296875,1.619842529296875,XGBoost,4
2025-08-01,Enbrel,TER-15,44,127512.13,3,2878.4300000000003,8,3,2025,4,0,38.0,46.0,62.0,44.333333333333336,5.6862407030773205,4,14,45.019062,4,44,45.019062,0.0,94.31640491485595,-1.0190620422363281,1.0190620422363281,XGBoost,4
2025-09-01,Enbrel,TER-15,61,174185.09,4,2834.745,9,3,2025,0,0,44.0,49.0,69.0,43.66666666666666,5.507570547286096,4,14,42.138393,4,61,42.138393,4.523322296142579,93.06166687011718,18.86160659790039,18.86160659790039,XGBoost,4
2025-10-01,Enbrel,TER-15,32,90257.41,3,2807.2333333333336,10,4,2025,2,0,61.0,38.0,33.0,47.66666666666666,11.930353445448851,4,14,43.550358,4,32,43.550358,0.0,99.17706985473627,-11.550357818603516,11.550357818603516,XGBoost,4
2025-11-01,Enbrel,TER-15,42,119041.27,3,2746.403333333333,11,4,2025,5,0,32.0,44.0,46.0,45.66666666666666,14.571661996262929,4,14,47.36409,4,42,47.36409,6.568589782714845,97.49193878173823,-5.3640899658203125,5.3640899658203125,XGBoost,4
2025-12-01,Enbrel,TER-15,50,141882.0,1,2837.64,12,4,2025,0,0,42.0,61.0,49.0,45.0,14.730919862656233,4,14,40.080563,4,50,40.080563,7.824379348754883,86.89965515136716,9.919437408447266,9.919437408447266,XGBoost,4
2025-05-01,Enbrel,TER-16,35,107710.75,1,3077.45,5,2,2025,3,0,42.0,49.0,30.0,44.0,4.358898943540677,4,15,39.458332,4,35,39.458332,1.6991287231445316,89.1116443634033,-4.458332061767578,4.458332061767578,XGBoost,4
2025-06-01,Enbrel,TER-16,66,177005.4,1,2681.9,6,2,2025,6,0,35.0,41.0,57.0,39.333333333333336,3.7859388972001873,4,15,45.108776,4,66,45.108776,5.724210357666017,105.34123001098625,20.891223907470703,20.891223907470703,XGBoost,4
2025-07-01,Enbrel,TER-16,24,64409.91,4,2712.8975,7,3,2025,1,0,66.0,42.0,64.0,47.66666666666666,16.258331197676267,4,15,41.802105,4,24,41.802105,0.0,86.50161437988274,-17.802104949951172,17.802104949951172,XGBoost,4
2025-08-01,Enbrel,TER-16,50,139644.48,2,2795.91,8,3,2025,4,0,24.0,35.0,49.0,41.66666666666666,21.779194965226186,4,15,43.692074,4,50,43.692074,5.913999938964845,100.86503143310544,6.307926177978516,6.307926177978516,XGBoost,4
2025-09-01,Enbrel,TER-16,44,128208.52,1,2913.83,9,3,2025,0,0,50.0,66.0,41.0,46.66666666666666,21.197484127446195,4,15,41.287907,4,44,41.287907,1.0062568664550788,92.50708389282227,2.7120933532714844,2.7120933532714844,XGBoost,4
2025-10-01,Enbrel,TER-16,58,158237.6,3,2740.14,10,4,2025,2,0,44.0,24.0,42.0,39.333333333333336,13.613718571108093,4,15,43.978523,4,58,43.978523,3.4686935424804695,101.6017364501953,14.021476745605469,14.021476745605469,XGBoost,4
2025-11-01,Enbrel,TER-16,38,103951.77,4,2788.4475,11,4,2025,5,0,58.0,50.0,35.0,50.66666666666666,7.023769168568493,4,15,47.619,4,38,47.619,5.975276565551758,108.39314002990723,-9.618999481201172,9.618999481201172,XGBoost,4
2025-12-01,Enbrel,TER-16,46,125402.78,3,2733.736666666666,12,4,2025,0,0,38.0,44.0,66.0,46.66666666666666,10.263202878893768,4,15,44.1794,4,46,44.1794,7.538875579833984,101.23284645080564,1.8205986022949219,1.8205986022949219,XGBoost,4
2025-05-01,Enbrel,TER-17,33,93287.7,1,2826.9,5,2,2025,3,0,51.0,37.0,51.0,52.66666666666666,16.56301099840646,4,16,43.382427,4,33,43.382427,3.361795806884766,95.64921264648429,-10.382427215576172,10.382427215576172,XGBoost,4
2025-06-01,Enbrel,TER-17,39,109493.67,1,2807.53,6,2,2025,6,0,33.0,70.0,35.0,51.333333333333336,18.50225211517056,4,16,48.970707,4,39,48.970707,4.173175811767578,101.94578857421875,-9.970706939697266,9.970706939697266,XGBoost,4
2025-07-01,Enbrel,TER-17,31,79993.33,1,2580.43,7,3,2025,1,0,39.0,51.0,47.0,41.0,9.165151389911689,4,16,37.057144,4,31,37.057144,0.0,89.60467987060545,-6.0571441650390625,6.0571441650390625,XGBoost,4
2025-08-01,Enbrel,TER-17,39,110992.06,2,2841.955,8,3,2025,4,0,31.0,33.0,37.0,34.333333333333336,4.16333199893228,4,16,35.304745,4,39,35.304745,0.0,90.71316146850586,3.6952552795410156,3.6952552795410156,XGBoost,4
2025-09-01,Enbrel,TER-17,45,117074.36,3,2659.093333333333,9,3,2025,0,0,39.0,39.0,70.0,36.333333333333336,4.618802153517018,4,16,41.700302,4,45,41.700302,0.0,101.0455371856689,3.2996978759765625,3.2996978759765625,XGBoost,4
2025-10-01,Enbrel,TER-17,58,157979.3,3,2783.316666666667,10,4,2025,2,0,45.0,31.0,51.0,38.333333333333336,7.0237691685685,4,16,41.852722,4,58,41.852722,0.0,89.75018005371092,16.14727783203125,16.14727783203125,XGBoost,4
2025-11-01,Enbrel,TER-17,33,91372.01,4,2746.245,11,4,2025,5,0,58.0,39.0,33.0,47.333333333333336,9.712534856222314,4,16,45.1989,4,33,45.1989,5.172695922851563,99.60834236145017,-12.198898315429688,12.198898315429688,XGBoost,4
2025-12-01,Enbrel,TER-17,30,87123.63,4,2878.71,12,4,2025,0,0,33.0,45.0,39.0,45.333333333333336,12.503332889007371,4,16,37.59671,4,30,37.59671,1.3373607635498055,95.96610336303705,-7.596710205078125,7.596710205078125,XGBoost,4
2025-05-01,Enbrel,TER-18,36,101909.25,4,2789.06,5,2,2025,3,0,50.0,50.0,37.0,54.66666666666666,8.082903768654765,4,17,40.461323,4,36,40.461323,3.260666275024416,83.12400932312006,-4.461322784423828,4.461322784423828,XGBoost,4
2025-06-01,Enbrel,TER-18,50,132986.8,4,2713.5075,6,2,2025,6,0,36.0,64.0,49.0,50.0,14.000000000000002,4,17,45.187458,4,50,45.187458,4.997783660888674,97.05848159790038,4.812541961669922,4.812541961669922,XGBoost,4
2025-07-01,Enbrel,TER-18,29,78450.8,1,2705.2,7,3,2025,1,0,50.0,50.0,57.0,45.333333333333336,8.082903768654765,4,17,39.15117,4,29,39.15117,0.0,93.54406757354737,-10.151168823242188,10.151168823242188,XGBoost,4
2025-08-01,Enbrel,TER-18,29,81507.41,4,2712.22,8,3,2025,4,0,29.0,36.0,50.0,38.333333333333336,10.69267662156363,4,17,39.587826,4,29,39.587826,4.16200866699219,96.5200988769531,-10.587825775146484,10.587825775146484,XGBoost,4
2025-09-01,Enbrel,TER-18,39,113931.87,1,2921.33,9,3,2025,0,0,29.0,50.0,64.0,36.0,12.124355652982144,4,17,43.93099,4,39,43.93099,3.9193550109863335,101.0845260620117,-4.930988311767578,4.930988311767578,XGBoost,4
2025-10-01,Enbrel,TER-18,43,123341.16,3,2783.4,10,4,2025,2,0,39.0,29.0,50.0,32.333333333333336,5.773502691896262,4,17,40.014507,4,43,40.014507,0.0,92.81857643127441,2.985492706298828,2.985492706298828,XGBoost,4
2025-11-01,Enbrel,TER-18,36,89820.0,1,2495.0,11,4,2025,5,0,43.0,29.0,36.0,37.0,7.211102550927982,4,17,47.06694,4,36,47.06694,8.13052215576172,97.85258903503416,-11.066940307617188,11.066940307617188,XGBoost,4
2025-12-01,Enbrel,TER-18,46,120149.7,1,2611.95,12,4,2025,0,0,36.0,39.0,50.0,39.333333333333336,3.511884584284253,4,17,37.570183,4,46,37.570183,1.0156028747558596,92.01125717163083,8.429817199707031,8.429817199707031,XGBoost,4
2025-05-01,Enbrel,TER-19,41,111164.03,3,2841.82,5,2,2025,3,0,28.0,32.0,30.0,40.66666666666666,18.583146486355144,4,18,34.86089,4,41,34.86089,0.0,90.42410659790039,6.139110565185547,6.139110565185547,XGBoost,4
2025-06-01,Enbrel,TER-19,39,105219.5,2,2684.99,6,2,2025,6,0,41.0,62.0,47.0,43.66666666666666,17.156145643277036,4,18,45.37537,4,39,45.37537,4.132169342041017,98.45135917663565,-6.375370025634766,6.375370025634766,XGBoost,4
2025-07-01,Enbrel,TER-19,39,103322.49,2,2711.36,7,3,2025,1,0,39.0,28.0,37.0,36.0,7.000000000000006,4,18,33.254044,4,39,33.254044,0.0,87.06367301940917,5.7459564208984375,5.7459564208984375,XGBoost,4
2025-08-01,Enbrel,TER-19,27,75235.25,2,2725.645,8,3,2025,4,0,39.0,41.0,32.0,39.66666666666666,1.1547005383793305,4,18,34.256115,4,27,34.256115,0.0,85.44866943359375,-7.256114959716797,7.256114959716797,XGBoost,4
2025-09-01,Enbrel,TER-19,30,84897.86,2,2855.915,9,3,2025,0,0,27.0,39.0,62.0,35.0,6.928203230275514,4,18,43.806114,4,30,43.806114,0.0,95.75789909362786,-13.806114196777344,13.806114196777344,XGBoost,4
2025-10-01,Enbrel,TER-19,49,140571.69,1,2868.81,10,4,2025,2,0,30.0,39.0,28.0,32.0,6.244997998398397,4,18,37.90577,4,49,37.90577,0.0,89.63157272338867,11.094230651855469,11.094230651855469,XGBoost,4
2025-11-01,Enbrel,TER-19,50,147384.1,2,2946.035,11,4,2025,5,0,49.0,27.0,41.0,35.333333333333336,11.930353445448858,4,18,40.24955,4,50,40.24955,3.953616714477542,95.83262157440184,9.750450134277344,9.750450134277344,XGBoost,4
2025-12-01,Enbrel,TER-19,31,84912.23000000001,4,2712.355,12,4,2025,0,0,50.0,30.0,39.0,43.0,11.269427669584658,4,18,34.922314,4,31,34.922314,0.0,88.42383556365962,-3.922313690185547,3.922313690185547,XGBoost,4
2025-05-01,Enbrel,TER-20,44,127960.8,1,2908.2,5,2,2025,3,0,30.0,46.0,38.0,37.0,8.185352771872454,4,19,37.28206,4,44,37.28206,0.0,95.43190612792968,6.7179412841796875,6.7179412841796875,XGBoost,4
2025-06-01,Enbrel,TER-20,50,137500.5,1,2750.01,6,2,2025,6,0,44.0,35.0,54.0,36.333333333333336,7.094598884597591,4,19,43.048473,4,50,43.048473,6.851630020141602,94.24234085083008,6.951526641845703,6.951526641845703,XGBoost,4
2025-07-01,Enbrel,TER-20,32,95724.91,2,2989.635,7,3,2025,1,0,50.0,30.0,53.0,41.333333333333336,10.26320287889377,4,19,36.209312,4,32,36.209312,0.0,83.97777137756341,-4.209312438964844,4.209312438964844,XGBoost,4
2025-08-01,Enbrel,TER-20,29,80056.93,2,2753.735,8,3,2025,4,0,32.0,44.0,46.0,42.0,9.16515138991168,4,19,38.780254,4,29,38.780254,1.6761859893798863,88.9119819641113,-9.780254364013672,9.780254364013672,XGBoost,4
2025-09-01,Enbrel,TER-20,34,94242.3,4,2805.385,9,3,2025,0,0,29.0,50.0,35.0,37.0,11.357816691600547,4,19,36.23323,4,34,36.23323,0.0,87.53657417297362,-2.2332305908203125,2.2332305908203125,XGBoost,4
2025-10-01,Enbrel,TER-20,43,119931.3,1,2789.1,10,4,2025,2,0,34.0,32.0,30.0,31.666666666666668,2.5166114784235827,4,19,38.50598,4,43,38.50598,0.0,89.32585754394526,4.4940185546875,4.4940185546875,XGBoost,4
2025-11-01,Enbrel,TER-20,54,150956.47,3,2804.4466666666667,11,4,2025,5,0,43.0,29.0,44.0,35.333333333333336,7.094598884597587,4,19,40.809517,4,54,40.809517,0.2978824615478525,88.01497459411618,13.190483093261719,13.190483093261719,XGBoost,4
2025-12-01,Enbrel,TER-20,62,169996.15000000002,3,2683.7366666666667,12,4,2025,0,0,54.0,34.0,50.0,43.66666666666666,10.016652800877813,4,19,37.014465,4,62,37.014465,0.0,93.95819473266599,24.98553466796875,24.98553466796875,XGBoost,4
2025-05-01,Gleevec,TER-01,58,275129.80000000005,2,4761.1,5,2,2025,3,0,64.0,53.0,33.0,67.0,15.716233645501712,5,0,49.378498,4,58,49.378498,5.780332183837891,108.4564685821533,8.621501922607422,8.621501922607422,XGBoost,4
2025-06-01,Gleevec,TER-01,48,219252.99,3,4460.360000000001,6,2,2025,6,0,58.0,84.0,67.0,68.66666666666667,13.613718571108096,5,0,69.669304,4,48,69.669304,24.180437469482424,121.11143798828124,-21.66930389404297,21.66930389404297,XGBoost,4
2025-07-01,Gleevec,TER-01,31,140807.67,2,4552.57,7,3,2025,1,0,48.0,64.0,56.0,56.66666666666666,8.082903768654777,5,0,48.62312,4,31,48.62312,9.956745910644532,100.99493026733398,-17.623119354248047,17.623119354248047,XGBoost,4
2025-08-01,Gleevec,TER-01,38,167192.97,3,4374.006666666667,8,3,2025,4,0,31.0,58.0,53.0,45.66666666666666,13.65039681962886,5,0,50.35245,4,38,50.35245,5.256578826904297,100.93679351806635,-12.35245132446289,12.35245132446289,XGBoost,4
2025-09-01,Gleevec,TER-01,61,280296.22,1,4595.02,9,3,2025,0,0,38.0,48.0,84.0,39.0,8.54400374531756,5,0,46.9302,4,61,46.9302,10.720906448364259,104.32777862548826,14.069801330566406,14.069801330566406,XGBoost,4
2025-10-01,Gleevec,TER-01,41,192640.88,4,4729.545,10,4,2025,2,0,61.0,31.0,64.0,43.333333333333336,15.695009822658085,5,0,52.04778,4,41,52.04778,13.205105590820315,106.9232955932617,-11.047779083251953,11.047779083251953,XGBoost,4
2025-11-01,Gleevec,TER-01,65,288663.32,2,4499.775,11,4,2025,5,0,41.0,38.0,58.0,46.66666666666666,12.50333288900738,5,0,50.014175,4,65,50.014175,12.701697921752931,102.44666290283203,14.985824584960938,14.985824584960938,XGBoost,4
2025-12-01,Gleevec,TER-01,65,273571.35,1,4208.79,12,4,2025,0,0,65.0,61.0,48.0,55.66666666666666,12.858201014657274,5,0,60.037548,4,65,60.037548,21.325118255615237,108.2820268630981,4.962451934814453,4.962451934814453,XGBoost,4
2025-05-01,Gleevec,TER-02,60,260706.45,4,4339.610000000001,5,2,2025,3,0,63.0,35.0,45.0,54.0,16.46207763315433,5,1,43.58038,4,60,43.58038,5.059729385375977,89.28149414062497,16.419620513916016,16.419620513916016,XGBoost,4
2025-06-01,Gleevec,TER-02,53,239101.29,4,4533.96,6,2,2025,6,0,60.0,64.0,70.0,62.333333333333336,2.081665999466133,5,1,56.06066,4,53,56.06066,16.61155014038086,107.8881248474121,-3.0606613159179688,3.0606613159179688,XGBoost,4
2025-07-01,Gleevec,TER-02,38,165705.64,3,4362.823333333334,7,3,2025,1,0,53.0,63.0,48.0,58.66666666666666,5.131601439446884,5,1,49.475674,4,38,49.475674,5.121759033203126,102.86918449401853,-11.47567367553711,11.47567367553711,XGBoost,4
2025-08-01,Gleevec,TER-02,42,192908.44,4,4463.0,8,3,2025,4,0,38.0,60.0,35.0,50.333333333333336,11.239810200058244,5,1,45.2001,4,42,45.2001,6.251055908203126,100.56898345947258,-3.2000999450683594,3.2000999450683594,XGBoost,4
2025-09-01,Gleevec,TER-02,35,149825.9,1,4280.74,9,3,2025,0,0,42.0,53.0,64.0,44.333333333333336,7.767453465154031,5,1,49.284496,4,35,49.284496,9.175963592529301,103.72557067871091,-14.284496307373047,14.284496307373047,XGBoost,4
2025-10-01,Gleevec,TER-02,44,200136.14,4,4434.545,10,4,2025,2,0,35.0,38.0,63.0,38.333333333333336,3.511884584284254,5,1,40.17325,4,44,40.17325,10.411230468750004,97.83244743347166,3.826751708984375,3.826751708984375,XGBoost,4
2025-11-01,Gleevec,TER-02,55,244901.98,2,4451.05,11,4,2025,5,0,44.0,42.0,60.0,40.333333333333336,4.725815626252613,5,1,46.166348,4,55,46.166348,6.247262573242188,108.01287078857422,8.83365249633789,8.83365249633789,XGBoost,4
2025-12-01,Gleevec,TER-02,56,243134.08,1,4341.68,12,4,2025,0,0,55.0,35.0,53.0,44.66666666666666,10.016652800877816,5,1,49.0944,4,56,49.0944,9.214871215820313,100.53653259277343,6.905601501464844,6.905601501464844,XGBoost,4
2025-05-01,Gleevec,TER-03,53,223553.8,2,4226.28,5,2,2025,3,0,40.0,29.0,30.0,41.0,12.52996408614167,5,2,39.7302,4,53,39.7302,6.392424011230469,88.5095443725586,13.269798278808594,13.269798278808594,XGBoost,4
2025-06-01,Gleevec,TER-03,56,257113.36,1,4591.31,6,2,2025,6,0,53.0,54.0,39.0,49.0,7.810249675906658,5,2,48.670753,4,56,48.670753,10.188502883911134,106.82060089111327,7.329246520996094,7.329246520996094,XGBoost,4
2025-07-01,Gleevec,TER-03,35,150063.04,2,4350.5650000000005,7,3,2025,1,0,56.0,40.0,44.0,49.66666666666666,8.504900548115387,5,2,34.949455,4,35,34.949455,0.0,90.9915185928344,0.05054473876953125,0.05054473876953125,XGBoost,4
2025-08-01,Gleevec,TER-03,29,118004.4,2,4301.05,8,3,2025,4,0,35.0,53.0,29.0,48.0,11.35781669160055,5,2,43.134026,4,29,43.134026,0.0,89.39127349853516,-14.134025573730469,14.134025573730469,XGBoost,4
2025-09-01,Gleevec,TER-03,44,209807.26,2,4601.0,9,3,2025,0,0,29.0,56.0,54.0,40.0,14.177446878757827,5,2,43.034187,4,44,43.034187,3.177549743652344,96.66706886291496,0.9658126831054688,0.9658126831054688,XGBoost,4
2025-10-01,Gleevec,TER-03,30,136122.72999999998,4,4534.0675,10,4,2025,2,0,44.0,35.0,40.0,36.0,7.549834435270755,5,2,40.79578,4,30,40.79578,1.4158470153808609,92.46996383666989,-10.795780181884766,10.795780181884766,XGBoost,4
2025-11-01,Gleevec,TER-03,53,220958.59,1,4169.03,11,4,2025,5,0,30.0,29.0,53.0,34.333333333333336,8.386497083606088,5,2,47.439896,4,53,47.439896,8.59975166320801,99.36388320922846,5.5601043701171875,5.5601043701171875,XGBoost,4
2025-12-01,Gleevec,TER-03,50,229511.5,1,4590.23,12,4,2025,0,0,53.0,44.0,56.0,42.333333333333336,11.590225767142476,5,2,45.515896,4,50,45.515896,4.6879287719726594,99.32398796081542,4.484104156494141,4.484104156494141,XGBoost,4
2025-05-01,Gleevec,TER-04,51,234462.58,4,4435.9,5,2,2025,3,0,30.0,36.0,40.0,46.0,22.715633383201094,5,3,41.35668,4,51,41.35668,5.257423782348634,91.07074623107908,9.643318176269531,9.643318176269531,XGBoost,4
2025-06-01,Gleevec,TER-04,63,283062.01,2,4486.545,6,2,2025,6,0,51.0,72.0,33.0,51.0,21.000000000000004,5,3,43.542763,4,63,43.542763,4.011361694335943,95.18438873291015,19.457237243652344,19.457237243652344,XGBoost,4
2025-07-01,Gleevec,TER-04,29,132480.76,3,4437.413333333334,7,3,2025,1,0,63.0,30.0,44.0,48.0,16.70329308849007,5,3,37.613388,4,29,37.613388,0.9408020019531268,90.47093009948729,-8.613388061523438,8.613388061523438,XGBoost,4
2025-08-01,Gleevec,TER-04,40,186667.44,2,4680.63,8,3,2025,4,0,29.0,51.0,36.0,47.66666666666666,17.24335620850342,5,3,41.29911,4,40,41.29911,1.3420219421386743,92.08918228149412,-1.2991104125976562,1.2991104125976562,XGBoost,4
2025-09-01,Gleevec,TER-04,35,157649.45,1,4504.27,9,3,2025,0,0,40.0,63.0,72.0,44.0,17.349351572897476,5,3,48.671757,4,35,48.671757,9.291826248168947,97.51325798034662,-13.671756744384766,13.671756744384766,XGBoost,4
2025-10-01,Gleevec,TER-04,44,194498.87,2,4430.415,10,4,2025,2,0,35.0,29.0,30.0,34.666666666666664,5.507570547286113,5,3,40.630276,4,44,40.630276,2.355535125732422,88.43058471679679,3.3697242736816406,3.3697242736816406,XGBoost,4
2025-11-01,Gleevec,TER-04,47,216146.1,4,4557.275,11,4,2025,5,0,44.0,40.0,51.0,39.66666666666666,4.509249752822909,5,3,41.793232,4,47,41.793232,0.0,96.65488891601562,5.206768035888672,5.206768035888672,XGBoost,4
2025-12-01,Gleevec,TER-04,43,189087.77,1,4397.39,12,4,2025,0,0,47.0,35.0,63.0,42.0,6.244997998398409,5,3,45.30935,4,43,45.30935,4.813392639160156,95.44107666015623,-2.3093490600585938,2.3093490600585938,XGBoost,4
2025-05-01,Gleevec,TER-05,25,112620.25,1,4504.81,5,2,2025,3,0,48.0,30.0,46.0,35.333333333333336,11.0151410945722,5,4,37.374325,4,25,37.374325,0.0,89.9088249206543,-12.374324798583984,12.374324798583984,XGBoost,4
2025-06-01,Gleevec,TER-05,39,183941.37,4,4608.05,6,2,2025,6,0,25.0,28.0,46.0,33.666666666666664,12.503332889007362,5,4,34.177364,4,39,34.177364,0.0,80.5658592224121,4.822635650634766,4.822635650634766,XGBoost,4
2025-07-01,Gleevec,TER-05,28,124856.94,4,4478.1025,7,3,2025,1,0,39.0,48.0,35.0,37.333333333333336,11.590225767142469,5,4,29.953268,4,28,29.953268,0.0,81.40039558410643,-1.953268051147461,1.953268051147461,XGBoost,4
2025-08-01,Gleevec,TER-05,23,102522.46,2,4463.165,8,3,2025,4,0,28.0,25.0,30.0,30.666666666666668,7.371114795831988,5,4,31.42632,4,23,31.42632,0.0,88.22448730468747,-8.426319122314453,8.426319122314453,XGBoost,4
2025-09-01,Gleevec,TER-05,55,273070.54,2,4963.615,9,3,2025,0,0,23.0,39.0,28.0,30.0,8.185352771872445,5,4,36.274323,4,55,36.274323,0.0,86.05424423217767,18.725677490234375,18.725677490234375,XGBoost,4
2025-10-01,Gleevec,TER-05,48,221199.56,4,4634.860000000001,10,4,2025,2,0,55.0,28.0,48.0,35.333333333333336,17.21433511156714,5,4,37.60077,4,48,37.60077,0.0,85.02876396179195,10.39923095703125,10.39923095703125,XGBoost,4
2025-11-01,Gleevec,TER-05,31,141527.0,4,4510.6625,11,4,2025,5,0,48.0,23.0,25.0,42.0,16.82260384126072,5,4,42.115902,4,31,42.115902,0.5281816482543961,92.2146675109863,-11.115901947021484,11.115901947021484,XGBoost,4
2025-12-01,Gleevec,TER-05,39,178438.55,4,4664.9475,12,4,2025,0,0,31.0,55.0,39.0,44.66666666666666,12.342339054382409,5,4,35.852062,4,39,35.852062,0.0,92.64071807861326,3.147937774658203,3.147937774658203,XGBoost,4
2025-05-01,Gleevec,TER-06,37,151109.61000000002,2,4226.505,5,2,2025,3,0,29.0,27.0,37.0,34.333333333333336,11.015141094572204,5,5,30.292599,4,37,30.292599,0.0,82.79477310180658,6.707401275634766,6.707401275634766,XGBoost,4
2025-06-01,Gleevec,TER-06,26,117408.38,3,4408.193333333333,6,2,2025,6,0,37.0,47.0,43.0,37.66666666666666,9.018499505645789,5,5,37.288876,4,26,37.288876,0.0,89.01681900024414,-11.288875579833984,11.288875579833984,XGBoost,4
2025-07-01,Gleevec,TER-06,34,150875.06,2,4374.41,7,3,2025,1,0,26.0,29.0,35.0,30.666666666666668,5.686240703077326,5,5,27.85622,4,34,27.85622,0.0,75.54799118041993,6.143779754638672,6.143779754638672,XGBoost,4
2025-08-01,Gleevec,TER-06,26,116641.94,4,4579.5075,8,3,2025,4,0,34.0,37.0,27.0,32.333333333333336,5.686240703077325,5,5,29.17005,4,26,29.17005,0.0,80.87428245544427,-3.1700496673583984,3.1700496673583984,XGBoost,4
2025-09-01,Gleevec,TER-06,45,194931.85,3,4449.87,9,3,2025,0,0,26.0,26.0,47.0,28.666666666666668,4.618802153517007,5,5,32.47895,4,45,32.47895,0.0,86.89110908508297,12.521049499511719,12.521049499511719,XGBoost,4
2025-10-01,Gleevec,TER-06,44,198615.48,4,4405.54,10,4,2025,2,0,45.0,34.0,29.0,35.0,9.539392014169456,5,5,36.65476,4,44,36.65476,0.0,86.68169975280762,7.345241546630859,7.345241546630859,XGBoost,4
2025-11-01,Gleevec,TER-06,25,115628.67,2,4576.925,11,4,2025,5,0,44.0,26.0,37.0,38.333333333333336,10.692676621563626,5,5,39.011497,4,25,39.011497,0.0,92.03766326904292,-14.011497497558594,14.011497497558594,XGBoost,4
2025-12-01,Gleevec,TER-06,28,126890.18,2,4559.585,12,4,2025,0,0,25.0,45.0,26.0,38.0,11.269427669584642,5,5,32.57103,4,28,32.57103,0.0,80.30407562255857,-4.5710296630859375,4.5710296630859375,XGBoost,4
2025-05-01,Gleevec,TER-07,38,166656.1,4,4425.78,5,2,2025,3,0,41.0,24.0,43.0,40.0,15.524174696260024,5,6,33.646935,4,38,33.646935,0.0,86.69200248718259,4.353065490722656,4.353065490722656,XGBoost,4
2025-06-01,Gleevec,TER-07,32,146521.38999999998,3,4548.633333333334,6,2,2025,6,0,38.0,55.0,47.0,44.66666666666666,9.073771725877464,5,6,43.572025,4,32,43.572025,4.622981262207032,97.6292152404785,-11.572025299072266,11.572025299072266,XGBoost,4
2025-07-01,Gleevec,TER-07,31,149378.77,1,4818.67,7,3,2025,1,0,32.0,41.0,32.0,37.0,4.582575694955835,5,6,29.737354,4,31,29.737354,0.0,81.47170982360839,1.2626457214355469,1.2626457214355469,XGBoost,4
2025-08-01,Gleevec,TER-07,24,98660.34,2,4367.12,8,3,2025,4,0,31.0,38.0,24.0,33.666666666666664,3.785938897200176,5,6,32.587334,4,24,32.587334,1.005832672119142,84.35228729248044,-8.587333679199219,8.587333679199219,XGBoost,4
2025-09-01,Gleevec,TER-07,37,177640.06999999998,3,4778.576666666667,9,3,2025,0,0,24.0,32.0,55.0,29.0,4.358898943540664,5,6,31.764187,4,37,31.764187,0.0,85.57339935302734,5.235813140869141,5.235813140869141,XGBoost,4
2025-10-01,Gleevec,TER-07,39,165907.01,4,4270.8775000000005,10,4,2025,2,0,37.0,31.0,41.0,30.666666666666668,6.506407098647708,5,6,37.192665,4,39,37.192665,0.0,91.17099170684813,1.8073348999023438,1.8073348999023438,XGBoost,4
2025-11-01,Gleevec,TER-07,24,108349.92,2,4574.44,11,4,2025,5,0,39.0,24.0,38.0,33.333333333333336,8.144527815247077,5,6,38.36701,4,24,38.36701,5.648245239257815,95.96728973388672,-14.367008209228516,14.367008209228516,XGBoost,4
2025-12-01,Gleevec,TER-07,50,223869.0,1,4477.38,12,4,2025,0,0,24.0,37.0,32.0,33.333333333333336,8.144527815247077,5,6,36.839027,4,50,36.839027,0.5796779632568368,94.54544677734374,13.160972595214844,13.160972595214844,XGBoost,4
2025-05-01,Gleevec,TER-08,24,108424.4,2,4502.82,5,2,2025,3,0,47.0,35.0,39.0,48.333333333333336,14.047538337136986,5,7,35.96083,4,24,35.96083,0.3316360473632822,90.71920776367188,-11.960830688476562,11.960830688476562,XGBoost,4
2025-06-01,Gleevec,TER-08,47,210944.5,3,4504.356666666667,6,2,2025,6,0,24.0,63.0,40.0,44.66666666666666,19.60442127004348,5,7,40.434986,4,47,40.434986,0.0,91.71927986145019,6.565013885498047,6.565013885498047,XGBoost,4
2025-07-01,Gleevec,TER-08,33,150599.24000000002,2,4592.34,7,3,2025,1,0,47.0,47.0,40.0,39.333333333333336,13.279056191361388,5,7,29.859385,4,33,29.859385,0.0,84.39334144592281,3.140615463256836,3.140615463256836,XGBoost,4
2025-08-01,Gleevec,TER-08,31,138099.27000000002,3,4470.003333333333,8,3,2025,4,0,33.0,24.0,35.0,34.666666666666664,11.590225767142469,5,7,30.283834,4,31,30.283834,0.0,83.350410079956,0.7161655426025391,0.7161655426025391,XGBoost,4
2025-09-01,Gleevec,TER-08,46,205746.5,1,4472.75,9,3,2025,0,0,31.0,47.0,63.0,37.0,8.717797887081343,5,7,39.9548,4,46,39.9548,1.29480094909668,91.18439178466797,6.045200347900391,6.045200347900391,XGBoost,4
2025-10-01,Gleevec,TER-08,34,152793.74,4,4487.1,10,4,2025,2,0,46.0,33.0,47.0,36.66666666666666,8.144527815247073,5,7,36.583298,4,34,36.583298,1.5223590850830095,91.65509605407706,-2.5832977294921875,2.5832977294921875,XGBoost,4
2025-11-01,Gleevec,TER-08,43,188091.89,1,4374.23,11,4,2025,5,0,34.0,31.0,24.0,37.0,7.937253933193768,5,7,39.77098,4,43,39.77098,0.0,90.96521072387695,3.2290191650390625,3.2290191650390625,XGBoost,4
2025-12-01,Gleevec,TER-08,54,257328.14,4,4747.7,12,4,2025,0,0,43.0,46.0,47.0,41.0,6.244997998398392,5,7,33.79352,4,54,33.79352,0.0,87.27328300476071,20.206478118896484,20.206478118896484,XGBoost,4
2025-05-01,Gleevec,TER-09,26,121006.41,4,4583.3175,5,2,2025,3,0,26.0,42.0,37.0,41.66666666666666,15.50268793897798,5,8,35.365486,4,26,35.365486,0.0,87.80307426452636,-9.365486145019531,9.365486145019531,XGBoost,4
2025-06-01,Gleevec,TER-09,39,184183.74,1,4722.66,6,2,2025,6,0,26.0,57.0,32.0,36.333333333333336,17.897858344878397,5,8,37.377037,4,39,37.377037,0.0,88.63903198242184,1.6229629516601562,1.6229629516601562,XGBoost,4
2025-07-01,Gleevec,TER-09,24,104287.54,4,4363.3375,7,3,2025,1,0,39.0,26.0,44.0,30.33333333333333,7.505553499465137,5,8,28.741232,4,24,28.741232,0.0,83.27518882751461,-4.741231918334961,4.741231918334961,XGBoost,4
2025-08-01,Gleevec,TER-09,35,148745.64,4,4459.1975,8,3,2025,4,0,24.0,26.0,42.0,29.666666666666668,8.144527815247079,5,8,30.108316,4,35,30.108316,0.0,92.79925422668455,4.891683578491211,4.891683578491211,XGBoost,4
2025-09-01,Gleevec,TER-09,38,183222.01,2,4681.525,9,3,2025,0,0,35.0,39.0,57.0,32.666666666666664,7.767453465154031,5,8,33.828434,4,38,33.828434,0.0,85.1014644622802,4.171566009521484,4.171566009521484,XGBoost,4
2025-10-01,Gleevec,TER-09,43,189487.26,2,4366.33,10,4,2025,2,0,38.0,24.0,26.0,32.333333333333336,7.371114795831995,5,8,36.050934,4,43,36.050934,0.0,88.4834213256836,6.949066162109375,6.949066162109375,XGBoost,4
2025-11-01,Gleevec,TER-09,29,135290.2,3,4586.156666666667,11,4,2025,5,0,43.0,35.0,26.0,38.66666666666666,4.041451884327395,5,8,38.78899,4,29,38.78899,0.12888622283935586,96.40779533386228,-9.788990020751953,9.788990020751953,XGBoost,4
2025-12-01,Gleevec,TER-09,43,194039.7,2,4536.014999999999,12,4,2025,0,0,29.0,38.0,39.0,36.66666666666666,7.094598884597596,5,8,34.38744,4,43,34.38744,0.0,87.2667873382568,8.612560272216797,8.612560272216797,XGBoost,4
2025-05-01,Gleevec,TER-10,30,134596.88999999998,4,4417.1325,5,2,2025,3,0,35.0,43.0,26.0,43.66666666666666,9.018499505645789,5,9,32.391148,4,30,32.391148,0.0,86.38110618591308,-2.3911476135253906,2.3911476135253906,XGBoost,4
2025-06-01,Gleevec,TER-10,38,166166.91,3,4339.67,6,2,2025,6,0,30.0,53.0,45.0,39.333333333333336,12.096831541082702,5,9,38.739204,4,38,38.739204,0.0,95.58178710937499,-0.7392044067382812,0.7392044067382812,XGBoost,4
2025-07-01,Gleevec,TER-10,26,111116.18,2,4251.355,7,3,2025,1,0,38.0,35.0,44.0,34.333333333333336,4.04145188432738,5,9,29.551323,4,26,29.551323,0.0,85.17488403320307,-3.5513229370117188,3.5513229370117188,XGBoost,4
2025-08-01,Gleevec,TER-10,21,102689.58,1,4889.98,8,3,2025,4,0,26.0,30.0,43.0,31.33333333333333,6.110100926607786,5,9,32.39496,4,21,32.39496,0.0,85.46195526123039,-11.39495849609375,11.39495849609375,XGBoost,4
2025-09-01,Gleevec,TER-10,42,190089.28,2,4521.92,9,3,2025,0,0,21.0,38.0,53.0,28.33333333333333,8.736894948054104,5,9,36.638702,4,42,36.638702,0.0,86.52171745300289,5.361297607421875,5.361297607421875,XGBoost,4
2025-10-01,Gleevec,TER-10,30,130808.8,2,4262.62,10,4,2025,2,0,42.0,26.0,35.0,29.666666666666668,10.969655114602888,5,9,36.759,4,30,36.759,0.0,89.61654090881346,-6.758998870849609,6.758998870849609,XGBoost,4
2025-11-01,Gleevec,TER-10,51,214854.36,3,4344.54,11,4,2025,5,0,30.0,21.0,30.0,31.0,10.535653752852738,5,9,38.15064,4,51,38.15064,0.0,93.39733886718749,12.849361419677734,12.849361419677734,XGBoost,4
2025-12-01,Gleevec,TER-10,30,137775.82,3,4619.233333333334,12,4,2025,0,0,51.0,42.0,38.0,41.0,10.535653752852738,5,9,33.175037,4,30,33.175037,0.0,81.83944320678711,-3.175037384033203,3.175037384033203,XGBoost,4
2025-05-01,Gleevec,TER-11,38,178068.8,2,4648.9,5,2,2025,3,0,37.0,36.0,37.0,37.333333333333336,1.527525231651954,5,10,34.507088,4,38,34.507088,0.5908580780029314,97.60195693969722,3.4929122924804688,3.4929122924804688,XGBoost,4
2025-06-01,Gleevec,TER-11,44,210368.4,2,4694.05,6,2,2025,6,0,38.0,39.0,28.0,38.0,1.0000000000000098,5,10,37.68114,4,44,37.68114,0.0,90.06108627319335,6.318859100341797,6.318859100341797,XGBoost,4
2025-07-01,Gleevec,TER-11,21,89243.54999999999,3,4593.03,7,3,2025,1,0,44.0,37.0,26.0,39.66666666666666,3.785938897200186,5,10,28.36276,4,21,28.36276,0.0,80.81468048095701,-7.362760543823242,7.362760543823242,XGBoost,4
2025-08-01,Gleevec,TER-11,27,120212.4,2,4466.1,8,3,2025,4,0,21.0,38.0,36.0,34.333333333333336,11.930353445448857,5,10,31.498217,4,27,31.498217,0.0,78.03799552917465,-4.49821662902832,4.49821662902832,XGBoost,4
2025-09-01,Gleevec,TER-11,41,198796.0,3,4772.033333333334,9,3,2025,0,0,27.0,44.0,39.0,30.666666666666668,11.930353445448858,5,10,33.879547,4,41,33.879547,0.0,89.52972793579096,7.120452880859375,7.120452880859375,XGBoost,4
2025-10-01,Gleevec,TER-11,33,141587.83,3,4353.07,10,4,2025,2,0,41.0,21.0,37.0,29.666666666666668,10.263202878893772,5,10,35.446064,4,33,35.446064,0.0,85.10380325317381,-2.446063995361328,2.446063995361328,XGBoost,4
2025-11-01,Gleevec,TER-11,48,196460.64,1,4092.93,11,4,2025,5,0,33.0,27.0,38.0,33.666666666666664,7.023769168568499,5,10,39.0529,4,48,39.0529,0.0,97.41813812255856,8.947101593017578,8.947101593017578,XGBoost,4
2025-12-01,Gleevec,TER-11,58,261334.01,3,4433.2300000000005,12,4,2025,0,0,48.0,41.0,44.0,40.66666666666666,7.505553499465143,5,10,33.725796,4,58,33.725796,0.0,85.57938461303699,24.27420425415039,24.27420425415039,XGBoost,4
2025-05-01,Gleevec,TER-12,33,147508.56,3,4401.573333333334,5,2,2025,3,0,23.0,34.0,33.0,30.33333333333333,6.350852961085886,5,11,29.35265,4,33,29.35265,0.0,88.92533340454099,3.647350311279297,3.647350311279297,XGBoost,4
2025-06-01,Gleevec,TER-12,37,166180.69,1,4491.37,6,2,2025,6,0,33.0,34.0,38.0,30.0,6.082762530298222,5,11,34.582893,4,37,34.582893,0.0,85.50927696228025,2.4171066284179688,2.4171066284179688,XGBoost,4
2025-07-01,Gleevec,TER-12,19,84297.06000000001,3,4616.94,7,3,2025,1,0,37.0,23.0,44.0,31.0,7.211102550927981,5,11,27.343376,4,19,27.343376,0.0,74.4394115447998,-8.343376159667969,8.343376159667969,XGBoost,4
2025-08-01,Gleevec,TER-12,25,112450.15,4,4461.0375,8,3,2025,4,0,19.0,33.0,34.0,29.666666666666668,9.45163125250522,5,11,28.907536,4,25,28.907536,0.0,80.83976631164546,-3.9075355529785156,3.9075355529785156,XGBoost,4
2025-09-01,Gleevec,TER-12,38,164352.02000000002,2,4096.195,9,3,2025,0,0,25.0,37.0,34.0,27.0,9.165151389911683,5,11,31.338203,4,38,31.338203,0.0,81.18745422363281,6.661796569824219,6.661796569824219,XGBoost,4
2025-10-01,Gleevec,TER-12,34,145551.72999999998,2,4307.705,10,4,2025,2,0,38.0,19.0,23.0,27.33333333333333,9.712534856222312,5,11,31.674461,4,34,31.674461,0.0,82.32213363647458,2.3255386352539062,2.3255386352539062,XGBoost,4
2025-11-01,Gleevec,TER-12,43,187792.31,2,4336.415,11,4,2025,5,0,34.0,25.0,33.0,32.333333333333336,6.658328118479397,5,11,35.284508,4,43,35.284508,0.0,92.61605072021484,7.715492248535156,7.715492248535156,XGBoost,4
2025-12-01,Gleevec,TER-12,24,110649.12,2,4610.38,12,4,2025,0,0,43.0,38.0,37.0,38.333333333333336,4.509249752822898,5,11,30.0714,4,24,30.0714,0.0,83.87949180603026,-6.071399688720703,6.071399688720703,XGBoost,4
2025-05-01,Gleevec,TER-13,34,158183.91,4,4496.2875,5,2,2025,3,0,29.0,48.0,39.0,43.66666666666666,13.05118130030126,5,12,32.58263,4,34,32.58263,0.0,84.23209648132323,1.4173698425292969,1.4173698425292969,XGBoost,4
2025-06-01,Gleevec,TER-13,40,189260.8,1,4731.52,6,2,2025,6,0,34.0,54.0,30.0,39.0,13.22875655532295,5,12,36.087788,4,40,36.087788,0.0,88.07072257995603,3.912212371826172,3.912212371826172,XGBoost,4
2025-07-01,Gleevec,TER-13,21,97515.97,3,4536.543333333334,7,3,2025,1,0,40.0,29.0,43.0,34.333333333333336,5.507570547286093,5,12,24.780928,4,21,24.780928,0.0,83.85889816284178,-3.7809276580810547,3.7809276580810547,XGBoost,4
2025-08-01,Gleevec,TER-13,27,113492.37,2,4363.92,8,3,2025,4,0,21.0,34.0,48.0,31.666666666666668,9.712534856222304,5,12,31.803871,4,27,31.803871,0.0,85.2185180664062,-4.803871154785156,4.803871154785156,XGBoost,4
2025-09-01,Gleevec,TER-13,23,95976.33,3,4095.883333333333,9,3,2025,0,0,27.0,40.0,54.0,29.33333333333333,9.712534856222304,5,12,31.019606,4,23,31.019606,0.0,81.54847755432128,-8.01960563659668,8.01960563659668,XGBoost,4
2025-10-01,Gleevec,TER-13,28,121631.72,1,4343.99,10,4,2025,2,0,23.0,21.0,29.0,23.666666666666668,3.055050463303875,5,12,30.581285,4,28,30.581285,0.0,85.34938621520995,-2.5812854766845703,2.5812854766845703,XGBoost,4
2025-11-01,Gleevec,TER-13,42,188506.06,4,4581.8375,11,4,2025,5,0,28.0,27.0,34.0,26.0,2.645751311064569,5,12,32.263447,4,42,32.263447,0.0,87.78121337890614,9.736553192138672,9.736553192138672,XGBoost,4
2025-12-01,Gleevec,TER-13,41,184733.7,1,4505.7,12,4,2025,0,0,42.0,23.0,40.0,31.0,9.8488578017961,5,12,33.14367,4,41,33.14367,0.0,91.44473495483398,7.856330871582031,7.856330871582031,XGBoost,4
2025-05-01,Gleevec,TER-14,31,148516.19,3,4650.336666666666,5,2,2025,3,0,42.0,22.0,30.0,36.333333333333336,12.503332889007371,5,13,30.996675,4,31,30.996675,0.0,92.3688117980957,0.0033245086669921875,0.0033245086669921875,XGBoost,4
2025-06-01,Gleevec,TER-14,41,188817.9,4,4679.085,6,2,2025,6,0,31.0,45.0,31.0,39.333333333333336,7.371114795832001,5,13,32.056232,4,41,32.056232,0.0,89.3905044555664,8.943767547607422,8.943767547607422,XGBoost,4
2025-07-01,Gleevec,TER-14,20,90227.07,3,4556.3,7,3,2025,1,0,41.0,42.0,27.0,38.0,6.082762530298227,5,13,24.203163,4,20,24.203163,0.0,79.83934326171868,-4.203163146972656,4.203163146972656,XGBoost,4
2025-08-01,Gleevec,TER-14,20,86013.4,1,4300.67,8,3,2025,4,0,20.0,31.0,22.0,30.666666666666668,10.503967504392484,5,13,30.741528,4,20,30.741528,0.0,85.51110649108885,-10.741527557373047,10.741527557373047,XGBoost,4
2025-09-01,Gleevec,TER-14,30,133522.59,2,4391.485,9,3,2025,0,0,20.0,41.0,45.0,27.0,12.124355652982132,5,13,28.73189,4,30,28.73189,0.0,77.39153480529785,1.2681102752685547,1.2681102752685547,XGBoost,4
2025-10-01,Gleevec,TER-14,19,81785.1,4,4503.135,10,4,2025,2,0,30.0,20.0,42.0,23.33333333333333,5.773502691896228,5,13,28.525738,4,19,28.525738,0.0,81.40979309082029,-9.525737762451172,9.525737762451172,XGBoost,4
2025-11-01,Gleevec,TER-14,21,88809.91,3,4307.503333333333,11,4,2025,5,0,19.0,20.0,31.0,23.0,6.082762530298191,5,13,31.20899,4,21,31.20899,0.0,89.50826072692871,-10.208990097045898,10.208990097045898,XGBoost,4
2025-12-01,Gleevec,TER-14,30,132369.34,2,4376.42,12,4,2025,0,0,21.0,30.0,41.0,23.33333333333333,5.859465277082286,5,13,28.499426,4,30,28.499426,0.0,88.47971839904784,1.5005741119384766,1.5005741119384766,XGBoost,4
2025-05-01,Gleevec,TER-15,25,123328.75,1,4933.15,5,2,2025,3,0,23.0,36.0,36.0,31.0,7.000000000000004,5,14,29.331919,4,25,29.331919,0.0,76.7646549224853,-4.331918716430664,4.331918716430664,XGBoost,4
2025-06-01,Gleevec,TER-15,44,187436.16,2,4349.85,6,2,2025,6,0,25.0,34.0,22.0,27.33333333333333,5.859465277082319,5,14,32.02889,4,44,32.02889,0.0,84.08802757263174,11.971111297607422,11.971111297607422,XGBoost,4
2025-07-01,Gleevec,TER-15,21,96771.03,4,4566.645,7,3,2025,1,0,44.0,23.0,33.0,30.666666666666668,11.590225767142474,5,14,23.052763,4,21,23.052763,0.0,74.27224617004394,-2.052762985229492,2.052762985229492,XGBoost,4
2025-08-01,Gleevec,TER-15,23,92104.65,1,4004.55,8,3,2025,4,0,21.0,25.0,36.0,30.0,12.288205727444508,5,14,31.425886,4,23,31.425886,0.0,78.34097023010251,-8.425886154174805,8.425886154174805,XGBoost,4
2025-09-01,Gleevec,TER-15,35,157700.84,2,4499.08,9,3,2025,0,0,23.0,44.0,34.0,29.33333333333333,12.741009902410928,5,14,30.630156,4,35,30.630156,0.0,89.70043907165527,4.369844436645508,4.369844436645508,XGBoost,4
2025-10-01,Gleevec,TER-15,35,151387.33000000002,3,4357.150000000001,10,4,2025,2,0,35.0,21.0,23.0,26.33333333333333,7.571877794400364,5,14,28.791382,4,35,28.791382,0.0,84.43841171264643,6.2086181640625,6.2086181640625,XGBoost,4
2025-11-01,Gleevec,TER-15,28,137180.4,1,4899.3,11,4,2025,5,0,35.0,23.0,25.0,31.0,6.928203230275508,5,14,32.359016,4,28,32.359016,0.0,84.31829071044922,-4.359016418457031,4.359016418457031,XGBoost,4
2025-12-01,Gleevec,TER-15,42,195350.81,2,4432.805,12,4,2025,0,0,28.0,35.0,44.0,32.666666666666664,4.041451884327378,5,14,31.909115,4,42,31.909115,0.0,90.87627487182617,10.090885162353516,10.090885162353516,XGBoost,4
2025-05-01,Gleevec,TER-16,40,175236.0,1,4380.9,5,2,2025,3,0,30.0,35.0,41.0,38.0,9.848857801796104,5,15,32.210136,4,40,32.210136,0.0,90.19890594482422,7.789863586425781,7.789863586425781,XGBoost,4
2025-06-01,Gleevec,TER-16,42,186549.45,4,4475.395,6,2,2025,6,0,40.0,49.0,32.0,39.66666666666666,9.504384952922168,5,15,34.54962,4,42,34.54962,2.5552978515625004,91.88116455078125,7.45037841796875,7.45037841796875,XGBoost,4
2025-07-01,Gleevec,TER-16,32,142268.03999999998,2,4505.61,7,3,2025,1,0,42.0,30.0,43.0,37.333333333333336,6.429100507328635,5,15,25.371866,4,32,25.371866,0.0,78.43393898010245,6.628133773803711,6.628133773803711,XGBoost,4
2025-08-01,Gleevec,TER-16,33,147088.21000000002,3,4379.593333333333,8,3,2025,4,0,32.0,40.0,35.0,38.0,5.291502622129179,5,15,30.081444,4,33,30.081444,0.0,77.95494842529297,2.9185562133789062,2.9185562133789062,XGBoost,4
2025-09-01,Gleevec,TER-16,42,182817.08,2,4461.280000000001,9,3,2025,0,0,33.0,42.0,49.0,35.666666666666664,5.507570547286099,5,15,29.639624,4,42,29.639624,0.0,74.3212814331054,12.360376358032227,12.360376358032227,XGBoost,4
2025-10-01,Gleevec,TER-16,44,202224.94,2,4578.605,10,4,2025,2,0,42.0,32.0,30.0,35.666666666666664,5.507570547286099,5,15,32.188892,4,44,32.188892,0.0,83.63102645874022,11.811107635498047,11.811107635498047,XGBoost,4
2025-11-01,Gleevec,TER-16,34,152104.5,4,4413.795,11,4,2025,5,0,44.0,33.0,40.0,39.66666666666666,5.859465277082314,5,15,34.680855,4,34,34.680855,0.0,89.54251174926758,-0.6808547973632812,0.6808547973632812,XGBoost,4
2025-12-01,Gleevec,TER-16,31,148246.65,1,4782.15,12,4,2025,0,0,34.0,42.0,42.0,40.0,5.2915026221291805,5,15,30.610306,4,31,30.610306,0.0,85.91735000610345,0.3896942138671875,0.3896942138671875,XGBoost,4
2025-05-01,Gleevec,TER-17,30,129001.5,1,4300.05,5,2,2025,3,0,19.0,20.0,27.0,25.666666666666668,10.692676621563628,5,16,27.27053,4,30,27.27053,0.0,86.71469955444324,2.7294692993164062,2.7294692993164062,XGBoost,4
2025-06-01,Gleevec,TER-17,21,97564.08,2,4665.120000000001,6,2,2025,6,0,30.0,38.0,40.0,29.0,9.539392014169456,5,16,31.42008,4,21,31.42008,0.0,89.18154792785639,-10.420080184936523,10.420080184936523,XGBoost,4
2025-07-01,Gleevec,TER-17,18,83552.4,1,4641.8,7,3,2025,1,0,21.0,19.0,31.0,23.33333333333333,5.859465277082315,5,16,22.417799,4,18,22.417799,0.0,80.11350593566894,-4.41779899597168,4.41779899597168,XGBoost,4
2025-08-01,Gleevec,TER-17,15,66548.4,4,4567.6075,8,3,2025,4,0,18.0,30.0,20.0,23.0,6.244997998398398,5,16,25.860167,4,15,25.860167,0.0,86.09785881042473,-10.860166549682617,10.860166549682617,XGBoost,4
2025-09-01,Gleevec,TER-17,39,176629.49,4,4503.965,9,3,2025,0,0,15.0,21.0,38.0,18.0,3.0,5,16,25.948215,4,39,25.948215,0.0,73.22031059265136,13.05178451538086,13.05178451538086,XGBoost,4
2025-10-01,Gleevec,TER-17,34,153712.3,4,4375.3150000000005,10,4,2025,2,0,39.0,18.0,19.0,24.0,13.07669683062202,5,16,28.74803,4,34,28.74803,0.0,76.06493682861324,5.251970291137695,5.251970291137695,XGBoost,4
2025-11-01,Gleevec,TER-17,22,98920.75,2,4533.535,11,4,2025,5,0,34.0,15.0,30.0,29.33333333333333,12.662279942148386,5,16,31.436594,4,22,31.436594,0.0,85.39428024291992,-9.436594009399414,9.436594009399414,XGBoost,4
2025-12-01,Gleevec,TER-17,24,110541.92,2,4584.635,12,4,2025,0,0,22.0,39.0,21.0,31.666666666666668,8.736894948054106,5,16,30.566257,4,24,30.566257,0.0,81.92080841064451,-6.566257476806641,6.566257476806641,XGBoost,4
2025-05-01,Gleevec,TER-18,38,167462.72,4,4341.6475,5,2,2025,3,0,26.0,29.0,26.0,29.666666666666668,4.041451884327372,5,17,26.57389,4,38,26.57389,0.0,76.7247764587402,11.426109313964844,11.426109313964844,XGBoost,4
2025-06-01,Gleevec,TER-18,37,164560.02000000002,3,4419.786666666667,6,2,2025,6,0,38.0,34.0,37.0,32.666666666666664,6.110100926607782,5,17,31.405191,4,37,31.405191,0.0,77.6477725982666,5.594808578491211,5.594808578491211,XGBoost,4
2025-07-01,Gleevec,TER-18,30,136055.11000000002,2,4595.375,7,3,2025,1,0,37.0,26.0,39.0,33.666666666666664,6.658328118479389,5,17,25.74328,4,30,25.74328,0.0,84.11876335144039,4.256719589233398,4.256719589233398,XGBoost,4
2025-08-01,Gleevec,TER-18,29,124577.87,4,4291.92,8,3,2025,4,0,30.0,38.0,29.0,35.0,4.358898943540669,5,17,28.925455,4,29,28.925455,0.0,83.36203975677486,0.07454490661621094,0.07454490661621094,XGBoost,4
2025-09-01,Gleevec,TER-18,34,144603.81,3,4349.713333333333,9,3,2025,0,0,29.0,37.0,34.0,32.0,4.358898943540669,5,17,29.837448,4,34,29.837448,0.0,85.46100921630854,4.1625518798828125,4.1625518798828125,XGBoost,4
2025-10-01,Gleevec,TER-18,19,91710.05,2,4763.6,10,4,2025,2,0,34.0,30.0,26.0,31.0,2.6457513110645827,5,17,30.33088,4,19,30.33088,0.0,83.69929504394531,-11.330879211425781,11.330879211425781,XGBoost,4
2025-11-01,Gleevec,TER-18,34,142477.34,1,4190.51,11,4,2025,5,0,19.0,29.0,38.0,27.33333333333333,7.637626158259731,5,17,33.919037,4,34,33.919037,0.0,85.36162910461424,0.080963134765625,0.080963134765625,XGBoost,4
2025-12-01,Gleevec,TER-18,24,105546.13,3,4270.623333333333,12,4,2025,0,0,34.0,34.0,37.0,29.0,8.660254037844384,5,17,29.752361,4,24,29.752361,0.0,81.50557632446287,-5.752361297607422,5.752361297607422,XGBoost,4
2025-05-01,Gleevec,TER-19,35,152423.37,3,4469.276666666667,5,2,2025,3,0,30.0,38.0,24.0,31.33333333333333,6.110100926607785,5,18,27.623995,4,35,27.623995,0.0,78.18193092346188,7.376005172729492,7.376005172729492,XGBoost,4
2025-06-01,Gleevec,TER-19,29,134423.58000000002,3,4617.633333333333,6,2,2025,6,0,35.0,26.0,22.0,30.33333333333333,4.509249752822892,5,18,29.511526,4,29,29.511526,0.0,87.20314598083496,-0.5115261077880859,0.5115261077880859,XGBoost,4
2025-07-01,Gleevec,TER-19,26,131914.64,1,5073.64,7,3,2025,1,0,29.0,30.0,36.0,31.33333333333333,3.214550253664315,5,18,22.874393,4,26,22.874393,0.0,77.84399414062499,3.1256065368652344,3.1256065368652344,XGBoost,4
2025-08-01,Gleevec,TER-19,26,119768.8,4,4676.48,8,3,2025,4,0,26.0,35.0,38.0,30.0,4.582575694955838,5,18,27.402105,4,26,27.402105,0.0,79.95852012634275,-1.4021053314208984,1.4021053314208984,XGBoost,4
2025-09-01,Gleevec,TER-19,28,130769.94,4,4724.715,9,3,2025,0,0,26.0,29.0,26.0,27.0,1.7320508075688712,5,18,26.364897,4,28,26.364897,0.0,80.88250789642322,1.6351032257080078,1.6351032257080078,XGBoost,4
2025-10-01,Gleevec,TER-19,33,152501.81999999998,2,4500.945,10,4,2025,2,0,28.0,26.0,30.0,26.666666666666668,1.1547005383792417,5,18,26.069298,4,33,26.069298,0.0,76.0455051422118,6.930702209472656,6.930702209472656,XGBoost,4
2025-11-01,Gleevec,TER-19,39,182163.15,1,4670.85,11,4,2025,5,0,33.0,26.0,35.0,29.0,3.605551275463986,5,18,31.150286,4,39,31.150286,0.0,83.69782142639158,7.849714279174805,7.849714279174805,XGBoost,4
2025-12-01,Gleevec,TER-19,32,145394.01,4,4580.1225,12,4,2025,0,0,39.0,28.0,29.0,33.333333333333336,5.507570547286099,5,18,28.0213,4,32,28.0213,0.0,81.47596549987793,3.978700637817383,3.978700637817383,XGBoost,4
2025-05-01,Gleevec,TER-20,19,81522.97,3,4539.69,5,2,2025,3,0,32.0,37.0,37.0,37.66666666666666,6.027713773341706,5,19,27.658419,4,19,27.658419,0.0,74.8402042388916,-8.658418655395508,8.658418655395508,XGBoost,4
2025-06-01,Gleevec,TER-20,24,104261.69,4,4539.860000000001,6,2,2025,6,0,19.0,44.0,20.0,31.666666666666668,12.503332889007368,5,19,30.207926,4,24,30.207926,0.0,80.82682571411132,-6.207925796508789,6.207925796508789,XGBoost,4
2025-07-01,Gleevec,TER-20,23,114356.94,4,4750.24,7,3,2025,1,0,24.0,32.0,30.0,25.0,6.557438524302,5,19,22.147583,4,23,22.147583,0.0,71.92343330383297,0.8524169921875,0.8524169921875,XGBoost,4
2025-08-01,Gleevec,TER-20,21,93351.18,2,4304.995,8,3,2025,4,0,23.0,19.0,37.0,22.0,2.645751311064588,5,19,26.956944,4,21,26.956944,0.0,78.67805900573731,-5.956943511962891,5.956943511962891,XGBoost,4
2025-09-01,Gleevec,TER-20,33,148924.35,4,4490.5,9,3,2025,0,0,21.0,24.0,44.0,22.666666666666668,1.5275252316519423,5,19,27.631878,4,33,27.631878,0.0,85.9670524597168,5.368122100830078,5.368122100830078,XGBoost,4
2025-10-01,Gleevec,TER-20,35,166417.78,2,4727.745000000001,10,4,2025,2,0,33.0,23.0,32.0,25.666666666666668,6.429100507328635,5,19,26.276697,4,35,26.276697,0.0,79.18113975524898,8.723302841186523,8.723302841186523,XGBoost,4
2025-11-01,Gleevec,TER-20,26,120412.02,2,4837.875,11,4,2025,5,0,35.0,21.0,19.0,29.666666666666668,7.571877794400363,5,19,27.93631,4,26,27.93631,0.0,79.84912910461422,-1.936309814453125,1.936309814453125,XGBoost,4
2025-12-01,Gleevec,TER-20,26,127559.64,1,4906.14,12,4,2025,0,0,26.0,33.0,24.0,31.33333333333333,4.725815626252604,5,19,31.059256,4,26,31.059256,0.0,89.13431167602538,-5.059255599975586,5.059255599975586,XGBoost,4
2025-05-01,Herceptin,TER-01,47,281687.14,3,6164.973333333332,5,2,2025,3,0,45.0,50.0,47.0,51.0,6.557438524301993,6,0,39.32008,4,47,39.32008,0.0,96.4708885192871,7.679920196533203,7.679920196533203,XGBoost,4
2025-06-01,Herceptin,TER-01,51,334838.28,3,6611.666666666667,6,2,2025,6,0,47.0,58.0,31.0,50.0,6.999999999999994,6,0,47.620117,4,51,47.620117,5.642894744873049,100.02884063720701,3.3798828125,3.3798828125,XGBoost,4
2025-07-01,Herceptin,TER-01,37,241118.65,4,6710.217500000001,7,3,2025,1,0,51.0,45.0,43.0,47.66666666666666,3.0550504633038797,6,0,33.586525,4,37,33.586525,0.0,92.53324584960937,3.4134750366210938,3.4134750366210938,XGBoost,4
2025-08-01,Herceptin,TER-01,29,184307.22000000003,3,6363.48,8,3,2025,4,0,37.0,47.0,50.0,45.0,7.211102550927973,6,0,39.799534,4,29,39.799534,0.0,92.0067142486572,-10.79953384399414,10.79953384399414,XGBoost,4
2025-09-01,Herceptin,TER-01,59,385472.81,4,6416.360000000001,9,3,2025,0,0,29.0,51.0,58.0,39.0,11.13552872566004,6,0,36.67856,4,59,36.67856,0.0,85.0512424468994,22.321441650390625,22.321441650390625,XGBoost,4
2025-10-01,Herceptin,TER-01,42,287022.76,2,6655.48,10,4,2025,2,0,59.0,37.0,45.0,41.66666666666666,15.534906930308056,6,0,43.971706,4,42,43.971706,5.682768249511719,99.33367538452141,-1.9717063903808594,1.9717063903808594,XGBoost,4
2025-11-01,Herceptin,TER-01,40,256701.4,2,6417.535,11,4,2025,5,0,42.0,29.0,47.0,43.333333333333336,15.044378795195676,6,0,46.10758,4,40,46.10758,2.8134449005126956,93.56384925842279,-6.107578277587891,6.107578277587891,XGBoost,4
2025-12-01,Herceptin,TER-01,54,380350.08,1,7043.52,12,4,2025,0,0,40.0,59.0,51.0,47.0,10.440306508910547,6,0,48.502895,4,54,48.502895,10.587357330322266,102.48493194580078,5.497104644775391,5.497104644775391,XGBoost,4
2025-05-01,Herceptin,TER-02,50,345450.13,4,6785.6375,5,2,2025,3,0,30.0,40.0,45.0,38.0,7.211102550927977,6,1,32.81215,4,50,32.81215,0.0,82.54225120544433,17.187850952148438,17.187850952148438,XGBoost,4
2025-06-01,Herceptin,TER-02,30,186879.3,1,6229.31,6,2,2025,6,0,50.0,44.0,28.0,41.333333333333336,10.263202878893766,6,1,44.94029,4,30,44.94029,8.867600250244141,96.13284301757812,-14.940288543701172,14.940288543701172,XGBoost,4
2025-07-01,Herceptin,TER-02,24,153539.63999999998,2,6401.4,7,3,2025,1,0,30.0,30.0,42.0,36.66666666666666,11.547005383792513,6,1,31.373304,4,24,31.373304,0.0,81.07113456726074,-7.37330436706543,7.37330436706543,XGBoost,4
2025-08-01,Herceptin,TER-02,30,195102.0,1,6503.4,8,3,2025,4,0,24.0,50.0,40.0,34.666666666666664,13.61371857110809,6,1,35.10759,4,30,35.10759,0.0,89.14465713500972,-5.1075897216796875,5.1075897216796875,XGBoost,4
2025-09-01,Herceptin,TER-02,36,243817.87,4,6595.8425,9,3,2025,0,0,30.0,30.0,44.0,28.0,3.4641016151377397,6,1,33.858486,4,36,33.858486,0.0,83.14526367187499,2.1415138244628906,2.1415138244628906,XGBoost,4
2025-10-01,Herceptin,TER-02,49,313998.37,1,6408.13,10,4,2025,2,0,36.0,24.0,30.0,30.0,5.999999999999994,6,1,36.28399,4,49,36.28399,0.10044898986816436,84.00887336730955,12.716011047363281,12.716011047363281,XGBoost,4
2025-11-01,Herceptin,TER-02,34,231811.06,3,6744.986666666667,11,4,2025,5,0,49.0,30.0,50.0,38.333333333333336,9.712534856222312,6,1,40.689827,4,34,40.689827,0.0,86.65588531494139,-6.689826965332031,6.689826965332031,XGBoost,4
2025-12-01,Herceptin,TER-02,32,200267.83,3,6631.153333333333,12,4,2025,0,0,34.0,36.0,30.0,39.66666666666666,8.144527815247082,6,1,35.498123,4,32,35.498123,0.0,89.57426757812497,-3.4981231689453125,3.4981231689453125,XGBoost,4
2025-05-01,Herceptin,TER-03,36,226697.78,4,6315.4325,5,2,2025,3,0,42.0,45.0,36.0,46.66666666666666,5.686240703077325,6,2,34.592545,4,36,34.592545,0.0,86.44663619995114,1.4074554443359375,1.4074554443359375,XGBoost,4
2025-06-01,Herceptin,TER-03,48,298233.15,4,6584.905,6,2,2025,6,0,36.0,53.0,42.0,43.66666666666666,8.621678104251707,6,2,38.285957,4,48,38.285957,4.952825546264648,92.09558677673338,9.714042663574219,9.714042663574219,XGBoost,4
2025-07-01,Herceptin,TER-03,40,260295.6,1,6507.39,7,3,2025,1,0,48.0,42.0,44.0,42.0,5.999999999999997,6,2,33.03003,4,40,33.03003,0.0,84.87123985290526,6.969970703125,6.969970703125,XGBoost,4
2025-08-01,Herceptin,TER-03,21,130108.44,1,6195.64,8,3,2025,4,0,40.0,36.0,45.0,41.333333333333336,6.110100926607784,6,2,37.605038,4,21,37.605038,0.0,90.05566024780272,-16.605037689208984,16.605037689208984,XGBoost,4
2025-09-01,Herceptin,TER-03,46,308006.34,1,6695.79,9,3,2025,0,0,21.0,48.0,53.0,36.333333333333336,13.868429375143148,6,2,34.940437,4,46,34.940437,0.0,91.96885452270507,11.059562683105469,11.059562683105469,XGBoost,4
2025-10-01,Herceptin,TER-03,43,314481.79,1,7313.53,10,4,2025,2,0,46.0,40.0,42.0,35.666666666666664,13.05118130030126,6,2,40.222652,4,43,40.222652,6.687560653686525,91.66977996826171,2.7773475646972656,2.7773475646972656,XGBoost,4
2025-11-01,Herceptin,TER-03,30,190243.23,2,6382.025,11,4,2025,5,0,43.0,21.0,36.0,36.66666666666666,13.650396819628844,6,2,38.712086,4,30,38.712086,2.124245071411135,95.88089523315428,-8.712085723876953,8.712085723876953,XGBoost,4
2025-12-01,Herceptin,TER-03,28,173935.05,2,6272.195,12,4,2025,0,0,30.0,46.0,48.0,39.66666666666666,8.504900548115376,6,2,31.405165,4,28,31.405165,0.0,83.88876113891597,-3.4051647186279297,3.4051647186279297,XGBoost,4
2025-05-01,Herceptin,TER-04,48,308996.16,1,6437.42,5,2,2025,3,0,36.0,49.0,46.0,37.333333333333336,11.06044001535804,6,3,35.576206,4,48,35.576206,0.0,95.15332832336425,12.42379379272461,12.42379379272461,XGBoost,4
2025-06-01,Herceptin,TER-04,36,234029.34,4,6531.014999999999,6,2,2025,6,0,48.0,27.0,40.0,37.0,10.53565375285274,6,3,33.943542,4,36,33.943542,0.0,86.8010845184326,2.05645751953125,2.05645751953125,XGBoost,4
2025-07-01,Herceptin,TER-04,33,215484.83,3,6400.829999999999,7,3,2025,1,0,36.0,36.0,25.0,40.0,6.928203230275512,6,3,31.25485,4,33,31.25485,0.0,81.80722885131834,1.7451496124267578,1.7451496124267578,XGBoost,4
2025-08-01,Herceptin,TER-04,36,240798.9,2,6659.305,8,3,2025,4,0,33.0,48.0,49.0,39.0,7.937253933193775,6,3,31.035423,4,36,31.035423,0.0,76.46127166748046,4.964576721191406,4.964576721191406,XGBoost,4
2025-09-01,Herceptin,TER-04,41,270870.11,2,6570.91,9,3,2025,0,0,36.0,36.0,27.0,35.0,1.7320508075688896,6,3,37.10786,4,41,37.10786,0.5578041076660156,87.21601791381833,3.892139434814453,3.892139434814453,XGBoost,4
2025-10-01,Herceptin,TER-04,48,311742.04000000004,2,6393.855,10,4,2025,2,0,41.0,33.0,36.0,36.66666666666666,4.041451884327387,6,3,36.93106,4,48,36.93106,0.0,95.0827033996582,11.068939208984375,11.068939208984375,XGBoost,4
2025-11-01,Herceptin,TER-04,35,217890.15,2,6500.71,11,4,2025,5,0,48.0,36.0,48.0,41.66666666666666,6.027713773341714,6,3,39.6401,4,35,39.6401,6.280448532104494,91.0826908111572,-4.640098571777344,4.640098571777344,XGBoost,4
2025-12-01,Herceptin,TER-04,51,326900.4,2,6434.895,12,4,2025,0,0,35.0,41.0,36.0,41.333333333333336,6.506407098647719,6,3,34.093414,4,51,34.093414,0.6267135620117206,91.82421188354489,16.906585693359375,16.906585693359375,XGBoost,4
2025-05-01,Herceptin,TER-05,22,151068.5,2,6881.795,5,2,2025,3,0,41.0,43.0,29.0,42.333333333333336,1.1547005383792448,6,4,36.477932,4,22,36.477932,0.0,89.54338722229,-14.47793197631836,14.47793197631836,XGBoost,4
2025-06-01,Herceptin,TER-05,40,265372.82,3,6509.693333333334,6,2,2025,6,0,22.0,43.0,33.0,35.333333333333336,11.590225767142474,6,4,31.51302,4,40,31.51302,0.0,84.48581314086914,8.486980438232422,8.486980438232422,XGBoost,4
2025-07-01,Herceptin,TER-05,30,198862.22,2,6418.34,7,3,2025,1,0,40.0,41.0,41.0,34.333333333333336,10.692676621563628,6,4,25.47167,4,30,25.47167,0.0,74.1674392700195,4.528329849243164,4.528329849243164,XGBoost,4
2025-08-01,Herceptin,TER-05,19,118962.92,4,6461.5075,8,3,2025,4,0,30.0,22.0,43.0,30.666666666666668,9.018499505645792,6,4,26.933636,4,19,26.933636,0.0,79.42969894409168,-7.933635711669922,7.933635711669922,XGBoost,4
2025-09-01,Herceptin,TER-05,37,235201.61,4,6325.65,9,3,2025,0,0,19.0,40.0,43.0,29.666666666666668,10.50396750439249,6,4,30.405464,4,37,30.405464,0.0,78.17392311096185,6.594535827636719,6.594535827636719,XGBoost,4
2025-10-01,Herceptin,TER-05,24,164495.41,2,6593.885,10,4,2025,2,0,37.0,30.0,41.0,28.666666666666668,9.073771725877467,6,4,33.122593,4,24,33.122593,0.0,85.05482368469234,-9.12259292602539,9.12259292602539,XGBoost,4
2025-11-01,Herceptin,TER-05,24,148681.24,3,6226.036666666667,11,4,2025,5,0,24.0,19.0,22.0,26.666666666666668,9.291573243177574,6,4,32.509644,4,24,32.509644,0.0,81.31922302246089,-8.5096435546875,8.5096435546875,XGBoost,4
2025-12-01,Herceptin,TER-05,31,211343.88,4,6605.2225,12,4,2025,0,0,24.0,37.0,40.0,28.33333333333333,7.505553499465138,6,4,31.844078,4,31,31.844078,0.0,85.6521701812744,-0.8440780639648438,0.8440780639648438,XGBoost,4
2025-05-01,Herceptin,TER-06,22,137966.46,2,6090.055,5,2,2025,3,0,23.0,21.0,22.0,23.666666666666668,3.05505046330389,6,5,25.377985,4,22,25.377985,0.0,74.73608150482171,-3.3779850006103516,3.3779850006103516,XGBoost,4
2025-06-01,Herceptin,TER-06,40,259764.34,2,6487.075000000001,6,2,2025,6,0,22.0,27.0,31.0,24.0,2.6457513110645863,6,5,27.82025,4,40,27.82025,0.0,82.59254302978515,12.179750442504883,12.179750442504883,XGBoost,4
2025-07-01,Herceptin,TER-06,32,219088.89,3,6960.296666666666,7,3,2025,1,0,40.0,23.0,36.0,28.33333333333333,10.115993936995675,6,5,23.163755,4,32,23.163755,0.0,76.01855049133296,8.836244583129883,8.836244583129883,XGBoost,4
2025-08-01,Herceptin,TER-06,26,178206.86,1,6854.11,8,3,2025,4,0,32.0,22.0,21.0,31.33333333333333,9.018499505645789,6,5,27.203938,4,26,27.203938,0.0,80.59898567199704,-1.2039375305175781,1.2039375305175781,XGBoost,4
2025-09-01,Herceptin,TER-06,24,143618.58000000002,2,6285.92,9,3,2025,0,0,26.0,40.0,27.0,32.666666666666664,7.02376916856849,6,5,31.977531,4,24,31.977531,0.0,84.78162231445312,-7.977531433105469,7.977531433105469,XGBoost,4
2025-10-01,Herceptin,TER-06,26,171380.63999999998,3,6566.240000000001,10,4,2025,2,0,24.0,32.0,23.0,27.33333333333333,4.163331998932258,6,5,28.026041,4,26,28.026041,0.0,82.08323097229002,-2.026041030883789,2.026041030883789,XGBoost,4
2025-11-01,Herceptin,TER-06,28,181775.68,3,6523.053333333333,11,4,2025,5,0,26.0,26.0,22.0,25.33333333333333,1.1547005383792257,6,5,30.1166,4,28,30.1166,0.0,76.49587860107421,-2.1166000366210938,2.1166000366210938,XGBoost,4
2025-12-01,Herceptin,TER-06,41,281468.69,1,6865.09,12,4,2025,0,0,28.0,24.0,40.0,26.0,1.999999999999985,6,5,29.115067,4,41,29.115067,0.0,84.41792678833006,11.884933471679688,11.884933471679688,XGBoost,4
2025-05-01,Herceptin,TER-07,36,236996.4,2,6573.58,5,2,2025,3,0,34.0,41.0,22.0,37.66666666666666,3.5118845842842457,6,6,30.363956,4,36,30.363956,0.0,79.02836227416992,5.636043548583984,5.636043548583984,XGBoost,4
2025-06-01,Herceptin,TER-07,41,259894.22,2,6300.25,6,2,2025,6,0,36.0,38.0,27.0,36.0,1.9999999999999971,6,6,34.982628,4,41,34.982628,0.6060024261474609,85.90901145935057,6.017372131347656,6.017372131347656,XGBoost,4
2025-07-01,Herceptin,TER-07,13,85286.3,3,6527.153333333333,7,3,2025,1,0,41.0,34.0,37.0,37.0,3.605551275463988,6,6,26.299591,4,13,26.299591,0.0,78.48870353698729,-13.299591064453125,13.299591064453125,XGBoost,4
2025-08-01,Herceptin,TER-07,31,198750.02,4,6408.095,8,3,2025,4,0,13.0,36.0,41.0,30.0,14.933184523068078,6,6,28.847315,4,31,28.847315,0.0,83.89368667602538,2.1526851654052734,2.1526851654052734,XGBoost,4
2025-09-01,Herceptin,TER-07,39,266118.93,2,6718.709999999999,9,3,2025,0,0,31.0,41.0,38.0,28.33333333333333,14.189197769195175,6,6,30.697327,4,39,30.697327,0.0,75.11088790893554,8.30267333984375,8.30267333984375,XGBoost,4
2025-10-01,Herceptin,TER-07,26,166002.72,1,6384.72,10,4,2025,2,0,39.0,13.0,34.0,27.666666666666668,13.316656236958783,6,6,35.675793,4,26,35.675793,0.0,85.72424278259275,-9.675792694091797,9.675792694091797,XGBoost,4
2025-11-01,Herceptin,TER-07,31,202879.5,1,6544.5,11,4,2025,5,0,26.0,31.0,36.0,32.0,6.557438524301999,6,6,35.25372,4,31,35.25372,0.0,87.07729721069336,-4.253719329833984,4.253719329833984,XGBoost,4
2025-12-01,Herceptin,TER-07,34,228592.28,2,6682.28,12,4,2025,0,0,31.0,39.0,41.0,32.0,6.557438524301999,6,6,32.45807,4,34,32.45807,0.0,88.46578083038325,1.54193115234375,1.54193115234375,XGBoost,4
2025-05-01,Herceptin,TER-08,25,163665.40000000002,2,6562.885,5,2,2025,3,0,36.0,44.0,39.0,42.66666666666666,6.110100926607789,6,7,29.273468,4,25,29.273468,0.0,76.98968391418455,-4.273468017578125,4.273468017578125,XGBoost,4
2025-06-01,Herceptin,TER-08,44,301415.84,1,6850.36,6,2,2025,6,0,25.0,48.0,37.0,36.333333333333336,11.503622617824933,6,7,36.401848,4,44,36.401848,0.0,87.65705795288083,7.598152160644531,7.598152160644531,XGBoost,4
2025-07-01,Herceptin,TER-08,26,171116.66,1,6581.41,7,3,2025,1,0,44.0,36.0,41.0,35.0,9.53939201416946,6,7,28.582174,4,26,28.582174,0.0,87.0594814300537,-2.582174301147461,2.582174301147461,XGBoost,4
2025-08-01,Herceptin,TER-08,30,188497.98,2,6211.83,8,3,2025,4,0,26.0,25.0,44.0,31.666666666666668,10.692676621563631,6,7,27.20609,4,30,27.20609,0.0,76.92015533447264,2.7939090728759766,2.7939090728759766,XGBoost,4
2025-09-01,Herceptin,TER-08,32,207795.28,2,6477.71,9,3,2025,0,0,30.0,44.0,48.0,33.333333333333336,9.45163125250522,6,7,29.589897,4,32,29.589897,0.0,87.2342357635498,2.4101028442382812,2.4101028442382812,XGBoost,4
2025-10-01,Herceptin,TER-08,24,163232.12,2,6825.299999999999,10,4,2025,2,0,32.0,26.0,36.0,29.33333333333333,3.0550504633039104,6,7,30.210426,4,24,30.210426,0.0,84.17117576599121,-6.210426330566406,6.210426330566406,XGBoost,4
2025-11-01,Herceptin,TER-08,23,139605.24,3,6116.286666666667,11,4,2025,5,0,24.0,30.0,25.0,28.666666666666668,4.163331998932279,6,7,32.564213,4,23,32.564213,0.0,83.9916877746582,-9.564212799072266,9.564212799072266,XGBoost,4
2025-12-01,Herceptin,TER-08,41,268784.52,1,6555.72,12,4,2025,0,0,23.0,32.0,44.0,26.33333333333333,4.932882862316259,6,7,30.599934,4,41,30.599934,0.0,80.33003578186035,10.400066375732422,10.400066375732422,XGBoost,4
2025-05-01,Herceptin,TER-09,34,220005.62,2,6638.49,5,2,2025,3,0,30.0,38.0,31.0,34.333333333333336,4.041451884327386,6,8,27.743145,4,34,27.743145,0.0,77.48633728027342,6.256855010986328,6.256855010986328,XGBoost,4
2025-06-01,Herceptin,TER-09,31,192519.3,1,6210.3,6,2,2025,6,0,34.0,35.0,30.0,33.0,2.6457513110646005,6,8,32.332657,4,31,32.332657,0.0,87.63551712036131,-1.3326568603515625,1.3326568603515625,XGBoost,4
2025-07-01,Herceptin,TER-09,21,137241.78,3,6528.496666666666,7,3,2025,1,0,31.0,30.0,31.0,31.666666666666668,2.081665999466145,6,8,24.556515,4,21,24.556515,0.0,81.89078674316406,-3.5565147399902344,3.5565147399902344,XGBoost,4
2025-08-01,Herceptin,TER-09,23,150946.18,4,6522.76,8,3,2025,4,0,21.0,34.0,38.0,28.666666666666668,6.80685928555405,6,8,26.526117,4,23,26.526117,0.0,78.24677467346191,-3.5261173248291016,3.5261173248291016,XGBoost,4
2025-09-01,Herceptin,TER-09,36,228276.72,1,6341.02,9,3,2025,0,0,23.0,31.0,35.0,25.0,5.291502622129188,6,8,29.443245,4,36,29.443245,0.0,71.5072357177734,6.556755065917969,6.556755065917969,XGBoost,4
2025-10-01,Herceptin,TER-09,24,147770.4,3,6378.599999999999,10,4,2025,2,0,36.0,21.0,30.0,26.666666666666668,8.144527815247082,6,8,27.720463,4,24,27.720463,0.0,85.50569610595703,-3.7204627990722656,3.7204627990722656,XGBoost,4
2025-11-01,Herceptin,TER-09,33,212893.15,3,6557.04,11,4,2025,5,0,24.0,23.0,34.0,27.666666666666668,7.234178138070239,6,8,30.43731,4,33,30.43731,0.0,88.14488830566405,2.5626907348632812,2.5626907348632812,XGBoost,4
2025-12-01,Herceptin,TER-09,32,210642.79,2,6491.845,12,4,2025,0,0,33.0,36.0,31.0,31.0,6.244997998398403,6,8,30.606007,4,32,30.606007,0.0,77.28905868530272,1.3939933776855469,1.3939933776855469,XGBoost,4
2025-05-01,Herceptin,TER-10,30,194057.39,4,6340.655,5,2,2025,3,0,24.0,23.0,19.0,29.0,9.53939201416945,6,9,27.058056,4,30,27.058056,0.0,79.02817802429199,2.941944122314453,2.941944122314453,XGBoost,4
2025-06-01,Herceptin,TER-10,32,205935.38,4,6517.4925,6,2,2025,6,0,30.0,40.0,41.0,31.33333333333333,8.082903768654754,6,9,32.560688,4,32,32.560688,0.0,86.99203872680663,-0.5606880187988281,0.5606880187988281,XGBoost,4
2025-07-01,Herceptin,TER-10,34,214724.62,1,6315.43,7,3,2025,1,0,32.0,24.0,32.0,28.666666666666668,4.163331998932251,6,9,25.851553,4,34,25.851553,0.0,71.86832923889153,8.148447036743164,8.148447036743164,XGBoost,4
2025-08-01,Herceptin,TER-10,28,184374.34000000003,3,6589.97,8,3,2025,4,0,34.0,30.0,23.0,32.0,1.9999999999999696,6,9,27.266306,4,28,27.266306,0.0,78.99889411926269,0.7336940765380859,0.7336940765380859,XGBoost,4
2025-09-01,Herceptin,TER-10,40,263661.19999999995,3,6591.209999999999,9,3,2025,0,0,28.0,32.0,40.0,31.33333333333333,3.055050463303873,6,9,31.174538,4,40,31.174538,0.0,82.8211570739746,8.825462341308594,8.825462341308594,XGBoost,4
2025-10-01,Herceptin,TER-10,27,180130.59,2,6670.05,10,4,2025,2,0,40.0,34.0,24.0,34.0,5.999999999999989,6,9,34.383274,4,27,34.383274,0.0,85.62336578369138,-7.383274078369141,7.383274078369141,XGBoost,4
2025-11-01,Herceptin,TER-10,29,176115.55,1,6072.95,11,4,2025,5,0,27.0,28.0,30.0,31.666666666666668,7.234178138070226,6,9,34.937054,4,29,34.937054,0.0,87.54377746582024,-5.937053680419922,5.937053680419922,XGBoost,4
2025-12-01,Herceptin,TER-10,39,247608.69,4,6352.2075,12,4,2025,0,0,29.0,40.0,32.0,32.0,6.999999999999991,6,9,31.807203,4,39,31.807203,0.0,82.34843254089355,7.19279670715332,7.19279670715332,XGBoost,4
2025-05-01,Herceptin,TER-11,33,227611.33,4,6880.3575,5,2,2025,3,0,37.0,36.0,28.0,36.66666666666666,0.5773502691896093,6,10,32.99829,4,33,32.99829,0.0,80.65532302856445,0.001708984375,0.001708984375,XGBoost,4
2025-06-01,Herceptin,TER-11,36,239027.3,3,6663.803333333333,6,2,2025,6,0,33.0,37.0,32.0,35.666666666666664,2.309401076758498,6,10,30.890606,4,36,30.890606,0.0,80.57335510253901,5.109394073486328,5.109394073486328,XGBoost,4
2025-07-01,Herceptin,TER-11,27,171683.49,4,6382.845,7,3,2025,1,0,36.0,37.0,30.0,35.333333333333336,2.0816659994661264,6,10,24.262926,4,27,24.262926,0.0,69.85517158508297,2.7370738983154297,2.7370738983154297,XGBoost,4
2025-08-01,Herceptin,TER-11,19,125149.18,4,6634.965,8,3,2025,4,0,27.0,33.0,36.0,32.0,4.582575694955838,6,10,28.504345,4,19,28.504345,0.0,85.67066917419432,-9.504344940185547,9.504344940185547,XGBoost,4
2025-09-01,Herceptin,TER-11,45,298335.6,1,6629.68,9,3,2025,0,0,19.0,36.0,37.0,27.33333333333333,8.504900548115382,6,10,29.899025,4,45,29.899025,0.0,81.7654037475586,15.100975036621094,15.100975036621094,XGBoost,4
2025-10-01,Herceptin,TER-11,24,155402.36,3,6545.413333333333,10,4,2025,2,0,45.0,27.0,37.0,30.33333333333333,13.316656236958783,6,10,34.747875,4,24,34.747875,0.0,86.61889877319335,-10.747875213623047,10.747875213623047,XGBoost,4
2025-11-01,Herceptin,TER-11,34,235844.89,3,6855.816666666667,11,4,2025,5,0,24.0,19.0,33.0,29.33333333333333,13.79613472438325,6,10,32.16892,4,34,32.16892,0.0,83.36145401000977,1.8310813903808594,1.8310813903808594,XGBoost,4
2025-12-01,Herceptin,TER-11,39,234560.04,1,6014.36,12,4,2025,0,0,34.0,45.0,36.0,34.333333333333336,10.503967504392486,6,10,32.12312,4,39,32.12312,0.0,84.0049907684326,6.876880645751953,6.876880645751953,XGBoost,4
2025-05-01,Herceptin,TER-12,30,188290.5,4,6346.9275,5,2,2025,3,0,22.0,31.0,37.0,30.0,7.549834435270749,6,11,27.480587,4,30,27.480587,0.0,76.55298175811767,2.5194129943847656,2.5194129943847656,XGBoost,4
2025-06-01,Herceptin,TER-12,41,277204.28,1,6761.08,6,2,2025,6,0,30.0,37.0,20.0,29.666666666666668,7.505553499465134,6,11,31.780163,4,41,31.780163,0.0,84.82523078918454,9.219837188720703,9.219837188720703,XGBoost,4
2025-07-01,Herceptin,TER-12,28,182991.2,1,6535.4,7,3,2025,1,0,41.0,22.0,43.0,31.0,9.539392014169456,6,11,25.359974,4,28,25.359974,0.0,73.69453716278072,2.640026092529297,2.640026092529297,XGBoost,4
2025-08-01,Herceptin,TER-12,24,154600.0,4,6517.549999999999,8,3,2025,4,0,28.0,30.0,31.0,33.0,7.0,6,11,24.30133,4,24,24.30133,0.0,74.32703132629395,-0.30133056640625,0.30133056640625,XGBoost,4
2025-09-01,Herceptin,TER-12,28,191395.84000000003,3,6624.2733333333335,9,3,2025,0,0,24.0,41.0,37.0,31.0,8.888194417315589,6,11,28.106318,4,28,28.106318,0.0,79.5557376861572,-0.10631752014160156,0.10631752014160156,XGBoost,4
2025-10-01,Herceptin,TER-12,30,199818.7,3,6666.126666666667,10,4,2025,2,0,28.0,28.0,22.0,26.666666666666668,2.309401076758503,6,11,27.402576,4,30,27.402576,0.0,75.15573692321773,2.597423553466797,2.597423553466797,XGBoost,4
2025-11-01,Herceptin,TER-12,31,195818.94,1,6316.74,11,4,2025,5,0,30.0,24.0,30.0,27.33333333333333,3.055050463303893,6,11,30.234953,4,31,30.234953,0.0,76.49246330261228,0.7650470733642578,0.7650470733642578,XGBoost,4
2025-12-01,Herceptin,TER-12,31,187074.98,4,6074.81,12,4,2025,0,0,31.0,28.0,41.0,29.666666666666668,1.527525231651948,6,11,28.959166,4,31,28.959166,0.0,86.65487251281738,2.040834426879883,2.040834426879883,XGBoost,4
2025-05-01,Herceptin,TER-13,26,165438.62,2,6343.99,5,2,2025,3,0,33.0,24.0,24.0,27.33333333333333,4.932882862316247,6,12,24.842205,4,26,24.842205,0.0,81.6732345581054,1.1577949523925781,1.1577949523925781,XGBoost,4
2025-06-01,Herceptin,TER-13,29,208299.17,1,7182.73,6,2,2025,6,0,26.0,25.0,29.0,28.0,4.358898943540674,6,12,29.164593,4,29,29.164593,0.0,86.60406723022456,-0.16459274291992188,0.16459274291992188,XGBoost,4
2025-07-01,Herceptin,TER-13,28,179759.78,2,6447.865,7,3,2025,1,0,29.0,33.0,30.0,29.33333333333333,3.511884584284246,6,12,22.973047,4,28,22.973047,0.0,81.03630256652832,5.026952743530273,5.026952743530273,XGBoost,4
2025-08-01,Herceptin,TER-13,23,145972.15,2,6354.155000000001,8,3,2025,4,0,28.0,26.0,24.0,27.666666666666668,1.5275252316519454,6,12,25.388144,4,23,25.388144,0.0,79.46921195983883,-2.388143539428711,2.388143539428711,XGBoost,4
2025-09-01,Herceptin,TER-13,31,200497.97,3,6457.6033333333335,9,3,2025,0,0,23.0,29.0,25.0,26.666666666666668,3.214550253664318,6,12,26.72834,4,31,26.72834,0.0,86.87916030883788,4.271659851074219,4.271659851074219,XGBoost,4
2025-10-01,Herceptin,TER-13,35,210902.91,2,6208.610000000001,10,4,2025,2,0,31.0,28.0,33.0,27.33333333333333,4.041451884327381,6,12,26.89418,4,35,26.89418,0.0,70.30277709960934,8.105819702148438,8.105819702148438,XGBoost,4
2025-11-01,Herceptin,TER-13,26,162325.33000000002,4,6237.3825,11,4,2025,5,0,35.0,23.0,26.0,29.666666666666668,6.110100926607786,6,12,29.033634,4,26,29.033634,0.0,76.43672790527343,-3.0336341857910156,3.0336341857910156,XGBoost,4
2025-12-01,Herceptin,TER-13,29,187470.92,4,6379.5775,12,4,2025,0,0,26.0,31.0,29.0,30.666666666666668,4.509249752822893,6,12,30.437645,4,29,30.437645,0.0,84.49657745361327,-1.4376449584960938,1.4376449584960938,XGBoost,4
2025-05-01,Herceptin,TER-14,25,154946.25,1,6197.85,5,2,2025,3,0,21.0,23.0,26.0,27.33333333333333,9.29157324317757,6,13,26.025778,4,25,26.025778,0.0,78.61099395751948,-1.025777816772461,1.025777816772461,XGBoost,4
2025-06-01,Herceptin,TER-14,35,237761.97000000003,4,6660.4275,6,2,2025,6,0,25.0,38.0,24.0,28.0,8.88819441731559,6,13,27.933947,4,35,27.933947,0.0,87.20700225830078,7.06605339050293,7.06605339050293,XGBoost,4
2025-07-01,Herceptin,TER-14,15,96901.64,4,6454.835,7,3,2025,1,0,35.0,21.0,24.0,27.0,7.211102550927979,6,13,20.915007,4,15,20.915007,0.0,75.77666358947754,-5.915006637573242,5.915006637573242,XGBoost,4
2025-08-01,Herceptin,TER-14,22,141611.44,3,6388.606666666667,8,3,2025,4,0,15.0,25.0,23.0,25.0,10.0,6,13,22.98146,4,22,22.98146,0.0,77.4889434814453,-0.9814605712890625,0.9814605712890625,XGBoost,4
2025-09-01,Herceptin,TER-14,22,139472.74,1,6339.67,9,3,2025,0,0,22.0,35.0,38.0,24.0,10.14889156509222,6,13,27.806904,4,22,27.806904,0.0,79.0216857910156,-5.806903839111328,5.806903839111328,XGBoost,4
2025-10-01,Herceptin,TER-14,25,157664.75,1,6306.59,10,4,2025,2,0,22.0,15.0,21.0,19.666666666666668,4.041451884327382,6,13,26.926136,4,25,26.926136,0.0,80.4058971405029,-1.9261360168457031,1.9261360168457031,XGBoost,4
2025-11-01,Herceptin,TER-14,33,202435.3,4,6211.855,11,4,2025,5,0,25.0,22.0,25.0,23.0,1.7320508075688803,6,13,27.393675,4,33,27.393675,0.0,88.76176261901855,5.606325149536133,5.606325149536133,XGBoost,4
2025-12-01,Herceptin,TER-14,32,195419.79,2,6151.275,12,4,2025,0,0,33.0,22.0,35.0,26.666666666666668,5.686240703077328,6,13,25.35819,4,32,25.35819,0.0,82.15908775329586,6.641809463500977,6.641809463500977,XGBoost,4
2025-05-01,Herceptin,TER-15,30,204698.07,2,6639.745,5,2,2025,3,0,29.0,22.0,27.0,30.33333333333333,9.073771725877467,6,14,25.706373,4,30,25.706373,0.0,77.62972373962398,4.29362678527832,4.29362678527832,XGBoost,4
2025-06-01,Herceptin,TER-15,24,168119.04,3,6790.420000000001,6,2,2025,6,0,30.0,40.0,17.0,33.0,6.082762530298221,6,14,28.105337,4,24,28.105337,0.0,80.98014526367186,-4.105337142944336,4.105337142944336,XGBoost,4
2025-07-01,Herceptin,TER-15,25,168223.56,4,6803.565,7,3,2025,1,0,24.0,29.0,32.0,27.666666666666668,3.214550253664321,6,14,20.252703,4,25,20.252703,0.0,71.48080291748046,4.747297286987305,4.747297286987305,XGBoost,4
2025-08-01,Herceptin,TER-15,23,150536.56,4,6475.725,8,3,2025,4,0,25.0,30.0,22.0,26.33333333333333,3.214550253664321,6,14,23.845085,4,23,23.845085,0.0,76.42559356689449,-0.8450851440429688,0.8450851440429688,XGBoost,4
2025-09-01,Herceptin,TER-15,21,144151.35,1,6864.35,9,3,2025,0,0,23.0,24.0,40.0,24.0,1.000000000000007,6,14,25.117779,4,21,25.117779,0.0,78.92699127197265,-4.117778778076172,4.117778778076172,XGBoost,4
2025-10-01,Herceptin,TER-15,29,191601.99,4,6566.5075,10,4,2025,2,0,21.0,25.0,29.0,23.0,2.000000000000004,6,14,24.276102,4,29,24.276102,0.0,77.36331806182855,4.723897933959961,4.723897933959961,XGBoost,4
2025-11-01,Herceptin,TER-15,34,241037.04,4,6929.2575,11,4,2025,5,0,29.0,23.0,30.0,24.33333333333333,4.163331998932267,6,14,24.738417,4,34,24.738417,0.0,77.58386001586909,9.26158332824707,9.26158332824707,XGBoost,4
2025-12-01,Herceptin,TER-15,31,196900.22,1,6351.62,12,4,2025,0,0,34.0,21.0,24.0,28.0,6.557438524302002,6,14,28.837275,4,31,28.837275,0.0,74.83923072814936,2.1627254486083984,2.1627254486083984,XGBoost,4
2025-05-01,Herceptin,TER-16,26,170446.74,2,6605.7,5,2,2025,3,0,32.0,29.0,34.0,35.0,7.93725393319377,6,15,24.754622,4,26,24.754622,0.0,75.27999229431153,1.2453784942626953,1.2453784942626953,XGBoost,4
2025-06-01,Herceptin,TER-16,19,119498.14,4,6412.2675,6,2,2025,6,0,26.0,44.0,34.0,34.0,9.165151389911678,6,15,27.78974,4,19,27.78974,0.0,84.56674995422362,-8.789739608764648,8.789739608764648,XGBoost,4
2025-07-01,Herceptin,TER-16,15,94874.34,3,6507.16,7,3,2025,1,0,19.0,32.0,20.0,25.666666666666668,6.50640709864771,6,15,21.8919,4,15,21.8919,0.0,84.93990859985351,-6.891899108886719,6.891899108886719,XGBoost,4
2025-08-01,Herceptin,TER-16,17,104973.98,1,6174.94,8,3,2025,4,0,15.0,26.0,29.0,20.0,5.567764362830021,6,15,23.548887,4,17,23.548887,0.0,72.48313598632798,-6.548887252807617,6.548887252807617,XGBoost,4
2025-09-01,Herceptin,TER-16,36,231766.04,4,6359.7025,9,3,2025,0,0,17.0,19.0,44.0,17.0,1.9999999999999964,6,15,27.513721,4,36,27.513721,0.0,80.46945648193349,8.486278533935547,8.486278533935547,XGBoost,4
2025-10-01,Herceptin,TER-16,24,143662.6,2,6290.75,10,4,2025,2,0,36.0,15.0,32.0,22.666666666666668,11.590225767142472,6,15,25.09609,4,24,25.09609,0.0,76.35399475097654,-1.096090316772461,1.096090316772461,XGBoost,4
2025-11-01,Herceptin,TER-16,27,168591.03999999998,3,6330.389999999999,11,4,2025,5,0,24.0,17.0,26.0,25.666666666666668,9.609023536933048,6,15,28.561642,4,27,28.561642,0.0,82.61883163452147,-1.5616416931152344,1.5616416931152344,XGBoost,4
2025-12-01,Herceptin,TER-16,37,225833.35,2,6156.79,12,4,2025,0,0,27.0,36.0,19.0,29.0,6.244997998398395,6,15,29.686626,4,37,29.686626,0.0,84.34076843261704,7.313373565673828,7.313373565673828,XGBoost,4
2025-05-01,Herceptin,TER-17,16,100662.06,2,6223.935,5,2,2025,3,0,26.0,30.0,24.0,25.33333333333333,5.033222956847167,6,16,24.34025,4,16,24.34025,0.0,76.2112735748291,-8.340250015258789,8.340250015258789,XGBoost,4
2025-06-01,Herceptin,TER-17,33,225723.3,1,6840.1,6,2,2025,6,0,16.0,20.0,36.0,20.666666666666668,5.033222956847167,6,16,24.850288,4,33,24.850288,0.0,76.75247001647946,8.149711608886719,8.149711608886719,XGBoost,4
2025-07-01,Herceptin,TER-17,25,150917.58000000002,2,6528.595,7,3,2025,1,0,33.0,26.0,30.0,25.0,8.54400374531753,6,16,18.990227,4,25,18.990227,0.0,67.35815010070799,6.009773254394531,6.009773254394531,XGBoost,4
2025-08-01,Herceptin,TER-17,25,169188.63,4,6770.5725,8,3,2025,4,0,25.0,16.0,30.0,24.666666666666668,8.504900548115382,6,16,20.345213,4,25,20.345213,0.0,65.41989402770994,4.654787063598633,4.654787063598633,XGBoost,4
2025-09-01,Herceptin,TER-17,18,113206.1,2,6297.08,9,3,2025,0,0,25.0,33.0,20.0,27.666666666666668,4.618802153517005,6,16,28.499634,4,18,28.499634,0.0,78.61068725585938,-10.4996337890625,10.4996337890625,XGBoost,4
2025-10-01,Herceptin,TER-17,30,199589.2,4,6448.8325,10,4,2025,2,0,18.0,25.0,26.0,22.666666666666668,4.04145188432738,6,16,24.619383,4,30,24.619383,0.0,76.58950500488281,5.380617141723633,5.380617141723633,XGBoost,4
2025-11-01,Herceptin,TER-17,23,156952.04,4,6689.65,11,4,2025,5,0,30.0,25.0,16.0,24.33333333333333,6.027713773341708,6,16,25.72851,4,23,25.72851,0.0,77.17064399719237,-2.7285099029541016,2.7285099029541016,XGBoost,4
2025-12-01,Herceptin,TER-17,34,221605.99,4,6583.2525,12,4,2025,0,0,23.0,18.0,33.0,23.666666666666668,6.027713773341708,6,16,22.655666,4,34,22.655666,0.0,70.31315460205077,11.34433364868164,11.34433364868164,XGBoost,4
2025-05-01,Herceptin,TER-18,22,137468.89,4,6148.5375,5,2,2025,3,0,32.0,29.0,33.0,28.0,4.582575694955841,6,17,23.701338,4,22,23.701338,0.0,73.3989093780517,-1.7013378143310547,1.7013378143310547,XGBoost,4
2025-06-01,Herceptin,TER-18,23,150783.86,1,6555.82,6,2,2025,6,0,22.0,23.0,19.0,25.666666666666668,5.507570547286103,6,17,26.195414,4,23,26.195414,0.0,81.42545509338379,-3.195413589477539,3.195413589477539,XGBoost,4
2025-07-01,Herceptin,TER-18,18,119133.64,3,6660.656666666667,7,3,2025,1,0,23.0,32.0,22.0,25.666666666666668,5.507570547286103,6,17,21.146278,4,18,21.146278,0.0,71.77235260009765,-3.1462783813476562,3.1462783813476562,XGBoost,4
2025-08-01,Herceptin,TER-18,13,88866.35999999999,2,6873.48,8,3,2025,4,0,18.0,22.0,29.0,21.0,2.6457513110645925,6,17,20.51163,4,13,20.51163,0.0,70.28747940063472,-7.511629104614258,7.511629104614258,XGBoost,4
2025-09-01,Herceptin,TER-18,20,132609.65,3,6456.259999999999,9,3,2025,0,0,13.0,23.0,23.0,18.0,5.000000000000001,6,17,25.069166,4,20,25.069166,0.0,80.65223789215086,-5.06916618347168,5.06916618347168,XGBoost,4
2025-10-01,Herceptin,TER-18,34,221104.38,1,6503.07,10,4,2025,2,0,20.0,18.0,32.0,17.0,3.605551275463991,6,17,25.493586,4,34,25.493586,0.0,76.72459983825684,8.506414413452148,8.506414413452148,XGBoost,4
2025-11-01,Herceptin,TER-18,17,118049.54,3,6645.276666666666,11,4,2025,5,0,34.0,13.0,22.0,22.33333333333333,10.692676621563628,6,17,25.856098,4,17,25.856098,0.0,77.08711242675781,-8.856098175048828,8.856098175048828,XGBoost,4
2025-12-01,Herceptin,TER-18,30,187108.46,4,6175.475,12,4,2025,0,0,17.0,20.0,23.0,23.666666666666668,9.073771725877467,6,17,25.689157,4,30,25.689157,0.0,84.80096015930172,4.310842514038086,4.310842514038086,XGBoost,4
2025-05-01,Herceptin,TER-19,28,176970.36,1,6320.37,5,2,2025,3,0,30.0,27.0,21.0,26.666666666666668,3.5118845842842457,6,18,24.894066,4,28,24.894066,0.0,78.85063171386719,3.1059341430664062,3.1059341430664062,XGBoost,4
2025-06-01,Herceptin,TER-19,25,176225.14,4,6869.5075,6,2,2025,6,0,28.0,23.0,21.0,27.0,3.6055512754639887,6,18,24.68918,4,25,24.68918,0.0,77.77751426696771,0.3108196258544922,0.3108196258544922,XGBoost,4
2025-07-01,Herceptin,TER-19,16,103241.57,4,6554.3875,7,3,2025,1,0,25.0,30.0,30.0,27.666666666666668,2.516611478423583,6,18,20.180845,4,16,20.180845,0.0,68.48976860046385,-4.180845260620117,4.180845260620117,XGBoost,4
2025-08-01,Herceptin,TER-19,22,142964.63,3,6423.656666666667,8,3,2025,4,0,16.0,28.0,27.0,23.0,6.244997998398398,6,18,21.696491,4,22,21.696491,0.0,78.57004280090328,0.3035087585449219,0.3035087585449219,XGBoost,4
2025-09-01,Herceptin,TER-19,21,140166.18,3,6674.580000000001,9,3,2025,0,0,22.0,25.0,23.0,21.0,4.58257569495584,6,18,23.152676,4,21,23.152676,0.0,77.21049022674559,-2.1526756286621094,2.1526756286621094,XGBoost,4
2025-10-01,Herceptin,TER-19,22,139478.85,4,6371.4375,10,4,2025,2,0,21.0,16.0,30.0,19.666666666666668,3.214550253664318,6,18,23.083105,4,22,23.083105,0.0,74.00668449401854,-1.0831050872802734,1.0831050872802734,XGBoost,4
2025-11-01,Herceptin,TER-19,18,117086.06,3,6332.546666666666,11,4,2025,5,0,22.0,22.0,28.0,21.666666666666668,0.5773502691896224,6,18,25.506681,4,18,25.506681,0.0,77.419501876831,-7.506681442260742,7.506681442260742,XGBoost,4
2025-12-01,Herceptin,TER-19,35,235248.25,2,6749.165,12,4,2025,0,0,18.0,21.0,25.0,20.33333333333333,2.0816659994661317,6,18,23.488813,4,35,23.488813,0.0,78.02766456603993,11.511186599731445,11.511186599731445,XGBoost,4
2025-05-01,Herceptin,TER-20,29,192603.26,4,6637.495,5,2,2025,3,0,26.0,17.0,31.0,26.33333333333333,9.50438495292217,6,19,21.324223,4,29,21.324223,0.0,65.73127098083495,7.675777435302734,7.675777435302734,XGBoost,4
2025-06-01,Herceptin,TER-20,25,154261.85,2,6293.795,6,2,2025,6,0,29.0,36.0,23.0,30.33333333333333,5.131601439446886,6,19,28.747448,4,25,28.747448,0.0,75.67886199951168,-3.747447967529297,3.747447967529297,XGBoost,4
2025-07-01,Herceptin,TER-20,15,96910.46,3,6657.346666666667,7,3,2025,1,0,25.0,26.0,17.0,26.666666666666668,2.081665999466135,6,19,19.436218,4,15,19.436218,0.0,76.83512840270996,-4.43621826171875,4.43621826171875,XGBoost,4
2025-08-01,Herceptin,TER-20,26,166599.68,1,6407.68,8,3,2025,4,0,15.0,29.0,17.0,23.0,7.211102550927979,6,19,23.187037,4,26,23.187037,0.0,70.98414802551261,2.8129634857177734,2.8129634857177734,XGBoost,4
2025-09-01,Herceptin,TER-20,33,219395.61,4,6355.385,9,3,2025,0,0,26.0,25.0,36.0,22.0,6.08276253029822,6,19,22.577906,4,33,22.577906,0.0,74.40826835632323,10.422094345092773,10.422094345092773,XGBoost,4
2025-10-01,Herceptin,TER-20,18,117739.98,1,6541.11,10,4,2025,2,0,33.0,15.0,26.0,24.666666666666668,9.073771725877467,6,19,25.249538,4,18,25.249538,0.0,79.08050918579099,-7.249538421630859,7.249538421630859,XGBoost,4
2025-11-01,Herceptin,TER-20,17,108377.97,4,6697.6275,11,4,2025,5,0,18.0,26.0,29.0,25.666666666666668,7.505553499465136,6,19,23.968828,4,17,23.968828,0.0,76.41945075988768,-6.968828201293945,6.968828201293945,XGBoost,4
2025-12-01,Herceptin,TER-20,22,147566.3,3,6575.433333333333,12,4,2025,0,0,17.0,33.0,25.0,22.666666666666668,8.962886439832502,6,19,24.794891,4,22,24.794891,0.0,74.50029258728027,-2.794891357421875,2.794891357421875,XGBoost,4
2025-05-01,Humira,TER-01,52,165769.72,2,3093.41,5,2,2025,3,0,76.0,50.0,76.0,64.66666666666667,13.316656236958782,7,0,59.60845,4,52,59.60845,23.570411682128906,112.06306571960447,-7.608451843261719,7.608451843261719,XGBoost,4
2025-06-01,Humira,TER-01,47,150359.58,1,3199.14,6,2,2025,6,0,52.0,68.0,85.0,65.33333333333333,12.220201853215563,7,0,64.870125,4,47,64.870125,27.29481086730957,119.26836700439452,-17.87012481689453,17.87012481689453,XGBoost,4
2025-07-01,Humira,TER-01,45,145350.37,4,3142.5175,7,3,2025,1,0,47.0,76.0,77.0,58.333333333333336,15.50268793897797,7,0,47.92084,4,45,47.92084,4.579132461547852,104.85038528442381,-2.9208412170410156,2.9208412170410156,XGBoost,4
2025-08-01,Humira,TER-01,61,191455.18,3,3205.4233333333336,8,3,2025,4,0,45.0,52.0,50.0,48.0,3.6055512754639274,7,0,49.659916,4,61,49.659916,8.030574798583984,98.44684181213375,11.340084075927734,11.340084075927734,XGBoost,4
2025-09-01,Humira,TER-01,78,256131.35,4,3219.975,9,3,2025,0,0,61.0,47.0,68.0,51.0,8.717797887081327,7,0,51.905178,4,78,51.905178,12.426975250244144,101.61428146362304,26.09482192993164,26.09482192993164,XGBoost,4
2025-10-01,Humira,TER-01,68,222388.54,2,3140.335,10,4,2025,2,0,78.0,45.0,76.0,61.333333333333336,16.502525059315417,7,0,65.377335,4,68,65.377335,30.60494995117188,124.64923095703125,2.6226654052734375,2.6226654052734375,XGBoost,4
2025-11-01,Humira,TER-01,53,168148.91999999998,3,3157.8866666666668,11,4,2025,5,0,68.0,61.0,52.0,69.0,8.544003745317543,7,0,67.464676,4,53,67.464676,28.804677200317382,121.26495361328125,-14.464675903320312,14.464675903320312,XGBoost,4
2025-12-01,Humira,TER-01,56,183906.24,1,3284.04,12,4,2025,0,0,53.0,78.0,47.0,66.33333333333333,12.583057392117915,7,0,65.44125,4,56,65.44125,27.186729431152344,117.26202392578116,-9.441253662109375,9.441253662109375,XGBoost,4
2025-05-01,Humira,TER-02,67,231027.64,4,3351.515,5,2,2025,3,0,57.0,42.0,40.0,53.333333333333336,10.016652800877807,7,1,50.239464,4,67,50.239464,7.026923370361328,102.0905879974365,16.760536193847656,16.760536193847656,XGBoost,4
2025-06-01,Humira,TER-02,61,188555.54,2,3091.7,6,2,2025,6,0,67.0,61.0,76.0,61.66666666666666,5.033222956847159,7,1,66.92035,4,61,66.92035,28.41834411621094,122.9242975234985,-5.92034912109375,5.92034912109375,XGBoost,4
2025-07-01,Humira,TER-02,49,157804.28999999998,2,3337.11,7,3,2025,1,0,61.0,57.0,64.0,61.66666666666666,5.033222956847159,7,1,48.67098,4,49,48.67098,5.018849945068363,104.32115936279291,0.3290214538574219,0.3290214538574219,XGBoost,4
2025-08-01,Humira,TER-02,32,102023.51,2,3147.085,8,3,2025,4,0,49.0,67.0,42.0,59.0,9.165151389911676,7,1,52.133823,4,32,52.133823,16.729782104492188,104.97926673889155,-20.13382339477539,20.13382339477539,XGBoost,4
2025-09-01,Humira,TER-02,60,193980.01,3,3214.653333333333,9,3,2025,0,0,32.0,61.0,61.0,47.333333333333336,14.571661996262929,7,1,53.887764,4,60,53.887764,11.453073120117187,101.70902366638174,6.112236022949219,6.112236022949219,XGBoost,4
2025-10-01,Humira,TER-02,76,238099.95,2,3250.8450000000003,10,4,2025,2,0,60.0,49.0,57.0,47.0,14.106735979665885,7,1,57.300323,4,76,57.300323,23.245671844482423,111.40896987915033,18.699676513671875,18.699676513671875,XGBoost,4
2025-11-01,Humira,TER-02,60,193767.52,4,3179.945,11,4,2025,5,0,76.0,32.0,67.0,56.0,22.27105745132009,7,1,60.281578,4,60,60.281578,21.634326934814457,113.07676811218262,-0.28157806396484375,0.28157806396484375,XGBoost,4
2025-12-01,Humira,TER-02,73,222898.04,2,3052.08,12,4,2025,0,0,60.0,60.0,61.0,65.33333333333333,9.237604307034012,7,1,61.037716,4,73,61.037716,20.635265350341797,113.49232978820798,11.962284088134766,11.962284088134766,XGBoost,4
2025-05-01,Humira,TER-03,60,205939.6,3,3334.4,5,2,2025,3,0,53.0,72.0,39.0,70.33333333333333,16.56301099840647,7,2,49.534164,4,60,49.534164,11.207847595214844,105.09738159179688,10.465835571289062,10.465835571289062,XGBoost,4
2025-06-01,Humira,TER-03,57,173912.96,4,3106.145,6,2,2025,6,0,60.0,86.0,56.0,66.33333333333333,17.38773514099331,7,2,61.876858,4,57,61.876858,19.206667709350587,112.51719284057614,-4.876857757568359,4.876857757568359,XGBoost,4
2025-07-01,Humira,TER-03,59,185359.71,1,3141.69,7,3,2025,1,0,57.0,53.0,41.0,56.66666666666666,3.511884584284263,7,2,46.374332,4,59,46.374332,11.770462036132816,101.67595748901365,12.625667572021484,12.625667572021484,XGBoost,4
2025-08-01,Humira,TER-03,35,114020.63,4,3178.1225,8,3,2025,4,0,59.0,60.0,72.0,58.66666666666666,1.527525231651987,7,2,48.512154,4,35,48.512154,5.383320999145508,94.63557739257811,-13.512153625488281,13.512153625488281,XGBoost,4
2025-09-01,Humira,TER-03,58,176900.2,3,3188.9500000000003,9,3,2025,0,0,35.0,57.0,86.0,50.333333333333336,13.316656236958792,7,2,43.877846,4,58,43.877846,4.021208190917969,96.29544830322263,14.122154235839844,14.122154235839844,XGBoost,4
2025-10-01,Humira,TER-03,56,177715.03,3,3087.28,10,4,2025,2,0,58.0,59.0,53.0,50.66666666666666,13.57694123627754,7,2,53.164547,4,56,53.164547,9.958980560302734,110.20247650146483,2.8354530334472656,2.8354530334472656,XGBoost,4
2025-11-01,Humira,TER-03,73,233378.23,3,3128.1766666666663,11,4,2025,5,0,56.0,35.0,60.0,49.66666666666666,12.741009902410935,7,2,50.074394,4,73,50.074394,16.17005157470703,94.7919483184814,22.92560577392578,22.92560577392578,XGBoost,4
2025-12-01,Humira,TER-03,43,131746.84,1,3063.88,12,4,2025,0,0,73.0,58.0,57.0,62.333333333333336,9.29157324317758,7,2,57.55688,4,43,57.55688,20.239449310302735,114.95346908569336,-14.556880950927734,14.556880950927734,XGBoost,4
2025-05-01,Humira,TER-04,44,139394.90000000002,4,3203.02,5,2,2025,3,0,66.0,53.0,56.0,56.66666666666666,8.144527815247084,7,3,47.937622,4,44,47.937622,14.027915954589846,95.8316596984863,-3.9376220703125,3.9376220703125,XGBoost,4
2025-06-01,Humira,TER-04,72,240648.48,1,3342.34,6,2,2025,6,0,44.0,51.0,55.0,53.66666666666666,11.239810200058248,7,3,53.681496,4,72,53.681496,16.353443908691407,106.48787460327148,18.318504333496094,18.318504333496094,XGBoost,4
2025-07-01,Humira,TER-04,49,156081.66,1,3185.34,7,3,2025,1,0,72.0,66.0,41.0,60.66666666666666,14.74222959166399,7,3,47.160744,4,49,47.160744,8.575925064086915,95.37958259582517,1.8392562866210938,1.8392562866210938,XGBoost,4
2025-08-01,Humira,TER-04,60,185589.79,2,3076.335,8,3,2025,4,0,49.0,44.0,53.0,55.0,14.933184523068082,7,3,50.854744,4,60,50.854744,13.090033721923831,103.8275375366211,9.145256042480469,9.145256042480469,XGBoost,4
2025-09-01,Humira,TER-04,63,194702.9,2,3100.365,9,3,2025,0,0,60.0,72.0,51.0,60.333333333333336,11.503622617824936,7,3,49.94359,4,63,49.94359,18.968865203857423,102.33424377441406,13.056411743164062,13.056411743164062,XGBoost,4
2025-10-01,Humira,TER-04,46,144358.58,1,3138.23,10,4,2025,2,0,63.0,49.0,66.0,57.333333333333336,7.371114795832002,7,3,56.105984,4,46,56.105984,14.855902862548831,109.9062614440918,-10.10598373413086,10.10598373413086,XGBoost,4
2025-11-01,Humira,TER-04,69,220716.27,2,3119.385,11,4,2025,5,0,46.0,60.0,44.0,56.333333333333336,9.073771725877474,7,3,56.777588,4,69,56.777588,16.213213348388674,106.80010223388672,12.222412109375,12.222412109375,XGBoost,4
2025-12-01,Humira,TER-04,69,222639.33,4,3143.315,12,4,2025,0,0,69.0,63.0,72.0,59.333333333333336,11.930353445448858,7,3,52.21642,4,69,52.21642,14.405665588378909,101.48610973358154,16.783580780029297,16.783580780029297,XGBoost,4
2025-05-01,Humira,TER-05,43,136128.79,4,3133.5550000000003,5,2,2025,3,0,44.0,40.0,29.0,45.66666666666666,6.658328118479385,7,4,44.135025,4,43,44.135025,0.4179111480712892,99.50390853881828,-1.1350250244140625,1.1350250244140625,XGBoost,4
2025-06-01,Humira,TER-05,55,171042.3,1,3109.86,6,2,2025,6,0,43.0,53.0,56.0,46.66666666666666,5.507570547286093,7,4,50.32401,4,55,50.32401,11.611579132080081,96.5665901184082,4.675991058349609,4.675991058349609,XGBoost,4
2025-07-01,Humira,TER-05,53,185246.13,1,3495.21,7,3,2025,1,0,55.0,44.0,44.0,47.333333333333336,6.658328118479384,7,4,37.71893,4,53,37.71893,0.0,90.22891807556145,15.281070709228516,15.281070709228516,XGBoost,4
2025-08-01,Humira,TER-05,27,85563.58,4,3179.55,8,3,2025,4,0,53.0,43.0,40.0,50.333333333333336,6.429100507328626,7,4,41.50067,4,27,41.50067,0.0,93.68971557617186,-14.50067138671875,14.50067138671875,XGBoost,4
2025-09-01,Humira,TER-05,46,138784.33000000002,2,3049.7650000000003,9,3,2025,0,0,27.0,55.0,53.0,45.0,15.620499351813304,7,4,43.46269,4,46,43.46269,0.8189643859863285,101.76965255737304,2.537311553955078,2.537311553955078,XGBoost,4
2025-10-01,Humira,TER-05,38,120790.48,2,3310.08,10,4,2025,2,0,46.0,53.0,44.0,42.0,13.453624047073705,7,4,45.83499,4,38,45.83499,9.28923225402832,95.57622070312499,-7.834991455078125,7.834991455078125,XGBoost,4
2025-11-01,Humira,TER-05,34,103151.01,3,3001.7433333333333,11,4,2025,5,0,38.0,27.0,43.0,37.0,9.539392014169447,7,4,52.378067,4,34,52.378067,16.16877479553223,104.36100196838376,-18.378067016601562,18.378067016601562,XGBoost,4
2025-12-01,Humira,TER-05,52,160405.73,4,3082.9925000000003,12,4,2025,0,0,34.0,46.0,55.0,39.333333333333336,6.110100926607776,7,4,41.865295,4,52,41.865295,5.191508865356448,91.2841281890869,10.13470458984375,10.13470458984375,XGBoost,4
2025-05-01,Humira,TER-06,52,180247.02,3,3313.896666666667,5,2,2025,3,0,51.0,49.0,45.0,46.0,6.999999999999998,7,5,40.51289,4,52,40.51289,6.649494171142582,92.40454025268552,11.487110137939453,11.487110137939453,XGBoost,4
2025-06-01,Humira,TER-06,31,100821.74,4,3256.205,6,2,2025,6,0,52.0,38.0,48.0,47.0,7.810249675906652,7,5,46.10811,4,31,46.10811,8.82517738342285,101.34706878662108,-15.108108520507812,15.108108520507812,XGBoost,4
2025-07-01,Humira,TER-06,45,150448.95,2,3356.965,7,3,2025,1,0,31.0,51.0,64.0,44.66666666666666,11.846237095944572,7,5,36.432358,4,45,36.432358,0.0,88.30338134765624,8.567642211914062,8.567642211914062,XGBoost,4
2025-08-01,Humira,TER-06,38,118307.1,2,3081.52,8,3,2025,4,0,45.0,52.0,49.0,42.66666666666666,10.692676621563624,7,5,43.291508,4,38,43.291508,0.6206489562988291,96.19748764038081,-5.291507720947266,5.291507720947266,XGBoost,4
2025-09-01,Humira,TER-06,60,189742.8,2,3184.385,9,3,2025,0,0,38.0,31.0,38.0,38.0,6.999999999999996,7,5,37.086544,4,60,37.086544,0.0,88.56123580932613,22.913455963134766,22.913455963134766,XGBoost,4
2025-10-01,Humira,TER-06,42,144524.28,2,3402.0,10,4,2025,2,0,60.0,45.0,51.0,47.66666666666666,11.239810200058242,7,5,45.91357,4,42,45.91357,3.2730712890625,105.20645446777343,-3.9135704040527344,3.9135704040527344,XGBoost,4
2025-11-01,Humira,TER-06,53,178459.4,2,3429.875,11,4,2025,5,0,42.0,38.0,52.0,46.66666666666666,11.71893055416463,7,5,47.147526,4,53,47.147526,10.842136001586917,98.34175567626953,5.852474212646484,5.852474212646484,XGBoost,4
2025-12-01,Humira,TER-06,57,178581.13,4,3122.785,12,4,2025,0,0,53.0,60.0,31.0,51.66666666666666,9.073771725877464,7,5,45.584972,4,57,45.584972,6.657299041748047,94.71982154846185,11.415027618408203,11.415027618408203,XGBoost,4
2025-05-01,Humira,TER-07,54,174753.86,4,3214.5475,5,2,2025,3,0,27.0,51.0,30.0,47.333333333333336,18.77054430040145,7,6,38.470833,4,54,38.470833,0.0,85.75925788879393,15.529167175292969,15.529167175292969,XGBoost,4
2025-06-01,Humira,TER-07,61,189360.97,4,3152.9175,6,2,2025,6,0,54.0,64.0,60.0,48.333333333333336,19.13983629327413,7,6,48.737385,4,61,48.737385,2.724414825439453,104.73818225860592,12.262615203857422,12.262615203857422,XGBoost,4
2025-07-01,Humira,TER-07,29,89168.05,4,3191.5,7,3,2025,1,0,61.0,27.0,33.0,47.333333333333336,17.953644012660313,7,6,36.743137,4,29,36.743137,0.0,94.14453277587889,-7.743137359619141,7.743137359619141,XGBoost,4
2025-08-01,Humira,TER-07,27,84368.70999999999,3,3112.4833333333336,8,3,2025,4,0,29.0,54.0,51.0,48.0,16.822603841260726,7,6,40.52145,4,27,40.52145,6.981936264038087,95.50657882690429,-13.52145004272461,13.52145004272461,XGBoost,4
2025-09-01,Humira,TER-07,33,104110.98,4,3222.36,9,3,2025,0,0,27.0,61.0,64.0,39.0,19.07878402833892,7,6,39.161774,4,33,39.161774,0.0,91.96813087463377,-6.161773681640625,6.161773681640625,XGBoost,4
2025-10-01,Humira,TER-07,49,166421.63,2,3233.8900000000003,10,4,2025,2,0,33.0,29.0,27.0,29.666666666666668,3.0550504633039206,7,6,39.41995,4,49,39.41995,3.503311157226563,90.00429077148432,9.58005142211914,9.58005142211914,XGBoost,4
2025-11-01,Humira,TER-07,39,124039.11,1,3180.49,11,4,2025,5,0,49.0,27.0,54.0,36.333333333333336,11.37248140615466,7,6,47.821907,4,39,47.821907,9.353668975830079,100.19454650878906,-8.821907043457031,8.821907043457031,XGBoost,4
2025-12-01,Humira,TER-07,53,175503.64,4,3240.09,12,4,2025,0,0,39.0,33.0,61.0,40.333333333333336,8.08290376865477,7,6,40.62732,4,53,40.62732,0.44495010375976696,92.2689453125,12.3726806640625,12.3726806640625,XGBoost,4
2025-05-01,Humira,TER-08,47,145049.9,3,3098.4500000000003,5,2,2025,3,0,63.0,54.0,42.0,59.0,4.582575694955834,7,7,45.794537,4,47,45.794537,9.207896423339847,98.64000167846675,1.2054634094238281,1.2054634094238281,XGBoost,4
2025-06-01,Humira,TER-08,49,154980.14,1,3162.86,6,2,2025,6,0,47.0,60.0,65.0,56.66666666666666,8.504900548115378,7,7,56.29086,4,49,56.29086,19.241315841674805,111.35512504577635,-7.290859222412109,7.290859222412109,XGBoost,4
2025-07-01,Humira,TER-08,23,71407.22,3,3089.6066666666666,7,3,2025,1,0,49.0,63.0,50.0,53.0,8.717797887081343,7,7,41.222836,4,23,41.222836,0.0,88.50829582214354,-18.222835540771484,18.222835540771484,XGBoost,4
2025-08-01,Humira,TER-08,49,157775.19,3,3172.2000000000003,8,3,2025,4,0,23.0,47.0,54.0,39.66666666666666,14.468356276140469,7,7,37.540585,4,49,37.540585,0.0,89.72742347717285,11.459415435791016,11.459415435791016,XGBoost,4
2025-09-01,Humira,TER-08,39,119733.51,1,3070.09,9,3,2025,0,0,49.0,49.0,60.0,40.333333333333336,15.011106998930266,7,7,44.09484,4,39,44.09484,4.2397300720214846,97.66404876708982,-5.094841003417969,5.094841003417969,XGBoost,4
2025-10-01,Humira,TER-08,36,116705.16,1,3241.81,10,4,2025,2,0,39.0,23.0,63.0,37.0,13.114877048603995,7,7,45.81399,4,36,45.81399,8.062023162841797,94.88638629913329,-9.81399154663086,9.81399154663086,XGBoost,4
2025-11-01,Humira,TER-08,39,124642.83,1,3195.97,11,4,2025,5,0,36.0,49.0,47.0,41.333333333333336,6.806859285554038,7,7,48.19528,4,39,48.19528,8.084918975830083,99.47957191467285,-9.19527816772461,9.19527816772461,XGBoost,4
2025-12-01,Humira,TER-08,54,174166.2,1,3225.3,12,4,2025,0,0,39.0,39.0,49.0,38.0,1.7320508075688503,7,7,37.35133,4,54,37.35133,1.3092063903808595,93.3590417861938,16.648670196533203,16.648670196533203,XGBoost,4
2025-05-01,Humira,TER-09,42,135899.46000000002,2,3199.05,5,2,2025,3,0,41.0,31.0,35.0,44.66666666666666,15.82192571507442,7,8,39.63608,4,42,39.63608,0.0,84.32544898986815,2.3639183044433594,2.3639183044433594,XGBoost,4
2025-06-01,Humira,TER-09,62,201834.88,2,3246.92,6,2,2025,6,0,42.0,62.0,52.0,48.333333333333336,11.84623709594457,7,8,48.377586,4,62,48.377586,5.03134765625,95.7897895812988,13.622413635253906,13.622413635253906,XGBoost,4
2025-07-01,Humira,TER-09,45,154083.15,1,3424.07,7,3,2025,1,0,62.0,41.0,42.0,48.333333333333336,11.84623709594457,7,8,38.89491,4,45,38.89491,0.0,94.53108901977532,6.105091094970703,6.105091094970703,XGBoost,4
2025-08-01,Humira,TER-09,31,103594.97,2,3302.615,8,3,2025,4,0,45.0,42.0,31.0,49.66666666666666,10.785793124908952,7,8,43.1855,4,31,43.1855,4.343652343750003,93.04660148620604,-12.185501098632812,12.185501098632812,XGBoost,4
2025-09-01,Humira,TER-09,44,135746.6,1,3085.15,9,3,2025,0,0,31.0,62.0,62.0,46.0,15.52417469626002,7,8,45.45201,4,44,45.45201,0.0,93.64609107971191,-1.4520111083984375,1.4520111083984375,XGBoost,4
2025-10-01,Humira,TER-09,49,156085.16,3,3198.2966666666666,10,4,2025,2,0,44.0,45.0,41.0,40.0,7.810249675906647,7,8,42.906246,4,49,42.906246,0.0,91.30579433441157,6.093753814697266,6.093753814697266,XGBoost,4
2025-11-01,Humira,TER-09,55,174402.95,2,3162.175,11,4,2025,5,0,49.0,31.0,42.0,41.333333333333336,9.29157324317756,7,8,49.24279,4,55,49.24279,12.569003677368165,97.61547431945799,5.757209777832031,5.757209777832031,XGBoost,4
2025-12-01,Humira,TER-09,67,220510.99,2,3294.695,12,4,2025,0,0,55.0,44.0,62.0,49.333333333333336,5.507570547286087,7,8,41.219296,4,67,41.219296,0.0,94.59241905212401,25.780704498291016,25.780704498291016,XGBoost,4
2025-05-01,Humira,TER-10,56,181616.62,4,3379.47,5,2,2025,3,0,52.0,34.0,47.0,51.0,16.522711641858304,7,9,41.899788,4,56,41.899788,0.0,101.23693847656249,14.100212097167969,14.100212097167969,XGBoost,4
2025-06-01,Humira,TER-10,53,172691.57,3,3221.3666666666663,6,2,2025,6,0,56.0,67.0,51.0,58.333333333333336,7.767453465154025,7,9,53.563828,4,53,53.563828,19.154277420043947,105.50962066650384,-0.5638275146484375,0.5638275146484375,XGBoost,4
2025-07-01,Humira,TER-10,34,108131.22,1,3180.33,7,3,2025,1,0,53.0,52.0,68.0,53.66666666666666,2.081665999466124,7,9,42.583336,4,34,42.583336,0.0,91.88067874908447,-8.583335876464844,8.583335876464844,XGBoost,4
2025-08-01,Humira,TER-10,46,145011.53,3,3208.39,8,3,2025,4,0,34.0,56.0,34.0,47.66666666666666,11.930353445448851,7,9,42.85196,4,46,42.85196,4.055502319335938,96.85669784545897,3.148040771484375,3.148040771484375,XGBoost,4
2025-09-01,Humira,TER-10,40,130182.21,4,3327.3075,9,3,2025,0,0,46.0,53.0,67.0,44.333333333333336,9.609023536933046,7,9,45.48788,4,40,45.48788,9.865717697143555,97.93850440979003,-5.487880706787109,5.487880706787109,XGBoost,4
2025-10-01,Humira,TER-10,62,186411.36,3,3016.63,10,4,2025,2,0,40.0,34.0,52.0,40.0,5.9999999999999964,7,9,45.28379,4,62,45.28379,8.709061050415041,102.9029167175293,16.716209411621094,16.716209411621094,XGBoost,4
2025-11-01,Humira,TER-10,43,134345.61000000002,2,3082.455,11,4,2025,5,0,62.0,46.0,56.0,49.333333333333336,11.37248140615465,7,9,56.32267,4,43,56.32267,13.561790466308594,110.71445083618164,-13.322669982910156,13.322669982910156,XGBoost,4
2025-12-01,Humira,TER-10,47,151546.33,1,3224.39,12,4,2025,0,0,43.0,40.0,53.0,48.333333333333336,11.930353445448851,7,9,41.441147,4,47,41.441147,0.0,93.8930667877197,5.5588531494140625,5.5588531494140625,XGBoost,4
2025-05-01,Humira,TER-11,41,129385.11,4,3208.075,5,2,2025,3,0,53.0,62.0,61.0,59.66666666666666,5.859465277082308,7,10,45.97096,4,41,45.97096,6.436086654663092,107.3430950164795,-4.970958709716797,4.970958709716797,XGBoost,4
2025-06-01,Humira,TER-11,69,209003.17,2,3230.19,6,2,2025,6,0,41.0,64.0,55.0,52.66666666666666,11.503622617824927,7,10,53.318653,4,69,53.318653,16.767715072631837,106.69177665710448,15.681346893310547,15.681346893310547,XGBoost,4
2025-07-01,Humira,TER-11,52,180171.16,1,3464.83,7,3,2025,1,0,69.0,53.0,66.0,54.333333333333336,14.04753833713698,7,10,46.243114,4,52,46.243114,3.1183204650878906,101.22552871704102,5.756885528564453,5.756885528564453,XGBoost,4
2025-08-01,Humira,TER-11,48,158596.96,2,3332.34,8,3,2025,4,0,52.0,41.0,62.0,54.0,14.10673597966588,7,10,47.28433,4,48,47.28433,14.580013275146486,104.94352760314939,0.7156715393066406,0.7156715393066406,XGBoost,4
2025-09-01,Humira,TER-11,55,178462.35,1,3244.77,9,3,2025,0,0,48.0,69.0,64.0,56.333333333333336,11.15048578911848,7,10,49.060104,4,55,49.060104,10.533079528808594,96.76124801635743,5.9398956298828125,5.9398956298828125,XGBoost,4
2025-10-01,Humira,TER-11,42,133171.6,4,3273.715,10,4,2025,2,0,55.0,52.0,53.0,51.66666666666666,3.511884584284231,7,10,46.268135,4,42,46.268135,7.7001293182373045,96.01163635253901,-4.268135070800781,4.268135070800781,XGBoost,4
2025-11-01,Humira,TER-11,40,130594.48,4,3271.55,11,4,2025,5,0,42.0,48.0,41.0,48.333333333333336,6.5064070986477045,7,10,49.727127,4,40,49.727127,4.877616119384767,99.00131683349609,-9.727127075195312,9.727127075195312,XGBoost,4
2025-12-01,Humira,TER-11,56,172595.36,1,3082.06,12,4,2025,0,0,40.0,55.0,69.0,45.66666666666666,8.144527815247072,7,10,47.064537,4,56,47.064537,0.37386245727539175,98.29555130004883,8.935462951660156,8.935462951660156,XGBoost,4
2025-05-01,Humira,TER-12,43,140363.6,2,3260.05,5,2,2025,3,0,30.0,53.0,35.0,41.333333333333336,11.503622617824927,7,11,39.410645,4,43,39.410645,0.0,88.80855560302733,3.58935546875,3.58935546875,XGBoost,4
2025-06-01,Humira,TER-12,45,140626.35,1,3125.03,6,2,2025,6,0,43.0,41.0,37.0,38.0,6.999999999999996,7,11,41.325634,4,45,41.325634,3.036695861816406,94.17470169067383,3.674365997314453,3.674365997314453,XGBoost,4
2025-07-01,Humira,TER-12,26,82514.81,4,3253.4425,7,3,2025,1,0,45.0,30.0,58.0,39.333333333333336,8.144527815247073,7,11,35.97766,4,26,35.97766,0.0,93.0155906677246,-9.9776611328125,9.9776611328125,XGBoost,4
2025-08-01,Humira,TER-12,29,89486.0,2,3124.63,8,3,2025,4,0,26.0,43.0,53.0,38.0,10.440306508910544,7,11,39.29341,4,29,39.29341,0.714763259887696,93.67269897460938,-10.293411254882812,10.293411254882812,XGBoost,4
2025-09-01,Humira,TER-12,57,195781.89,1,3434.77,9,3,2025,0,0,29.0,45.0,41.0,33.333333333333336,10.214368964029704,7,11,38.79927,4,57,38.79927,2.4798255920410197,88.21053237915038,18.200729370117188,18.200729370117188,XGBoost,4
2025-10-01,Humira,TER-12,50,160951.90000000002,2,3271.99,10,4,2025,2,0,57.0,26.0,30.0,37.333333333333336,17.097758137642877,7,11,41.565536,4,50,41.565536,6.990612030029299,93.00351104736328,8.434463500976562,8.434463500976562,XGBoost,4
2025-11-01,Humira,TER-12,57,186122.44,3,3257.6200000000003,11,4,2025,5,0,50.0,29.0,43.0,45.333333333333336,14.571661996262923,7,11,45.9737,4,57,45.9737,5.944810867309575,101.02899208068845,11.026298522949219,11.026298522949219,XGBoost,4
2025-12-01,Humira,TER-12,48,150602.21999999997,4,3105.2525,12,4,2025,0,0,57.0,57.0,45.0,54.66666666666666,4.041451884327359,7,11,44.742138,4,48,44.742138,2.303825378417969,87.55734672546382,3.257862091064453,3.257862091064453,XGBoost,4
2025-05-01,Humira,TER-13,44,148321.14,2,3370.935,5,2,2025,3,0,52.0,36.0,54.0,51.0,14.525839046333951,7,12,37.905804,4,44,37.905804,4.515213775634766,95.56294784545895,6.094196319580078,6.094196319580078,XGBoost,4
2025-06-01,Humira,TER-13,55,172243.0,2,3131.15,6,2,2025,6,0,44.0,65.0,34.0,53.66666666666666,10.598742063723098,7,12,51.486378,4,55,51.486378,13.570177459716797,102.69066009521484,3.513622283935547,3.513622283935547,XGBoost,4
2025-07-01,Humira,TER-13,42,135539.75,2,3286.025,7,3,2025,1,0,55.0,52.0,62.0,50.333333333333336,5.686240703077325,7,12,37.121864,4,42,37.121864,0.0,94.81348419189453,4.878135681152344,4.878135681152344,XGBoost,4
2025-08-01,Humira,TER-13,37,111306.46,3,2990.36,8,3,2025,4,0,42.0,44.0,36.0,47.0,6.999999999999999,7,12,42.516884,4,37,42.516884,0.0,93.74789810180664,-5.516883850097656,5.516883850097656,XGBoost,4
2025-09-01,Humira,TER-13,54,170066.7,2,3153.09,9,3,2025,0,0,37.0,55.0,65.0,44.66666666666666,9.291573243177568,7,12,47.32358,4,54,47.32358,4.292565917968752,99.54192924499507,6.676418304443359,6.676418304443359,XGBoost,4
2025-10-01,Humira,TER-13,35,106372.35,1,3039.21,10,4,2025,2,0,54.0,42.0,52.0,44.333333333333336,8.7368949480541,7,12,42.46196,4,35,42.46196,0.0,93.07321166992188,-7.4619598388671875,7.4619598388671875,XGBoost,4
2025-11-01,Humira,TER-13,58,196597.17,3,3296.976666666667,11,4,2025,5,0,35.0,37.0,44.0,42.0,10.440306508910547,7,12,45.69047,4,58,45.69047,0.0,100.11229705810543,12.309528350830078,12.309528350830078,XGBoost,4
2025-12-01,Humira,TER-13,61,193204.37,2,3169.82,12,4,2025,0,0,58.0,54.0,55.0,49.0,12.288205727444506,7,12,39.13868,4,61,39.13868,4.809104919433594,99.12672576904295,21.86132049560547,21.86132049560547,XGBoost,4
2025-05-01,Humira,TER-14,32,101218.99,3,3143.043333333333,5,2,2025,3,0,27.0,43.0,38.0,42.333333333333336,15.01110699893027,7,13,38.495636,4,32,38.495636,4.63881988525391,89.71481323242188,-6.495635986328125,6.495635986328125,XGBoost,4
2025-06-01,Humira,TER-14,30,94480.8,3,3090.776666666666,6,2,2025,6,0,32.0,57.0,42.0,38.66666666666666,16.072751268321593,7,13,41.41554,4,30,41.41554,0.0,94.85886383056634,-11.415538787841797,11.415538787841797,XGBoost,4
2025-07-01,Humira,TER-14,35,106293.6,1,3036.96,7,3,2025,1,0,30.0,27.0,45.0,29.666666666666668,2.5166114784235667,7,13,31.743706,4,35,31.743706,0.0,84.54777488708496,3.2562942504882812,3.2562942504882812,XGBoost,4
2025-08-01,Humira,TER-14,41,143076.38999999998,2,3438.865,8,3,2025,4,0,35.0,32.0,43.0,32.333333333333336,2.516611478423571,7,13,32.88805,4,41,32.88805,0.0,85.44675292968748,8.111949920654297,8.111949920654297,XGBoost,4
2025-09-01,Humira,TER-14,55,177136.29,2,3260.315,9,3,2025,0,0,41.0,30.0,57.0,35.333333333333336,5.5075705472861,7,13,38.761402,4,55,38.761402,0.0,88.47050552368164,16.238597869873047,16.238597869873047,XGBoost,4
2025-10-01,Humira,TER-14,27,86267.5,3,3117.863333333333,10,4,2025,2,0,55.0,35.0,27.0,43.66666666666666,10.263202878893772,7,13,40.981506,4,27,40.981506,0.4855499267578125,94.44088020324706,-13.98150634765625,13.98150634765625,XGBoost,4
2025-11-01,Humira,TER-14,36,109908.52,3,3175.0866666666666,11,4,2025,5,0,27.0,41.0,32.0,41.0,14.000000000000004,7,13,40.604973,4,36,40.604973,0.0,91.83584518432613,-4.604972839355469,4.604972839355469,XGBoost,4
2025-12-01,Humira,TER-14,51,156689.47999999998,4,3202.4775,12,4,2025,0,0,36.0,55.0,30.0,39.333333333333336,14.294521094927717,7,13,35.577,4,51,35.577,0.0,87.76604385375975,15.42300033569336,15.42300033569336,XGBoost,4
2025-05-01,Humira,TER-15,40,125337.43,4,3172.325,5,2,2025,3,0,30.0,42.0,43.0,41.333333333333336,11.015141094572208,7,14,36.317875,4,40,36.317875,0.0,91.32158927917479,3.6821250915527344,3.6821250915527344,XGBoost,4
2025-06-01,Humira,TER-15,33,105477.61,4,3090.4275,6,2,2025,6,0,40.0,52.0,48.0,40.66666666666666,11.015141094572208,7,14,42.103928,4,33,42.103928,4.749770355224612,93.79928016662592,-9.103927612304688,9.103927612304688,XGBoost,4
2025-07-01,Humira,TER-15,27,90845.47,4,3307.8225,7,3,2025,1,0,33.0,30.0,38.0,34.333333333333336,5.131601439446891,7,14,29.882847,4,27,29.882847,0.0,82.95612144470206,-2.8828468322753906,2.8828468322753906,XGBoost,4
2025-08-01,Humira,TER-15,22,71521.18,4,3247.3275000000003,8,3,2025,4,0,27.0,40.0,42.0,33.333333333333336,6.506407098647717,7,14,34.498222,4,22,34.498222,0.0,94.22201080322263,-12.498222351074219,12.498222351074219,XGBoost,4
2025-09-01,Humira,TER-15,38,125802.81,4,3280.76,9,3,2025,0,0,22.0,33.0,52.0,27.33333333333333,5.507570547286113,7,14,36.95359,4,38,36.95359,0.0,92.20029067993163,1.0464096069335938,1.0464096069335938,XGBoost,4
2025-10-01,Humira,TER-15,42,132376.44,1,3151.82,10,4,2025,2,0,38.0,27.0,30.0,29.0,8.185352771872456,7,14,37.51004,4,42,37.51004,1.5300178527832071,88.800796508789,4.489959716796875,4.489959716796875,XGBoost,4
2025-11-01,Humira,TER-15,55,181228.3,1,3295.06,11,4,2025,5,0,42.0,22.0,40.0,34.0,10.583005244258365,7,14,41.56524,4,55,41.56524,0.0,92.14067153930661,13.434761047363281,13.434761047363281,XGBoost,4
2025-12-01,Humira,TER-15,33,105125.09,2,3182.285,12,4,2025,0,0,55.0,38.0,33.0,45.0,8.888194417315574,7,14,34.238968,4,33,34.238968,0.0,89.54182815551756,-1.2389678955078125,1.2389678955078125,XGBoost,4
2025-05-01,Humira,TER-16,33,103217.72,4,3180.5375000000004,5,2,2025,3,0,37.0,45.0,55.0,50.66666666666666,17.214335111567145,7,15,41.761913,4,33,41.761913,2.972362518310547,97.05579833984375,-8.761913299560547,8.761913299560547,XGBoost,4
2025-06-01,Humira,TER-16,41,129146.51,2,3145.825,6,2,2025,6,0,33.0,70.0,28.0,46.66666666666666,20.305992547357377,7,15,47.942486,4,41,47.942486,13.44937744140626,101.94209957122801,-6.942485809326172,6.942485809326172,XGBoost,4
2025-07-01,Humira,TER-16,32,100816.31,3,3160.5066666666667,7,3,2025,1,0,41.0,37.0,45.0,37.0,4.0,7,15,33.042526,4,32,33.042526,0.0,83.6841743469238,-1.0425262451171875,1.0425262451171875,XGBoost,4
2025-08-01,Humira,TER-16,35,100972.2,1,2884.92,8,3,2025,4,0,32.0,33.0,45.0,35.333333333333336,4.932882862316248,7,15,37.233078,4,35,37.233078,0.0,88.15946159362791,-2.2330780029296875,2.2330780029296875,XGBoost,4
2025-09-01,Humira,TER-16,39,121816.41,4,3171.585,9,3,2025,0,0,35.0,41.0,70.0,36.0,4.58257569495584,7,15,37.93243,4,39,37.93243,1.8616600036621094,91.50163803100584,1.0675697326660156,1.0675697326660156,XGBoost,4
2025-10-01,Humira,TER-16,53,167830.62000000002,2,3282.99,10,4,2025,2,0,39.0,32.0,37.0,35.333333333333336,3.511884584284245,7,15,37.609592,4,53,37.609592,0.0,92.0197031021118,15.39040756225586,15.39040756225586,XGBoost,4
2025-11-01,Humira,TER-16,52,170415.92,2,3270.1400000000003,11,4,2025,5,0,53.0,35.0,33.0,42.333333333333336,9.451631252505216,7,15,45.915874,4,52,45.915874,5.943653106689455,97.27042541503904,6.084125518798828,6.084125518798828,XGBoost,4
2025-12-01,Humira,TER-16,46,147596.03,4,3192.5825,12,4,2025,0,0,52.0,39.0,41.0,48.0,7.810249675906651,7,15,34.54801,4,46,34.54801,0.0,80.21697158813477,11.451988220214844,11.451988220214844,XGBoost,4
2025-05-01,Humira,TER-17,48,161491.2,1,3364.4,5,2,2025,3,0,47.0,41.0,33.0,39.66666666666666,8.082903768654763,7,16,35.287453,4,48,35.287453,0.0,87.1081314086914,12.712547302246094,12.712547302246094,XGBoost,4
2025-06-01,Humira,TER-17,39,120377.13,2,3092.19,6,2,2025,6,0,48.0,31.0,39.0,42.0,9.539392014169458,7,16,44.602154,4,39,44.602154,0.0,102.29377365112305,-5.602153778076172,5.602153778076172,XGBoost,4
2025-07-01,Humira,TER-17,23,70391.68,2,3157.865,7,3,2025,1,0,39.0,47.0,34.0,44.66666666666666,4.932882862316249,7,16,30.924063,4,23,30.924063,0.0,79.15697593688961,-7.924062728881836,7.924062728881836,XGBoost,4
2025-08-01,Humira,TER-17,34,106173.42,2,3225.05,8,3,2025,4,0,23.0,48.0,41.0,36.66666666666666,12.662279942148386,7,16,33.622272,4,34,33.622272,0.0,86.59506607055664,0.3777275085449219,0.3777275085449219,XGBoost,4
2025-09-01,Humira,TER-17,52,165298.56,2,3185.61,9,3,2025,0,0,34.0,39.0,31.0,32.0,8.185352771872447,7,16,33.685078,4,52,33.685078,0.0,85.41072845458984,18.314922332763672,18.314922332763672,XGBoost,4
2025-10-01,Humira,TER-17,27,86446.65,3,3207.103333333333,10,4,2025,2,0,52.0,23.0,47.0,36.333333333333336,14.6401275039985,7,16,35.317223,4,27,35.317223,0.0,90.61110763549804,-8.317222595214844,8.317222595214844,XGBoost,4
2025-11-01,Humira,TER-17,22,71152.34,4,3248.4375,11,4,2025,5,0,27.0,34.0,48.0,37.66666666666666,12.897028081435408,7,16,40.502678,4,22,40.502678,0.0,93.52619743347164,-18.50267791748047,18.50267791748047,XGBoost,4
2025-12-01,Humira,TER-17,37,115020.71,2,3012.38,12,4,2025,0,0,22.0,52.0,39.0,33.666666666666664,16.072751268321596,7,16,37.65723,4,37,37.65723,0.0,86.06127777099604,-0.6572303771972656,0.6572303771972656,XGBoost,4
2025-05-01,Humira,TER-18,30,95841.0,3,3202.01,5,2,2025,3,0,45.0,32.0,49.0,44.66666666666666,12.503332889007364,7,17,36.242393,4,30,36.242393,0.0,90.77433013916004,-6.242393493652344,6.242393493652344,XGBoost,4
2025-06-01,Humira,TER-18,44,145827.53,2,3296.995,6,2,2025,6,0,30.0,57.0,52.0,44.0,13.52774925846868,7,17,43.24736,4,44,43.24736,0.0,95.7818603515625,0.7526397705078125,0.7526397705078125,XGBoost,4
2025-07-01,Humira,TER-18,30,100446.83000000002,3,3281.94,7,3,2025,1,0,44.0,45.0,56.0,39.66666666666666,8.38649708360608,7,17,37.343536,4,30,37.343536,0.0,88.98562049865723,-7.343536376953125,7.343536376953125,XGBoost,4
2025-08-01,Humira,TER-18,38,123374.45,3,3247.4166666666665,8,3,2025,4,0,30.0,30.0,32.0,34.666666666666664,8.082903768654758,7,17,34.103138,4,38,34.103138,0.0,92.1799892425537,3.896862030029297,3.896862030029297,XGBoost,4
2025-09-01,Humira,TER-18,52,147526.08,1,2837.04,9,3,2025,0,0,38.0,44.0,57.0,37.333333333333336,7.023769168568488,7,17,38.638973,4,52,38.638973,3.241745376586915,91.43685607910156,13.361026763916016,13.361026763916016,XGBoost,4
2025-10-01,Humira,TER-18,48,158293.43,4,3208.6425,10,4,2025,2,0,52.0,30.0,45.0,40.0,11.13552872566004,7,17,39.06944,4,48,39.06944,0.0,96.10736846923827,8.930561065673828,8.930561065673828,XGBoost,4
2025-11-01,Humira,TER-18,50,166886.33000000002,2,3272.665,11,4,2025,5,0,48.0,38.0,30.0,46.0,7.211102550927975,7,17,43.3373,4,50,43.3373,9.40934295654297,91.75843200683587,6.662700653076172,6.662700653076172,XGBoost,4
2025-12-01,Humira,TER-18,29,93141.66,4,3265.52,12,4,2025,0,0,50.0,52.0,44.0,50.0,1.9999999999999856,7,17,36.700848,4,29,36.700848,0.0,96.30779075622556,-7.700847625732422,7.700847625732422,XGBoost,4
2025-05-01,Humira,TER-19,37,107692.32,3,3127.5933333333337,5,2,2025,3,0,28.0,46.0,28.0,40.66666666666666,11.015141094572202,7,18,34.63697,4,37,34.63697,0.0,88.59465675354004,2.3630294799804688,2.3630294799804688,XGBoost,4
2025-06-01,Humira,TER-19,54,177156.22,3,3151.7333333333336,6,2,2025,6,0,37.0,48.0,32.0,37.66666666666666,10.01665280087781,7,18,40.556683,4,54,40.556683,2.6025566101074245,94.6134355545043,13.443317413330078,13.443317413330078,XGBoost,4
2025-07-01,Humira,TER-19,30,98205.12,3,3292.383333333333,7,3,2025,1,0,54.0,28.0,24.0,39.66666666666666,13.203534880225572,7,18,28.022945,4,30,28.022945,0.0,80.2097843170166,1.9770545959472656,1.9770545959472656,XGBoost,4
2025-08-01,Humira,TER-19,34,108565.09,3,3271.613333333333,8,3,2025,4,0,30.0,37.0,46.0,40.333333333333336,12.342339054382414,7,18,35.2943,4,34,35.2943,0.0,90.69985694885243,-1.2943000793457031,1.2943000793457031,XGBoost,4
2025-09-01,Humira,TER-19,28,91775.19,3,3254.976666666667,9,3,2025,0,0,34.0,54.0,48.0,39.333333333333336,12.858201014657276,7,18,35.10395,4,28,35.10395,0.0,87.55457305908202,-7.103950500488281,7.103950500488281,XGBoost,4
2025-10-01,Humira,TER-19,43,140464.93,3,3229.083333333333,10,4,2025,2,0,28.0,30.0,28.0,30.666666666666668,3.055050463303903,7,18,35.28033,4,43,35.28033,0.0,89.33926315307616,7.719669342041016,7.719669342041016,XGBoost,4
2025-11-01,Humira,TER-19,32,106360.0,1,3323.75,11,4,2025,5,0,43.0,34.0,37.0,35.0,7.549834435270753,7,18,39.941895,4,32,39.941895,0.0,91.8522106170654,-7.94189453125,7.94189453125,XGBoost,4
2025-12-01,Humira,TER-19,38,124307.5,1,3271.25,12,4,2025,0,0,32.0,28.0,54.0,34.333333333333336,7.767453465154033,7,18,36.662365,4,38,36.662365,0.0,94.32528839111326,1.3376350402832031,1.3376350402832031,XGBoost,4
2025-05-01,Humira,TER-20,30,97624.87,3,3245.9733333333334,5,2,2025,3,0,41.0,39.0,29.0,39.0,2.000000000000031,7,19,35.677353,4,30,35.677353,0.0,86.23692703247067,-5.6773529052734375,5.6773529052734375,XGBoost,4
2025-06-01,Humira,TER-20,42,134498.97,4,3192.4575,6,2,2025,6,0,30.0,37.0,43.0,36.0,5.567764362830033,7,19,40.779823,4,42,40.779823,0.7281482696533225,92.98700256347654,1.2201766967773438,1.2201766967773438,XGBoost,4
2025-07-01,Humira,TER-20,22,66513.04,1,3023.32,7,3,2025,1,0,42.0,41.0,39.0,37.66666666666666,6.658328118479402,7,19,32.092793,4,22,32.092793,0.0,83.31227569580078,-10.092792510986328,10.092792510986328,XGBoost,4
2025-08-01,Humira,TER-20,37,123923.49,2,3245.745,8,3,2025,4,0,22.0,30.0,39.0,31.33333333333333,10.06644591369434,7,19,33.376015,4,37,33.376015,0.0,89.376812171936,3.6239852905273438,3.6239852905273438,XGBoost,4
2025-09-01,Humira,TER-20,50,163994.45,2,3290.575,9,3,2025,0,0,37.0,42.0,37.0,33.666666666666664,10.40832999733067,7,19,36.777878,4,50,36.777878,0.0,88.13242874145506,13.222122192382812,13.222122192382812,XGBoost,4
2025-10-01,Humira,TER-20,38,121431.9,2,3214.2,10,4,2025,2,0,50.0,22.0,41.0,36.333333333333336,14.011899704655807,7,19,35.91599,4,38,35.91599,0.0,87.77001228332517,2.0840110778808594,2.0840110778808594,XGBoost,4
2025-11-01,Humira,TER-20,44,152633.36,1,3468.94,11,4,2025,5,0,38.0,37.0,30.0,41.66666666666666,7.234178138070253,7,19,40.91568,4,44,40.91568,5.865753936767579,90.99671440124506,3.084320068359375,3.084320068359375,XGBoost,4
2025-12-01,Humira,TER-20,41,124699.04,1,3041.44,12,4,2025,0,0,44.0,50.0,42.0,44.0,6.000000000000022,7,19,34.993977,4,41,34.993977,1.7185852050781254,87.96677017211914,6.006023406982422,6.006023406982422,XGBoost,4
2025-05-01,Januvia,TER-01,259,155810.12,4,588.03,5,2,2025,3,0,227.0,183.0,193.0,205.33333333333331,22.007574453658755,8,0,186.43176,4,259,186.43176,143.67088317871094,241.30727920532226,72.5682373046875,72.5682373046875,XGBoost,4
2025-06-01,Januvia,TER-01,275,157449.97999999998,4,563.9575,6,2,2025,6,0,259.0,206.0,310.0,230.66666666666663,26.68957349478132,8,0,280.27792,4,275,280.27792,234.2904151916504,332.6685791015625,-5.277923583984375,5.277923583984375,XGBoost,4
2025-07-01,Januvia,TER-01,219,126636.16,3,577.5633333333334,7,3,2025,1,0,275.0,227.0,230.0,253.66666666666663,24.440403706431155,8,0,211.92247,4,219,211.92247,175.84978179931642,261.6208251953125,7.0775299072265625,7.0775299072265625,XGBoost,4
2025-08-01,Januvia,TER-01,125,73429.73999999999,4,580.565,8,3,2025,4,0,219.0,259.0,183.0,251.0,28.844410203711927,8,0,221.21355,4,125,221.21355,181.36154174804688,269.5481100082397,-96.21354675292969,96.21354675292969,XGBoost,4
2025-09-01,Januvia,TER-01,231,127158.15,3,568.9699999999999,9,3,2025,0,0,125.0,275.0,206.0,206.33333333333331,75.79797710581289,8,0,202.8255,4,231,202.8255,164.24685249328613,254.8888229370116,28.17449951171875,28.17449951171875,XGBoost,4
2025-10-01,Januvia,TER-01,180,99103.64,2,561.39,10,4,2025,2,0,231.0,219.0,227.0,191.66666666666663,58.045958802774,8,0,203.34485,4,180,203.34485,170.94444198608397,255.34591865539548,-23.3448486328125,23.3448486328125,XGBoost,4
2025-11-01,Januvia,TER-01,307,173906.29,1,566.47,11,4,2025,5,0,180.0,125.0,259.0,178.66666666666666,53.01257712404987,8,0,195.19835,4,307,195.19835,154.6491943359375,252.1067352294922,111.80165100097656,111.80165100097656,XGBoost,4
2025-12-01,Januvia,TER-01,248,144793.41,3,589.84,12,4,2025,0,0,307.0,231.0,275.0,239.33333333333331,63.90878917123478,8,0,207.2114,4,248,207.2114,166.6443878173828,257.9970249176025,40.788604736328125,40.788604736328125,XGBoost,4
2025-05-01,Januvia,TER-02,189,111417.39,1,589.51,5,2,2025,3,0,296.0,257.0,268.0,255.66666666666663,41.016256939576245,8,1,218.76984,4,189,218.76984,178.74363403320314,273.28224334716793,-29.76983642578125,29.76983642578125,XGBoost,4
2025-06-01,Januvia,TER-02,249,140631.06,2,570.3900000000001,6,2,2025,6,0,189.0,214.0,163.0,233.0,55.97320787662614,8,1,232.05081,4,249,232.05081,193.58257369995118,283.87363052368164,16.949188232421875,16.949188232421875,XGBoost,4
2025-07-01,Januvia,TER-02,211,125254.74000000002,4,600.1425,7,3,2025,1,0,249.0,296.0,191.0,244.66666666666663,53.63145843004212,8,1,176.25096,4,211,176.25096,138.49021492004394,235.2046852111816,34.74903869628906,34.74903869628906,XGBoost,4
2025-08-01,Januvia,TER-02,189,113876.66,4,603.765,8,3,2025,4,0,211.0,189.0,257.0,216.33333333333331,30.353473167552604,8,1,238.36588,4,189,238.36588,201.76837043762208,291.9392665863037,-49.365875244140625,49.365875244140625,XGBoost,4
2025-09-01,Januvia,TER-02,196,117036.54,4,590.06,9,3,2025,0,0,189.0,249.0,214.0,216.33333333333331,30.353473167552604,8,1,233.0421,4,196,233.0421,186.54660034179688,284.2716911315918,-37.04209899902344,37.04209899902344,XGBoost,4
2025-10-01,Januvia,TER-02,258,148324.17,4,588.9725,10,4,2025,2,0,196.0,211.0,296.0,198.66666666666663,11.239810200058365,8,1,196.6077,4,258,196.6077,158.14425735473634,253.9938201904297,61.392303466796875,61.392303466796875,XGBoost,4
2025-11-01,Januvia,TER-02,292,169591.91999999998,3,571.5666666666666,11,4,2025,5,0,258.0,189.0,189.0,214.33333333333331,37.978063843926215,8,1,205.10072,4,292,205.10072,167.1733486175537,260.41468200683585,86.89927673339844,86.89927673339844,XGBoost,4
2025-12-01,Januvia,TER-02,294,169573.82,4,582.845,12,4,2025,0,0,292.0,196.0,249.0,248.66666666666663,48.67579823005818,8,1,218.84036,4,294,218.84036,181.19745254516602,270.6031108856201,75.15963745117188,75.15963745117188,XGBoost,4
2025-05-01,Januvia,TER-03,189,107153.5,4,573.1600000000001,5,2,2025,3,0,219.0,252.0,169.0,211.66666666666663,44.45597072760118,8,2,195.36024,4,189,195.36024,157.06397705078126,246.71895523071288,-6.3602447509765625,6.3602447509765625,XGBoost,4
2025-06-01,Januvia,TER-03,281,159976.52,4,569.485,6,2,2025,6,0,189.0,164.0,241.0,190.66666666666663,27.537852736430494,8,2,250.40863,4,281,250.40863,207.76389694213867,302.30110931396484,30.59136962890625,30.59136962890625,XGBoost,4
2025-07-01,Januvia,TER-03,171,99976.86,1,584.66,7,3,2025,1,0,281.0,219.0,145.0,229.66666666666663,46.91836882643442,8,2,175.94221,4,171,175.94221,135.76641387939452,225.7291957855224,-4.9422149658203125,4.9422149658203125,XGBoost,4
2025-08-01,Januvia,TER-03,139,77661.59,3,535.4166666666666,8,3,2025,4,0,171.0,189.0,252.0,213.66666666666663,59.00282479113464,8,2,208.98648,4,139,208.98648,167.7147331237793,260.88866233825684,-69.98648071289062,69.98648071289062,XGBoost,4
2025-09-01,Januvia,TER-03,222,136945.28,2,601.2249999999999,9,3,2025,0,0,139.0,281.0,164.0,197.0,74.48489779814429,8,2,195.61102,4,222,195.61102,153.1567810058594,245.6920574188232,26.38897705078125,26.38897705078125,XGBoost,4
2025-10-01,Januvia,TER-03,213,130886.37,1,614.49,10,4,2025,2,0,222.0,171.0,219.0,177.33333333333334,41.86088070422471,8,2,186.08224,4,213,186.08224,152.47698135375975,232.4615234375,26.917755126953125,26.917755126953125,XGBoost,4
2025-11-01,Januvia,TER-03,238,143725.82,1,603.89,11,4,2025,5,0,213.0,139.0,189.0,191.33333333333331,45.54484969053397,8,2,216.92291,4,238,216.92291,180.3481830596924,262.621142578125,21.07708740234375,21.07708740234375,XGBoost,4
2025-12-01,Januvia,TER-03,212,125501.8,4,603.105,12,4,2025,0,0,238.0,222.0,281.0,224.33333333333331,12.662279942148349,8,2,180.49576,4,212,180.49576,143.8996612548828,240.8514453887939,31.504241943359375,31.504241943359375,XGBoost,4
2025-05-01,Januvia,TER-04,160,98124.96,3,593.36,5,2,2025,3,0,142.0,205.0,233.0,215.66666666666663,79.53825075605657,8,3,191.8675,4,160,191.8675,148.47845611572265,237.82773513793944,-31.86749267578125,31.86749267578125,XGBoost,4
2025-06-01,Januvia,TER-04,216,122880.24,1,568.89,6,2,2025,6,0,160.0,300.0,232.0,200.66666666666663,86.49470118645034,8,3,224.01526,4,216,224.01526,190.42701301574706,277.0510795593262,-8.0152587890625,8.0152587890625,XGBoost,4
2025-07-01,Januvia,TER-04,122,77290.9,2,634.265,7,3,2025,1,0,216.0,142.0,140.0,172.66666666666666,38.5918817024168,8,3,153.42068,4,122,153.42068,117.79263801574707,206.3957664489746,-31.420684814453125,31.420684814453125,XGBoost,4
2025-08-01,Januvia,TER-04,124,69142.4,1,557.6,8,3,2025,4,0,122.0,160.0,205.0,166.0,47.28636167014755,8,3,175.50157,4,124,175.50157,137.16526107788087,222.79794578552244,-51.50157165527344,51.50157165527344,XGBoost,4
2025-09-01,Januvia,TER-04,196,112096.97,4,558.55,9,3,2025,0,0,124.0,216.0,300.0,154.0,53.70288632839021,8,3,183.72647,4,196,183.72647,146.43184852600098,239.23104400634756,12.273529052734375,12.273529052734375,XGBoost,4
2025-10-01,Januvia,TER-04,266,163071.3,1,613.05,10,4,2025,2,0,196.0,122.0,142.0,147.33333333333334,42.15843134336633,8,3,160.7544,4,266,160.7544,115.27618408203125,214.61649360656733,105.24560546875,105.24560546875,XGBoost,4
2025-11-01,Januvia,TER-04,202,119990.0,3,598.34,11,4,2025,5,0,266.0,124.0,160.0,195.33333333333331,71.00234737903622,8,3,176.2738,4,202,176.2738,138.01763954162598,231.93345260620112,25.7261962890625,25.7261962890625,XGBoost,4
2025-12-01,Januvia,TER-04,180,95470.85,3,530.3966666666666,12,4,2025,0,0,202.0,196.0,216.0,221.33333333333331,38.79862540520388,8,3,192.46127,4,180,192.46127,149.07525749206542,243.71313476562494,-12.461273193359375,12.461273193359375,XGBoost,4
2025-05-01,Januvia,TER-05,167,90506.66,4,547.855,5,2,2025,3,0,209.0,171.0,160.0,209.0,37.99999999999999,8,4,164.26476,4,167,164.26476,115.04633483886718,222.64023818969724,2.7352447509765625,2.7352447509765625,XGBoost,4
2025-06-01,Januvia,TER-05,247,136255.73,4,578.2325,6,2,2025,6,0,167.0,247.0,146.0,207.66666666666663,40.016663195890445,8,4,209.34563,4,247,209.34563,171.41727447509766,258.97950744628906,37.65437316894531,37.65437316894531,XGBoost,4
2025-07-01,Januvia,TER-05,119,66081.33,4,563.98,7,3,2025,1,0,247.0,209.0,155.0,207.66666666666663,40.016663195890445,8,4,166.03973,4,119,166.03973,132.65043983459472,218.4786193847656,-47.03973388671875,47.03973388671875,XGBoost,4
2025-08-01,Januvia,TER-05,124,63252.4,1,510.1,8,3,2025,4,0,119.0,167.0,171.0,177.66666666666666,64.66323014923807,8,4,161.44722,4,124,161.44722,127.88308486938476,214.8636093139648,-37.44721984863281,37.44721984863281,XGBoost,4
2025-09-01,Januvia,TER-05,203,115041.23,3,558.87,9,3,2025,0,0,124.0,247.0,247.0,163.33333333333334,72.5005747103658,8,4,156.72131,4,203,156.72131,124.03131523132325,213.49456024169922,46.2786865234375,46.2786865234375,XGBoost,4
2025-10-01,Januvia,TER-05,193,117463.16,2,595.475,10,4,2025,2,0,203.0,119.0,209.0,148.66666666666666,47.12041312778712,8,4,162.07234,4,193,162.07234,122.23600692749024,216.60629882812498,30.927658081054688,30.927658081054688,XGBoost,4
2025-11-01,Januvia,TER-05,145,82978.99,3,570.56,11,4,2025,5,0,193.0,124.0,167.0,173.33333333333334,43.01550108197429,8,4,177.7756,4,145,177.7756,134.57003784179688,227.06610412597655,-32.775604248046875,32.775604248046875,XGBoost,4
2025-12-01,Januvia,TER-05,158,88130.82,3,576.01,12,4,2025,0,0,145.0,203.0,247.0,180.33333333333331,31.00537587795593,8,4,179.29082,4,158,179.29082,142.63559761047364,229.0146484375,-21.290817260742188,21.290817260742188,XGBoost,4
2025-05-01,Januvia,TER-06,151,85118.49,4,542.5875,5,2,2025,3,0,138.0,215.0,169.0,192.66666666666663,47.60602202803056,8,5,156.75563,4,151,156.75563,118.04237861633301,216.26869506835936,-5.7556304931640625,5.7556304931640625,XGBoost,4
2025-06-01,Januvia,TER-06,123,65829.6,1,535.2,6,2,2025,6,0,151.0,225.0,189.0,171.33333333333334,46.9290244234134,8,5,166.25183,4,123,166.25183,122.77748336791993,218.0752040863037,-43.2518310546875,43.2518310546875,XGBoost,4
2025-07-01,Januvia,TER-06,161,94941.78,2,568.695,7,3,2025,1,0,123.0,138.0,170.0,137.33333333333334,14.011899704655724,8,5,135.68172,4,161,135.68172,95.80879364013671,187.50918045043946,25.318283081054688,25.318283081054688,XGBoost,4
2025-08-01,Januvia,TER-06,139,77345.2,4,563.04,8,3,2025,4,0,161.0,151.0,215.0,145.0,19.697715603592155,8,5,153.07487,4,139,153.07487,118.99046859741212,208.70158691406243,-14.074874877929688,14.074874877929688,XGBoost,4
2025-09-01,Januvia,TER-06,169,96850.49,4,568.75,9,3,2025,0,0,139.0,123.0,225.0,141.0,19.078784028338852,8,5,133.35652,4,169,133.35652,91.40301513671875,184.72037811279296,35.64347839355469,35.64347839355469,XGBoost,4
2025-10-01,Januvia,TER-06,184,106662.66,4,576.87,10,4,2025,2,0,169.0,161.0,138.0,156.33333333333334,15.534906930307988,8,5,172.59521,4,184,172.59521,135.99771003723146,224.4067378997802,11.40478515625,11.40478515625,XGBoost,4
2025-11-01,Januvia,TER-06,119,66050.2,4,554.4875,11,4,2025,5,0,184.0,139.0,151.0,164.0,22.912878474779152,8,5,166.86118,4,119,166.86118,124.41349639892579,224.57247886657714,-47.861175537109375,47.861175537109375,XGBoost,4
2025-12-01,Januvia,TER-06,130,78439.93,4,594.55,12,4,2025,0,0,119.0,169.0,123.0,157.33333333333334,34.0342964277702,8,5,172.77293,4,130,172.77293,130.1000015258789,218.00857696533203,-42.77293395996094,42.77293395996094,XGBoost,4
2025-05-01,Januvia,TER-07,177,105566.34,1,596.42,5,2,2025,3,0,152.0,184.0,126.0,181.66666666666663,28.57154761879957,8,6,155.1116,4,177,155.1116,113.16918029785157,206.83271827697754,21.888397216796875,21.888397216796875,XGBoost,4
2025-06-01,Januvia,TER-07,116,69207.13,4,594.4925000000001,6,2,2025,6,0,177.0,209.0,211.0,179.33333333333334,28.57154761879957,8,6,199.01898,4,116,199.01898,160.5434097290039,257.01147575378417,-83.01898193359375,83.01898193359375,XGBoost,4
2025-07-01,Januvia,TER-07,85,50138.44,3,586.4933333333333,7,3,2025,1,0,116.0,152.0,121.0,148.33333333333334,30.664855018951776,8,6,145.15108,4,85,145.15108,109.31998710632324,204.09405822753905,-60.15107727050781,60.15107727050781,XGBoost,4
2025-08-01,Januvia,TER-07,130,71253.45999999999,2,567.29,8,3,2025,4,0,85.0,177.0,184.0,126.0,46.80811895387379,8,6,141.25293,4,130,141.25293,103.7044448852539,194.3401456832885,-11.2529296875,11.2529296875,XGBoost,4
2025-09-01,Januvia,TER-07,197,117958.87,4,576.4575,9,3,2025,0,0,130.0,116.0,209.0,110.33333333333331,23.028967265887808,8,6,142.5369,4,197,142.5369,103.60047760009766,194.17897987365723,54.463104248046875,54.463104248046875,XGBoost,4
2025-10-01,Januvia,TER-07,167,96886.44,2,561.015,10,4,2025,2,0,197.0,85.0,152.0,137.33333333333334,56.35896852616566,8,6,142.70905,4,167,142.70905,100.00843048095703,193.96410293579098,24.29095458984375,24.29095458984375,XGBoost,4
2025-11-01,Januvia,TER-07,187,113698.53,3,622.15,11,4,2025,5,0,167.0,130.0,177.0,164.66666666666666,33.56088993655162,8,6,163.24274,4,187,163.24274,119.45663452148438,217.2533096313476,23.75726318359375,23.75726318359375,XGBoost,4
2025-12-01,Januvia,TER-07,126,75741.48,4,585.9825,12,4,2025,0,0,187.0,197.0,116.0,183.66666666666663,15.275252316519415,8,6,163.28984,4,126,163.28984,122.47709350585937,215.11730422973633,-37.28984069824219,37.28984069824219,XGBoost,4
2025-05-01,Januvia,TER-08,172,99438.04,2,578.05,5,2,2025,3,0,158.0,198.0,155.0,187.0,25.357444666211943,8,7,160.408,4,172,160.408,122.14289588928223,214.4482421875,11.591995239257812,11.591995239257812,XGBoost,4
2025-06-01,Januvia,TER-08,218,132356.74,2,614.355,6,2,2025,6,0,172.0,205.0,138.0,178.33333333333334,24.1315837303177,8,7,184.8116,4,218,184.8116,143.5596923828125,239.81531410217283,33.18840026855469,33.18840026855469,XGBoost,4
2025-07-01,Januvia,TER-08,173,98739.75,1,570.75,7,3,2025,1,0,218.0,158.0,192.0,182.66666666666663,31.39001964531616,8,7,148.30467,4,173,148.30467,113.09305953979492,202.2836456298828,24.695327758789062,24.695327758789062,XGBoost,4
2025-08-01,Januvia,TER-08,110,64725.61,3,565.3666666666667,8,3,2025,4,0,173.0,172.0,198.0,187.66666666666663,26.27419519858476,8,7,167.47475,4,110,167.47475,120.97582473754883,213.17764587402317,-57.47474670410156,57.47474670410156,XGBoost,4
2025-09-01,Januvia,TER-08,190,108648.67,2,559.155,9,3,2025,0,0,110.0,218.0,205.0,167.0,54.24942396007538,8,7,167.20486,4,190,167.20486,123.97386512756349,217.78310127258297,22.795135498046875,22.795135498046875,XGBoost,4
2025-10-01,Januvia,TER-08,211,124672.96,3,592.99,10,4,2025,2,0,190.0,173.0,158.0,157.66666666666666,42.1465696508427,8,7,148.0915,4,211,148.0915,107.26353988647462,209.7911636352539,62.90849304199219,62.90849304199219,XGBoost,4
2025-11-01,Januvia,TER-08,196,110738.04,1,564.99,11,4,2025,5,0,211.0,110.0,172.0,170.33333333333334,53.29477773040558,8,7,160.24884,4,196,160.24884,119.84171447753906,212.12630462646484,35.75115966796875,35.75115966796875,XGBoost,4
2025-12-01,Januvia,TER-08,216,130204.08,4,604.075,12,4,2025,0,0,196.0,190.0,218.0,199.0,10.816653826391988,8,7,159.88138,4,216,159.88138,113.6483856201172,207.08683586120603,56.118621826171875,56.118621826171875,XGBoost,4
2025-05-01,Januvia,TER-09,180,98661.59,4,550.37,5,2,2025,3,0,139.0,174.0,132.0,171.33333333333334,31.08590248542469,8,8,126.443565,4,180,126.443565,89.90232963562012,178.84771347045896,53.556434631347656,53.556434631347656,XGBoost,4
2025-06-01,Januvia,TER-09,217,124964.91,3,595.84,6,2,2025,6,0,180.0,201.0,195.0,173.33333333333334,31.53305144341937,8,8,184.26004,4,217,184.26004,151.24916076660156,234.8179763793945,32.739959716796875,32.739959716796875,XGBoost,4
2025-07-01,Januvia,TER-09,160,90240.0,1,564.0,7,3,2025,1,0,217.0,139.0,211.0,178.66666666666666,39.01709027251178,8,8,142.20605,4,160,142.20605,99.51758270263672,192.85081291198728,17.7939453125,17.7939453125,XGBoost,4
2025-08-01,Januvia,TER-09,150,89554.93000000001,4,593.4275,8,3,2025,4,0,160.0,180.0,174.0,185.66666666666663,28.9194283023253,8,8,170.69264,4,150,170.69264,132.7636276245117,217.8999042510986,-20.692642211914062,20.692642211914062,XGBoost,4
2025-09-01,Januvia,TER-09,192,106150.16,4,577.655,9,3,2025,0,0,150.0,217.0,201.0,175.66666666666666,36.14323357605589,8,8,165.47908,4,192,165.47908,126.89439468383789,216.8231315612793,26.520919799804688,26.520919799804688,XGBoost,4
2025-10-01,Januvia,TER-09,204,113162.6,3,567.2033333333334,10,4,2025,2,0,192.0,160.0,139.0,167.33333333333334,21.93931022920577,8,8,148.17809,4,204,148.17809,114.1811996459961,201.66203002929686,55.82191467285156,55.82191467285156,XGBoost,4
2025-11-01,Januvia,TER-09,112,71675.52,1,639.96,11,4,2025,5,0,204.0,150.0,180.0,182.0,28.354893757515644,8,8,174.39145,4,112,174.39145,131.94697036743165,224.41642723083496,-62.391448974609375,62.391448974609375,XGBoost,4
2025-12-01,Januvia,TER-09,166,102568.08,1,617.88,12,4,2025,0,0,112.0,192.0,217.0,169.33333333333334,50.01333155602947,8,8,154.04912,4,166,154.04912,120.00518417358398,205.96193733215327,11.950881958007812,11.950881958007812,XGBoost,4
2025-05-01,Januvia,TER-10,186,104834.99,4,583.9425,5,2,2025,3,0,236.0,179.0,145.0,233.0,52.5642464038057,8,9,186.81628,4,186,186.81628,145.0300308227539,240.87521667480468,-0.8162841796875,0.8162841796875,XGBoost,4
2025-06-01,Januvia,TER-10,185,108540.33,2,601.05,6,2,2025,6,0,186.0,284.0,213.0,235.33333333333331,49.00340124249881,8,9,225.88182,4,185,225.88182,187.6272964477539,277.77657318115234,-40.88182067871094,40.88182067871094,XGBoost,4
2025-07-01,Januvia,TER-10,155,87649.4,1,565.48,7,3,2025,1,0,185.0,236.0,191.0,202.33333333333331,29.160475533388244,8,9,177.64151,4,155,177.64151,138.95310134887694,234.81031951904293,-22.641510009765625,22.641510009765625,XGBoost,4
2025-08-01,Januvia,TER-10,151,87430.18,4,575.7075,8,3,2025,4,0,155.0,186.0,179.0,175.33333333333334,17.616280348965123,8,9,171.15958,4,151,171.15958,137.24900588989257,230.71220207214355,-20.159576416015625,20.159576416015625,XGBoost,4
2025-09-01,Januvia,TER-10,221,139241.05,1,630.05,9,3,2025,0,0,151.0,185.0,284.0,163.66666666666666,18.583146486355176,8,9,145.7335,4,221,145.7335,101.94189567565918,198.24638023376457,75.26649475097656,75.26649475097656,XGBoost,4
2025-10-01,Januvia,TER-10,184,115436.08,1,627.37,10,4,2025,2,0,221.0,155.0,236.0,175.66666666666666,39.31072796748153,8,9,166.19339,4,184,166.19339,130.57509994506836,219.81660461425776,17.806610107421875,17.806610107421875,XGBoost,4
2025-11-01,Januvia,TER-10,231,130640.91,3,558.1066666666667,11,4,2025,5,0,184.0,151.0,186.0,185.33333333333331,35.01904243884083,8,9,188.49248,4,231,188.49248,152.45280075073242,243.54776802062986,42.50752258300781,42.50752258300781,XGBoost,4
2025-12-01,Januvia,TER-10,191,106846.85,3,551.2333333333333,12,4,2025,0,0,231.0,221.0,185.0,212.0,24.75883680627992,8,9,139.89696,4,191,139.89696,99.95841751098632,197.97201347351074,51.10304260253906,51.10304260253906,XGBoost,4
2025-05-01,Januvia,TER-11,144,76853.20999999999,3,531.2333333333333,5,2,2025,3,0,233.0,184.0,132.0,198.0,30.512292604784715,8,10,160.58441,4,144,160.58441,118.69579315185547,213.629479598999,-16.58441162109375,16.58441162109375,XGBoost,4
2025-06-01,Januvia,TER-11,154,87558.69,3,567.1666666666666,6,2,2025,6,0,144.0,177.0,195.0,184.66666666666663,44.992591982829055,8,10,207.54303,4,154,207.54303,164.10271606445312,264.48238830566396,-53.54302978515625,53.54302978515625,XGBoost,4
2025-07-01,Januvia,TER-11,142,81861.05,4,576.5175,7,3,2025,1,0,154.0,233.0,169.0,177.0,48.75448697299562,8,10,156.35213,4,142,156.35213,116.00205917358399,210.86453399658203,-14.352127075195312,14.352127075195312,XGBoost,4
2025-08-01,Januvia,TER-11,134,81115.56,1,605.34,8,3,2025,4,0,142.0,144.0,184.0,146.66666666666666,6.429100507328634,8,10,180.27625,4,134,180.27625,138.37032318115234,234.27585887908933,-46.2762451171875,46.2762451171875,XGBoost,4
2025-09-01,Januvia,TER-11,124,74338.78,2,602.5699999999999,9,3,2025,0,0,134.0,154.0,177.0,143.33333333333334,10.066445913694336,8,10,173.21756,4,124,173.21756,127.52183990478515,225.1303802490234,-49.217559814453125,49.217559814453125,XGBoost,4
2025-10-01,Januvia,TER-11,212,117236.42,4,572.105,10,4,2025,2,0,124.0,142.0,233.0,133.33333333333334,9.0184995056458,8,10,168.95663,4,212,168.95663,126.93887252807617,218.7761474609374,43.043365478515625,43.043365478515625,XGBoost,4
2025-11-01,Januvia,TER-11,229,134988.32,4,598.8,11,4,2025,5,0,212.0,134.0,144.0,156.66666666666666,48.180217240412425,8,10,165.95824,4,229,165.95824,121.59302978515625,213.70466232299802,63.04176330566406,63.04176330566406,XGBoost,4
2025-12-01,Januvia,TER-11,241,145571.23,1,604.03,12,4,2025,0,0,229.0,124.0,154.0,188.33333333333331,56.35896852616568,8,10,129.23196,4,241,129.23196,89.78678359985352,182.26778488159178,111.76803588867188,111.76803588867188,XGBoost,4
2025-05-01,Januvia,TER-12,134,76089.68000000001,3,568.9166666666666,5,2,2025,3,0,108.0,167.0,143.0,178.66666666666666,77.16432681837723,8,11,144.75406,4,134,144.75406,105.90827941894531,202.54072761535636,-10.754058837890625,10.754058837890625,XGBoost,4
2025-06-01,Januvia,TER-12,190,95811.3,1,504.27,6,2,2025,6,0,134.0,261.0,235.0,167.66666666666666,81.8677795798404,8,11,199.79015,4,190,199.79015,158.14905586242676,254.84077301025383,-9.790145874023438,9.790145874023438,XGBoost,4
2025-07-01,Januvia,TER-12,166,97378.82,2,609.02,7,3,2025,1,0,190.0,108.0,118.0,144.0,41.90465367951391,8,11,126.25564,4,166,126.25564,79.75671615600587,183.60037460327146,39.744361877441406,39.744361877441406,XGBoost,4
2025-08-01,Januvia,TER-12,137,80669.81,4,587.5775,8,3,2025,4,0,166.0,134.0,167.0,163.33333333333334,28.09507667427394,8,11,155.53735,4,137,155.53735,114.72460632324218,208.46293220520013,-18.537353515625,18.537353515625,XGBoost,4
2025-09-01,Januvia,TER-12,140,81229.0,4,589.88,9,3,2025,0,0,137.0,190.0,261.0,164.33333333333334,26.53927906581736,8,11,157.35849,4,140,157.35849,114.91401138305665,210.3508377075195,-17.358489990234375,17.358489990234375,XGBoost,4
2025-10-01,Januvia,TER-12,123,67688.13,1,550.31,10,4,2025,2,0,140.0,166.0,108.0,147.66666666666666,15.947831618540867,8,11,144.42737,4,123,144.42737,105.51232070922852,191.14867172241208,-21.4273681640625,21.4273681640625,XGBoost,4
2025-11-01,Januvia,TER-12,144,82240.26,4,563.8075,11,4,2025,5,0,123.0,137.0,134.0,133.33333333333334,9.073771725877378,8,11,166.2212,4,144,166.2212,122.42069549560547,220.66228103637692,-22.221206665039062,22.221206665039062,XGBoost,4
2025-12-01,Januvia,TER-12,230,135119.64,4,559.39,12,4,2025,0,0,144.0,140.0,190.0,135.66666666666666,11.15048578911842,8,11,154.65378,4,230,154.65378,123.04800415039062,208.2151714324951,75.34622192382812,75.34622192382812,XGBoost,4
2025-05-01,Januvia,TER-13,152,88938.41,3,578.2066666666666,5,2,2025,3,0,207.0,197.0,152.0,180.0,38.43175770115127,8,12,166.3774,4,152,166.3774,127.71739692687989,220.79554138183593,-14.377395629882812,14.377395629882812,XGBoost,4
2025-06-01,Januvia,TER-13,193,108898.68,3,571.5033333333333,6,2,2025,6,0,152.0,136.0,167.0,165.0,37.242448899072144,8,12,173.6064,4,193,173.6064,133.3294250488281,228.39125061035153,19.393600463867188,19.393600463867188,XGBoost,4
2025-07-01,Januvia,TER-13,134,73409.98,2,545.72,7,3,2025,1,0,193.0,207.0,125.0,184.0,28.583211855912904,8,12,129.64166,4,134,129.64166,89.75925674438477,185.30881156921376,4.35833740234375,4.35833740234375,XGBoost,4
2025-08-01,Januvia,TER-13,125,72485.0,1,579.88,8,3,2025,4,0,134.0,152.0,197.0,159.66666666666666,30.237945256470937,8,12,169.11108,4,125,169.11108,127.15807800292968,223.11582260131834,-44.111083984375,44.111083984375,XGBoost,4
2025-09-01,Januvia,TER-13,136,85634.39,3,607.9066666666666,9,3,2025,0,0,125.0,193.0,136.0,150.66666666666666,36.93688310257558,8,12,155.47958,4,136,155.47958,113.6126319885254,207.90099792480464,-19.479583740234375,19.479583740234375,XGBoost,4
2025-10-01,Januvia,TER-13,207,128586.9,2,614.355,10,4,2025,2,0,136.0,134.0,207.0,131.66666666666666,5.85946527708226,8,12,154.90042,4,207,154.90042,121.82168045043946,203.23948364257808,52.099578857421875,52.099578857421875,XGBoost,4
2025-11-01,Januvia,TER-13,158,87974.56,3,556.7066666666666,11,4,2025,5,0,207.0,125.0,152.0,156.0,44.50842616853576,8,12,167.19894,4,158,167.19894,125.62117004394531,223.23054294586174,-9.198944091796875,9.198944091796875,XGBoost,4
2025-12-01,Januvia,TER-13,183,109286.53,4,598.8125,12,4,2025,0,0,158.0,136.0,193.0,167.0,36.34556369077249,8,12,146.4447,4,183,146.4447,101.64521255493165,200.44369125366208,36.5552978515625,36.5552978515625,XGBoost,4
2025-05-01,Januvia,TER-14,129,69203.54000000001,2,557.97,5,2,2025,3,0,137.0,186.0,88.0,158.66666666666666,24.98666310921353,8,13,107.11214,4,129,107.11214,63.90653762817383,158.4561882019043,21.887863159179688,21.887863159179688,XGBoost,4
2025-06-01,Januvia,TER-14,128,77109.36,2,589.24,6,2,2025,6,0,129.0,153.0,117.0,139.66666666666666,12.220201853215524,8,13,144.28604,4,128,144.28604,108.2439178466797,204.15845565795897,-16.286041259765625,16.286041259765625,XGBoost,4
2025-07-01,Januvia,TER-14,110,68368.3,1,621.53,7,3,2025,1,0,128.0,137.0,100.0,131.33333333333334,4.932882862316117,8,13,90.92458,4,110,90.92458,50.57451553344727,138.65762939453123,19.075416564941406,19.075416564941406,XGBoost,4
2025-08-01,Januvia,TER-14,149,80925.25,3,565.6833333333334,8,3,2025,4,0,110.0,129.0,186.0,122.33333333333331,10.692676621563566,8,13,144.99223,4,149,144.99223,104.64641265869142,194.38694686889647,4.0077667236328125,4.0077667236328125,XGBoost,4
2025-09-01,Januvia,TER-14,201,114573.64,2,615.14,9,3,2025,0,0,149.0,128.0,153.0,129.0,19.5192212959431,8,13,117.762985,4,201,117.762985,70.9095687866211,162.3881378173828,83.23701477050781,83.23701477050781,XGBoost,4
2025-10-01,Januvia,TER-14,143,73895.25,1,516.75,10,4,2025,2,0,201.0,110.0,137.0,153.33333333333334,45.65449959569519,8,13,143.90572,4,143,143.90572,98.72222137451172,199.58354721069327,-0.9057159423828125,0.9057159423828125,XGBoost,4
2025-11-01,Januvia,TER-14,113,65483.3,2,561.475,11,4,2025,5,0,143.0,149.0,129.0,164.33333333333334,31.8956632370818,8,13,147.22005,4,113,147.22005,112.04696540832519,201.76777191162105,-34.22004699707031,34.22004699707031,XGBoost,4
2025-12-01,Januvia,TER-14,102,59593.14,2,572.99,12,4,2025,0,0,113.0,201.0,128.0,152.33333333333334,44.736264186153626,8,13,145.79079,4,102,145.79079,102.66195411682129,193.07805137634276,-43.79078674316406,43.79078674316406,XGBoost,4
2025-05-01,Januvia,TER-15,196,119312.26,3,581.2233333333334,5,2,2025,3,0,122.0,108.0,112.0,144.33333333333334,51.2867754234299,8,14,121.3824,4,196,121.3824,82.58594360351563,175.76231288909912,74.61759948730469,74.61759948730469,XGBoost,4
2025-06-01,Januvia,TER-15,148,79511.42,4,547.4649999999999,6,2,2025,6,0,196.0,203.0,165.0,173.66666666666666,44.881324995295465,8,14,167.81804,4,148,167.81804,125.82315444946289,221.18645477294922,-19.818038940429688,19.818038940429688,XGBoost,4
2025-07-01,Januvia,TER-15,124,67343.16,1,543.09,7,3,2025,1,0,148.0,122.0,124.0,155.33333333333334,37.5410886008029,8,14,133.81099,4,124,133.81099,97.76939468383789,185.0048568725586,-9.810989379882812,9.810989379882812,XGBoost,4
2025-08-01,Januvia,TER-15,89,51117.51,2,575.04,8,3,2025,4,0,124.0,196.0,108.0,156.0,36.66060555964672,8,14,139.84898,4,89,139.84898,104.2357021331787,191.69126167297352,-50.84898376464844,50.84898376464844,XGBoost,4
2025-09-01,Januvia,TER-15,121,71239.03,4,569.48,9,3,2025,0,0,89.0,148.0,203.0,120.33333333333331,29.67041174863155,8,14,146.77563,4,121,146.77563,99.10920715332031,200.57591247558594,-25.775634765625,25.775634765625,XGBoost,4
2025-10-01,Januvia,TER-15,99,56167.8,3,581.36,10,4,2025,2,0,121.0,124.0,122.0,111.33333333333331,19.399312702601943,8,14,129.16661,4,99,129.16661,89.72060546875,181.35565490722655,-30.166610717773438,30.166610717773438,XGBoost,4
2025-11-01,Januvia,TER-15,144,81066.69,2,571.375,11,4,2025,5,0,99.0,89.0,196.0,103.0,16.370705543744894,8,14,155.12265,4,144,155.12265,107.87142944335938,210.0148254394531,-11.122650146484375,11.122650146484375,XGBoost,4
2025-12-01,Januvia,TER-15,171,101605.53,3,590.6333333333333,12,4,2025,0,0,144.0,121.0,148.0,121.33333333333331,22.501851775650227,8,14,126.75618,4,171,126.75618,91.07285079956056,184.43090400695797,44.24382019042969,44.24382019042969,XGBoost,4
2025-05-01,Januvia,TER-16,171,87968.27,2,561.78,5,2,2025,3,0,208.0,192.0,194.0,190.0,19.07878402833887,8,15,147.0724,4,171,147.0724,101.23292388916016,198.89308166503906,23.927597045898438,23.927597045898438,XGBoost,4
2025-06-01,Januvia,TER-16,164,95507.67,3,563.4966666666666,6,2,2025,6,0,171.0,170.0,126.0,183.0,21.656407827707675,8,15,196.154,4,164,196.154,156.19863586425782,254.49164123535152,-32.15400695800781,32.15400695800781,XGBoost,4
2025-07-01,Januvia,TER-16,102,62321.23,3,598.3133333333334,7,3,2025,1,0,164.0,208.0,159.0,181.0,23.643180835073743,8,15,148.41862,4,102,148.41862,105.18000793457031,193.10836067199705,-46.41862487792969,46.41862487792969,XGBoost,4
2025-08-01,Januvia,TER-16,115,65773.24,4,558.86,8,3,2025,4,0,102.0,171.0,192.0,145.66666666666666,37.97806384392616,8,15,150.79167,4,115,150.79167,109.99617156982421,208.58456573486328,-35.79167175292969,35.79167175292969,XGBoost,4
2025-09-01,Januvia,TER-16,129,75551.43,1,585.67,9,3,2025,0,0,115.0,164.0,170.0,127.0,32.6955654485436,8,15,141.72328,4,129,141.72328,106.56062316894531,191.422412109375,-12.723281860351562,12.723281860351562,XGBoost,4
2025-10-01,Januvia,TER-16,191,109147.74,2,561.39,10,4,2025,2,0,129.0,102.0,208.0,115.33333333333331,13.503086067019312,8,15,126.560425,4,191,126.560425,93.77969589233399,174.91299438476562,64.4395751953125,64.4395751953125,XGBoost,4
2025-11-01,Januvia,TER-16,170,95760.65,2,562.075,11,4,2025,5,0,191.0,115.0,171.0,145.0,40.44749683231334,8,15,155.90637,4,170,155.90637,112.6122386932373,213.91066665649413,14.0936279296875,14.0936279296875,XGBoost,4
2025-12-01,Januvia,TER-16,227,136978.91,2,600.0,12,4,2025,0,0,170.0,129.0,164.0,163.33333333333334,31.533051443419343,8,15,144.88544,4,227,144.88544,98.9000961303711,194.27423572540275,82.11456298828125,82.11456298828125,XGBoost,4
2025-05-01,Januvia,TER-17,130,75965.85,4,596.8100000000001,5,2,2025,3,0,147.0,160.0,118.0,147.66666666666666,12.013880860626792,8,16,138.05255,4,130,138.05255,96.0619010925293,192.03986358642578,-8.05255126953125,8.05255126953125,XGBoost,4
2025-06-01,Januvia,TER-17,175,96010.12,4,569.285,6,2,2025,6,0,130.0,136.0,168.0,137.66666666666666,8.621678104251785,8,16,163.32672,4,175,163.32672,129.86324615478514,218.39098701477047,11.67327880859375,11.67327880859375,XGBoost,4
2025-07-01,Januvia,TER-17,122,73160.40000000001,2,599.36,7,3,2025,1,0,175.0,147.0,185.0,150.66666666666666,22.72296928953905,8,16,133.3514,4,122,133.3514,97.231689453125,184.57548217773436,-11.351394653320312,11.351394653320312,XGBoost,4
2025-08-01,Januvia,TER-17,104,52045.9,2,541.725,8,3,2025,4,0,122.0,130.0,160.0,142.33333333333334,28.571547618799634,8,16,112.10879,4,104,112.10879,65.61109924316406,163.9925327301024,-8.108787536621094,8.108787536621094,XGBoost,4
2025-09-01,Januvia,TER-17,148,82696.72,4,574.815,9,3,2025,0,0,104.0,175.0,136.0,133.66666666666666,36.90979996333406,8,16,137.34758,4,148,137.34758,100.04992332458497,192.6690595626831,10.652420043945312,10.652420043945312,XGBoost,4
2025-10-01,Januvia,TER-17,140,80384.31999999999,4,581.4975,10,4,2025,2,0,148.0,122.0,147.0,124.66666666666669,22.120880030716105,8,16,139.56743,4,140,139.56743,93.07192993164062,193.54681892395018,0.4325714111328125,0.4325714111328125,XGBoost,4
2025-11-01,Januvia,TER-17,97,57465.71,1,592.43,11,4,2025,5,0,140.0,104.0,130.0,130.66666666666666,23.43786110832929,8,16,135.92136,4,97,135.92136,98.19380416870118,185.8646354675292,-38.921356201171875,38.921356201171875,XGBoost,4
2025-12-01,Januvia,TER-17,161,96934.88,1,602.08,12,4,2025,0,0,97.0,148.0,175.0,128.33333333333334,27.428695436227645,8,16,124.33963,4,161,124.33963,76.36320114135742,170.05860519409174,36.660369873046875,36.660369873046875,XGBoost,4
2025-05-01,Januvia,TER-18,170,96393.42,2,569.835,5,2,2025,3,0,161.0,201.0,137.0,188.0,23.388031127053026,8,17,131.79744,4,170,131.79744,90.92363510131837,181.06594848632812,38.20256042480469,38.20256042480469,XGBoost,4
2025-06-01,Januvia,TER-18,98,58595.69,4,590.6975,6,2,2025,6,0,170.0,202.0,151.0,177.66666666666666,21.548395145192003,8,17,174.2917,4,98,174.2917,136.9859619140625,227.77564697265623,-76.29170227050781,76.29170227050781,XGBoost,4
2025-07-01,Januvia,TER-18,135,76766.7,2,570.7149999999999,7,3,2025,1,0,98.0,161.0,199.0,143.0,39.23009049186607,8,17,118.90997,4,135,118.90997,74.55605850219726,174.43260803222645,16.09002685546875,16.09002685546875,XGBoost,4
2025-08-01,Januvia,TER-18,96,54875.52,1,571.62,8,3,2025,4,0,135.0,170.0,201.0,134.33333333333334,36.00462933198083,8,17,135.05522,4,96,135.05522,96.46416130065919,186.27452545166014,-39.05522155761719,39.05522155761719,XGBoost,4
2025-09-01,Januvia,TER-18,146,88502.28,1,606.18,9,3,2025,0,0,96.0,98.0,202.0,109.66666666666669,21.962088546705544,8,17,118.96685,4,146,118.96685,82.4122703552246,182.56473388671873,27.03314971923828,27.03314971923828,XGBoost,4
2025-10-01,Januvia,TER-18,104,54959.76,2,533.02,10,4,2025,2,0,146.0,135.0,161.0,125.66666666666669,26.274195198584767,8,17,131.6307,4,104,131.6307,87.45738410949707,184.1405185699462,-27.630706787109375,27.630706787109375,XGBoost,4
2025-11-01,Januvia,TER-18,137,80643.26999999999,3,582.3966666666666,11,4,2025,5,0,104.0,96.0,170.0,115.33333333333331,26.857649437978274,8,17,129.6716,4,137,129.6716,89.38995056152343,180.44298820495604,7.328399658203125,7.328399658203125,XGBoost,4
2025-12-01,Januvia,TER-18,196,113829.68,2,554.345,12,4,2025,0,0,137.0,146.0,98.0,129.0,22.113344387496014,8,17,132.50174,4,196,132.50174,96.81739349365235,189.31790847778316,63.498260498046875,63.498260498046875,XGBoost,4
2025-05-01,Januvia,TER-19,149,85531.96,1,574.04,5,2,2025,3,0,128.0,176.0,149.0,159.0,26.888659319497517,8,18,122.78318,4,149,122.78318,75.87035064697265,176.79009132385252,26.216819763183594,26.216819763183594,XGBoost,4
2025-06-01,Januvia,TER-19,191,111167.78,3,581.8966666666666,6,2,2025,6,0,149.0,173.0,94.0,150.0,22.516660498395414,8,18,140.95116,4,191,140.95116,106.35409965515137,199.4571914672851,50.04884338378906,50.04884338378906,XGBoost,4
2025-07-01,Januvia,TER-19,105,59989.33,4,567.67,7,3,2025,1,0,191.0,128.0,107.0,156.0,32.07802986469089,8,18,131.0003,4,105,131.0003,93.2734275817871,182.64692459106445,-26.00030517578125,26.00030517578125,XGBoost,4
2025-08-01,Januvia,TER-19,103,54944.32,1,533.44,8,3,2025,4,0,105.0,149.0,176.0,148.33333333333334,43.00387579432038,8,18,119.05991,4,103,119.05991,75.77412567138673,171.44829559326172,-16.059913635253906,16.059913635253906,XGBoost,4
2025-09-01,Januvia,TER-19,167,95269.28,3,570.2033333333334,9,3,2025,0,0,103.0,191.0,173.0,133.0,50.23942674832189,8,18,120.269005,4,167,120.269005,73.57901535034179,172.65738677978516,46.730995178222656,46.730995178222656,XGBoost,4
2025-10-01,Januvia,TER-19,112,66756.62,2,595.0250000000001,10,4,2025,2,0,167.0,105.0,128.0,125.0,36.386810797320514,8,18,125.43891,4,112,125.43891,89.80385398864746,181.2007637023924,-13.438911437988281,13.438911437988281,XGBoost,4
2025-11-01,Januvia,TER-19,176,97748.64,1,555.39,11,4,2025,5,0,112.0,103.0,149.0,127.33333333333331,34.64582706955246,8,18,133.57611,4,176,133.57611,92.34388275146485,190.38747253417964,42.42388916015625,42.42388916015625,XGBoost,4
2025-12-01,Januvia,TER-19,104,61779.02,2,584.935,12,4,2025,0,0,176.0,167.0,191.0,151.66666666666666,34.64582706955247,8,18,129.17885,4,104,129.17885,86.54129028320312,180.91605072021483,-25.178848266601562,25.178848266601562,XGBoost,4
2025-05-01,Januvia,TER-20,154,95073.32,4,605.54,5,2,2025,3,0,160.0,136.0,166.0,148.0,12.000000000000009,8,19,126.603874,4,154,126.603874,87.94387550354004,186.54626541137688,27.39612579345703,27.39612579345703,XGBoost,4
2025-06-01,Januvia,TER-20,173,95152.51,2,561.845,6,2,2025,6,0,154.0,148.0,90.0,154.0,6.000000000000019,8,19,137.68182,4,173,137.68182,98.30271530151367,192.73711433410642,35.31817626953125,35.31817626953125,XGBoost,4
2025-07-01,Januvia,TER-20,102,62378.69,3,603.2966666666666,7,3,2025,1,0,173.0,160.0,163.0,162.33333333333334,9.712534856222318,8,19,133.09581,4,102,133.09581,97.17917251586914,185.00862922668452,-31.095809936523438,31.095809936523438,XGBoost,4
2025-08-01,Januvia,TER-20,72,40738.41,3,585.34,8,3,2025,4,0,102.0,154.0,136.0,143.0,36.75595189897822,8,19,128.10785,4,72,128.10785,85.752978515625,177.81617736816406,-56.10784912109375,56.10784912109375,XGBoost,4
2025-09-01,Januvia,TER-20,118,68596.58,4,574.28,9,3,2025,0,0,72.0,173.0,148.0,115.66666666666669,51.8684232778801,8,19,121.75744,4,118,121.75744,81.73123626708984,175.7570524215698,-3.7574386596679688,3.7574386596679688,XGBoost,4
2025-10-01,Januvia,TER-20,177,103955.76,3,591.7966666666666,10,4,2025,2,0,118.0,102.0,160.0,97.33333333333331,23.35237318418268,8,19,104.291916,4,177,104.291916,63.82812080383301,155.6286457061767,72.70808410644531,72.70808410644531,XGBoost,4
2025-11-01,Januvia,TER-20,109,64379.76,1,590.64,11,4,2025,5,0,177.0,72.0,154.0,122.33333333333331,52.63395608666837,8,19,146.67522,4,109,146.67522,103.91332778930663,201.44331741333008,-37.67521667480469,37.67521667480469,XGBoost,4
2025-12-01,Januvia,TER-20,184,107562.75,2,567.2850000000001,12,4,2025,0,0,109.0,118.0,173.0,134.66666666666666,36.93688310257559,8,19,111.89526,4,184,111.89526,66.05433044433593,164.693168258667,72.104736328125,72.104736328125,XGBoost,4
2025-05-01,Keytruda,TER-01,26,216135.86,2,8285.994999999999,5,2,2025,3,0,34.0,30.0,28.0,32.666666666666664,2.309401076758522,9,0,27.021404,4,26,27.021404,0.0,84.35294723510742,-1.0214042663574219,1.0214042663574219,XGBoost,4
2025-06-01,Keytruda,TER-01,34,315613.52,2,9026.14,6,2,2025,6,0,26.0,34.0,46.0,31.33333333333333,4.618802153517016,9,0,34.429882,4,34,34.429882,0.0,88.42887115478514,-0.4298820495605469,0.4298820495605469,XGBoost,4
2025-07-01,Keytruda,TER-01,27,215342.06,3,8062.63,7,3,2025,1,0,34.0,34.0,45.0,31.33333333333333,4.618802153517016,9,0,27.667433,4,27,27.667433,0.0,80.11935386657713,-0.6674327850341797,0.6674327850341797,XGBoost,4
2025-08-01,Keytruda,TER-01,29,256237.66,3,8556.343333333332,8,3,2025,4,0,27.0,26.0,30.0,29.0,4.358898943540684,9,0,28.056305,4,29,28.056305,0.0,75.78068237304684,0.943695068359375,0.943695068359375,XGBoost,4
2025-09-01,Keytruda,TER-01,34,295265.37,3,8507.216666666667,9,3,2025,0,0,29.0,34.0,34.0,30.0,3.605551275464001,9,0,34.47484,4,34,34.47484,0.0,92.96891632080074,-0.4748382568359375,0.4748382568359375,XGBoost,4
2025-10-01,Keytruda,TER-01,34,280473.62,2,8211.96,10,4,2025,2,0,34.0,27.0,34.0,30.0,3.605551275464001,9,0,32.877197,4,34,32.877197,0.0,88.5368461608886,1.122802734375,1.122802734375,XGBoost,4
2025-11-01,Keytruda,TER-01,40,347300.28,3,8579.576666666666,11,4,2025,5,0,34.0,29.0,26.0,32.333333333333336,2.886751345948143,9,0,32.48897,4,40,32.48897,0.0,92.24417877197261,7.511028289794922,7.511028289794922,XGBoost,4
2025-12-01,Keytruda,TER-01,44,363209.56,3,8334.143333333333,12,4,2025,0,0,40.0,34.0,34.0,36.0,3.464101615137765,9,0,35.201687,4,44,35.201687,0.0,92.59926681518553,8.79831314086914,8.79831314086914,XGBoost,4
2025-05-01,Keytruda,TER-02,29,243277.14,4,8472.6725,5,2,2025,3,0,45.0,28.0,27.0,37.0,8.544003745317529,9,1,28.283113,4,29,28.283113,0.0,79.50205497741698,0.7168865203857422,0.7168865203857422,XGBoost,4
2025-06-01,Keytruda,TER-02,41,326649.72,3,8181.736666666667,6,2,2025,6,0,29.0,38.0,37.0,37.333333333333336,8.02080627701064,9,1,34.30283,4,41,34.30283,0.3862529754638683,91.34075927734374,6.697170257568359,6.697170257568359,XGBoost,4
2025-07-01,Keytruda,TER-02,33,289790.79000000004,3,8727.196666666667,7,3,2025,1,0,41.0,45.0,36.0,38.333333333333336,8.326663997864529,9,1,30.73014,4,33,30.73014,0.0,80.8662040710449,2.2698593139648438,2.2698593139648438,XGBoost,4
2025-08-01,Keytruda,TER-02,26,222183.05,4,8604.835,8,3,2025,4,0,33.0,29.0,28.0,34.333333333333336,6.110100926607784,9,1,24.414793,4,26,24.414793,0.0,76.86541671752929,1.5852069854736328,1.5852069854736328,XGBoost,4
2025-09-01,Keytruda,TER-02,41,376116.98,2,8818.975,9,3,2025,0,0,26.0,41.0,38.0,33.333333333333336,7.505553499465133,9,1,35.159657,4,41,35.159657,0.0,90.39861679077147,5.840343475341797,5.840343475341797,XGBoost,4
2025-10-01,Keytruda,TER-02,31,260726.61,2,8261.085000000001,10,4,2025,2,0,41.0,33.0,45.0,33.333333333333336,7.505553499465133,9,1,35.163357,4,31,35.163357,0.0,85.23514938354492,-4.163356781005859,4.163356781005859,XGBoost,4
2025-11-01,Keytruda,TER-02,42,356385.54,1,8485.37,11,4,2025,5,0,31.0,26.0,29.0,32.666666666666664,7.637626158259731,9,1,34.89185,4,42,34.89185,0.0,78.36018829345701,7.108150482177734,7.108150482177734,XGBoost,4
2025-12-01,Keytruda,TER-02,46,364052.8,3,8356.343333333332,12,4,2025,0,0,42.0,41.0,41.0,38.0,6.082762530298218,9,1,34.69057,4,46,34.69057,0.0,85.94109306335447,11.309429168701172,11.309429168701172,XGBoost,4
2025-05-01,Keytruda,TER-03,40,347365.64,2,8754.34,5,2,2025,3,0,33.0,27.0,25.0,35.333333333333336,9.712534856222309,9,2,27.798134,4,40,27.798134,0.0,83.16325378417962,12.201866149902344,12.201866149902344,XGBoost,4
2025-06-01,Keytruda,TER-03,27,220791.53,3,8309.183333333332,6,2,2025,6,0,40.0,46.0,26.0,39.66666666666666,6.506407098647708,9,2,35.484673,4,27,35.484673,0.0,81.25794677734366,-8.484672546386719,8.484672546386719,XGBoost,4
2025-07-01,Keytruda,TER-03,27,212342.71,3,7952.873333333333,7,3,2025,1,0,27.0,33.0,32.0,33.333333333333336,6.506407098647708,9,2,26.178665,4,27,26.178665,0.0,76.97165107727048,0.8213348388671875,0.8213348388671875,XGBoost,4
2025-08-01,Keytruda,TER-03,25,222512.13,4,8376.9725,8,3,2025,4,0,27.0,40.0,27.0,31.33333333333333,7.505553499465131,9,2,25.752851,4,25,25.752851,0.0,78.38021564483634,-0.7528514862060547,0.7528514862060547,XGBoost,4
2025-09-01,Keytruda,TER-03,23,187052.15,2,8097.79,9,3,2025,0,0,25.0,27.0,46.0,26.33333333333333,1.1547005383792233,9,2,28.031166,4,23,28.031166,0.0,80.63830680847161,-5.031166076660156,5.031166076660156,XGBoost,4
2025-10-01,Keytruda,TER-03,40,349797.79000000004,2,8732.805,10,4,2025,2,0,23.0,27.0,33.0,25.0,1.999999999999984,9,2,27.229073,4,40,27.229073,0.0,78.59506912231443,12.770927429199219,12.770927429199219,XGBoost,4
2025-11-01,Keytruda,TER-03,35,287259.13,4,8371.355,11,4,2025,5,0,40.0,25.0,40.0,29.33333333333333,9.291573243177568,9,2,34.736343,4,35,34.736343,0.0,92.44648704528807,0.2636566162109375,0.2636566162109375,XGBoost,4
2025-12-01,Keytruda,TER-03,40,351544.9,2,8868.09,12,4,2025,0,0,35.0,23.0,27.0,32.666666666666664,8.736894948054102,9,2,30.757904,4,40,30.757904,0.0,82.0690879821777,9.242095947265625,9.242095947265625,XGBoost,4
2025-05-01,Keytruda,TER-04,24,199661.82,3,8264.49,5,2,2025,3,0,30.0,41.0,17.0,31.666666666666668,8.621678104251709,9,3,27.21936,4,24,27.21936,0.0,79.59420509338379,-3.2193603515625,3.2193603515625,XGBoost,4
2025-06-01,Keytruda,TER-04,31,260365.38,2,8424.93,6,2,2025,6,0,24.0,24.0,30.0,26.0,3.4641016151377566,9,3,27.950684,4,31,27.950684,0.0,81.49950408935547,3.04931640625,3.04931640625,XGBoost,4
2025-07-01,Keytruda,TER-04,31,253814.14,3,8530.783333333333,7,3,2025,1,0,31.0,30.0,38.0,28.33333333333333,3.7859388972001846,9,3,23.092884,4,31,23.092884,0.0,74.31206130981445,7.907115936279297,7.907115936279297,XGBoost,4
2025-08-01,Keytruda,TER-04,24,210332.08,2,8728.67,8,3,2025,4,0,31.0,24.0,41.0,28.666666666666668,4.041451884327382,9,3,26.638933,4,24,26.638933,0.0,78.54111480712888,-2.6389331817626953,2.6389331817626953,XGBoost,4
2025-09-01,Keytruda,TER-04,22,183072.6,2,8492.0,9,3,2025,0,0,24.0,31.0,24.0,28.666666666666668,4.041451884327382,9,3,30.844814,4,22,30.844814,0.0,86.07485580444336,-8.84481430053711,8.84481430053711,XGBoost,4
2025-10-01,Keytruda,TER-04,21,183302.12,2,8830.535,10,4,2025,2,0,22.0,31.0,30.0,25.666666666666668,4.7258156262526105,9,3,27.755192,4,21,27.755192,0.0,70.05556030273436,-6.755191802978516,6.755191802978516,XGBoost,4
2025-11-01,Keytruda,TER-04,25,225628.25,1,9025.13,11,4,2025,5,0,21.0,24.0,24.0,22.33333333333333,1.5275252316519532,9,3,30.929272,4,25,30.929272,0.0,86.22315673828125,-5.929271697998047,5.929271697998047,XGBoost,4
2025-12-01,Keytruda,TER-04,22,176793.55,3,7997.796666666666,12,4,2025,0,0,25.0,22.0,31.0,22.666666666666668,2.0816659994661366,9,3,27.621975,4,22,27.621975,0.0,85.01856307983398,-5.621974945068359,5.621974945068359,XGBoost,4
2025-05-01,Keytruda,TER-05,18,159401.68,2,8699.560000000001,5,2,2025,3,0,30.0,35.0,23.0,34.333333333333336,4.041451884327383,9,4,27.064322,4,18,27.064322,0.0,78.5064556121826,-9.064321517944336,9.064321517944336,XGBoost,4
2025-06-01,Keytruda,TER-05,34,280862.0,3,8274.946666666667,6,2,2025,6,0,18.0,38.0,28.0,28.666666666666668,10.066445913694334,9,4,30.788563,4,34,30.788563,0.0,82.01666297912597,3.211437225341797,3.211437225341797,XGBoost,4
2025-07-01,Keytruda,TER-05,27,231094.02,2,8569.395,7,3,2025,1,0,34.0,30.0,18.0,27.33333333333333,8.326663997864534,9,4,22.137821,4,27,22.137821,0.0,81.86936340332028,4.862178802490234,4.862178802490234,XGBoost,4
2025-08-01,Keytruda,TER-05,17,132318.13,3,8350.37,8,3,2025,4,0,27.0,18.0,35.0,26.33333333333333,8.020806277010646,9,4,23.21558,4,17,23.21558,0.0,74.51892356872557,-6.215579986572266,6.215579986572266,XGBoost,4
2025-09-01,Keytruda,TER-05,32,283024.32,1,8844.51,9,3,2025,0,0,17.0,34.0,38.0,26.0,8.544003745317534,9,4,28.761084,4,32,28.761084,0.0,84.1772403717041,3.2389163970947266,3.2389163970947266,XGBoost,4
2025-10-01,Keytruda,TER-05,37,321295.51,4,8483.8675,10,4,2025,2,0,32.0,27.0,30.0,25.33333333333333,7.637626158259738,9,4,26.544804,4,37,26.544804,0.0,76.32736129760735,10.455196380615234,10.455196380615234,XGBoost,4
2025-11-01,Keytruda,TER-05,32,270333.68,2,8458.615,11,4,2025,5,0,37.0,17.0,18.0,28.666666666666668,10.408329997330666,9,4,33.272346,4,32,33.272346,0.0,82.06576347351073,-1.2723464965820312,1.2723464965820312,XGBoost,4
2025-12-01,Keytruda,TER-05,26,220935.27,3,8548.283333333333,12,4,2025,0,0,32.0,32.0,34.0,33.666666666666664,2.886751345948138,9,4,29.025557,4,26,29.025557,0.0,80.76899261474607,-3.0255565643310547,3.0255565643310547,XGBoost,4
2025-05-01,Keytruda,TER-06,17,136547.26,2,8159.174999999999,5,2,2025,3,0,18.0,24.0,24.0,24.666666666666668,7.023769168568493,9,5,20.47651,4,17,20.47651,0.0,78.1680679321289,-3.4765090942382812,3.4765090942382812,XGBoost,4
2025-06-01,Keytruda,TER-06,30,252726.9,4,8402.8825,6,2,2025,6,0,17.0,32.0,34.0,22.33333333333333,8.386497083606084,9,5,24.31219,4,30,24.31219,0.0,75.9657459259033,5.687810897827148,5.687810897827148,XGBoost,4
2025-07-01,Keytruda,TER-06,25,208870.03,2,8361.445,7,3,2025,1,0,30.0,18.0,31.0,21.666666666666668,7.234178138070234,9,5,19.503414,4,25,19.503414,0.0,77.10369567871093,5.496585845947266,5.496585845947266,XGBoost,4
2025-08-01,Keytruda,TER-06,17,132989.81,1,7822.93,8,3,2025,4,0,25.0,17.0,24.0,24.0,6.557438524302,9,5,22.850443,4,17,22.850443,0.0,76.80700874328613,-5.850442886352539,5.850442886352539,XGBoost,4
2025-09-01,Keytruda,TER-06,31,281984.37,1,9096.27,9,3,2025,0,0,17.0,30.0,32.0,24.0,6.557438524302,9,5,24.183153,4,31,24.183153,0.0,81.97637977600088,6.81684684753418,6.81684684753418,XGBoost,4
2025-10-01,Keytruda,TER-06,20,163851.68,4,8314.712500000001,10,4,2025,2,0,31.0,25.0,18.0,24.33333333333333,7.023769168568493,9,5,24.10505,4,20,24.10505,0.0,75.46875305175779,-4.105049133300781,4.105049133300781,XGBoost,4
2025-11-01,Keytruda,TER-06,25,215980.82,3,8599.726666666667,11,4,2025,5,0,20.0,17.0,17.0,22.666666666666668,7.371114795831994,9,5,25.337036,4,25,25.337036,0.0,77.81739044189449,-0.3370361328125,0.3370361328125,XGBoost,4
2025-12-01,Keytruda,TER-06,33,275418.0,1,8346.0,12,4,2025,0,0,25.0,31.0,30.0,25.33333333333333,5.507570547286101,9,5,25.665209,4,33,25.665209,0.0,78.21274337768554,7.33479118347168,7.33479118347168,XGBoost,4
2025-05-01,Keytruda,TER-07,25,211330.46,3,8485.873333333335,5,2,2025,3,0,23.0,31.0,19.0,30.33333333333333,7.023769168568492,9,6,24.433004,4,25,24.433004,0.0,72.98653602600079,0.5669956207275391,0.5669956207275391,XGBoost,4
2025-06-01,Keytruda,TER-07,33,287011.32,4,8899.0625,6,2,2025,6,0,25.0,37.0,30.0,28.33333333333333,7.571877794400364,9,6,27.557188,4,33,27.557188,0.0,78.86552505493161,5.442811965942383,5.442811965942383,XGBoost,4
2025-07-01,Keytruda,TER-07,15,126734.25,1,8448.95,7,3,2025,1,0,33.0,23.0,21.0,27.0,5.291502622129179,9,6,22.29113,4,15,22.29113,0.0,72.36292266845703,-7.291130065917969,7.291130065917969,XGBoost,4
2025-08-01,Keytruda,TER-07,15,122165.94,2,8290.01,8,3,2025,4,0,15.0,25.0,31.0,24.33333333333333,9.018499505645789,9,6,20.555557,4,15,20.555557,0.0,72.61730918884261,-5.5555572509765625,5.5555572509765625,XGBoost,4
2025-09-01,Keytruda,TER-07,24,202823.38,3,8293.17,9,3,2025,0,0,15.0,33.0,37.0,21.0,10.392304845413262,9,6,24.934307,4,24,24.934307,0.0,77.34303054809568,-0.9343070983886719,0.9343070983886719,XGBoost,4
2025-10-01,Keytruda,TER-07,22,191064.06,1,8684.73,10,4,2025,2,0,24.0,15.0,23.0,18.0,5.19615242270663,9,6,25.371033,4,22,25.371033,0.0,70.00114097595213,-3.37103271484375,3.37103271484375,XGBoost,4
2025-11-01,Keytruda,TER-07,29,258251.01,4,8601.9375,11,4,2025,5,0,22.0,15.0,25.0,20.33333333333333,4.725815626252607,9,6,24.6577,4,29,24.6577,0.0,77.05338745117187,4.3423004150390625,4.3423004150390625,XGBoost,4
2025-12-01,Keytruda,TER-07,20,176707.97,3,8544.863333333333,12,4,2025,0,0,29.0,24.0,33.0,25.0,3.605551275463988,9,6,23.827469,4,20,23.827469,0.0,81.47595558166503,-3.8274688720703125,3.8274688720703125,XGBoost,4
2025-05-01,Keytruda,TER-08,31,279832.63,3,8844.366666666667,5,2,2025,3,0,29.0,35.0,27.0,35.0,6.000000000000003,9,7,25.624382,4,31,25.624382,0.0,74.28878784179688,5.375617980957031,5.375617980957031,XGBoost,4
2025-06-01,Keytruda,TER-08,38,331565.2,2,8661.619999999999,6,2,2025,6,0,31.0,41.0,26.0,33.666666666666664,6.429100507328639,9,7,29.613018,4,38,29.613018,0.0,88.0903251647949,8.386981964111328,8.386981964111328,XGBoost,4
2025-07-01,Keytruda,TER-08,21,171759.74,3,8103.783333333333,7,3,2025,1,0,38.0,29.0,25.0,32.666666666666664,4.7258156262526105,9,7,21.904375,4,21,21.904375,0.0,73.2440357208252,-0.9043750762939453,0.9043750762939453,XGBoost,4
2025-08-01,Keytruda,TER-08,16,132551.59,4,8382.3975,8,3,2025,4,0,21.0,31.0,35.0,30.0,8.544003745317532,9,7,23.963362,4,16,23.963362,0.0,75.25204620361328,-7.963361740112305,7.963361740112305,XGBoost,4
2025-09-01,Keytruda,TER-08,28,238149.7,3,8475.39,9,3,2025,0,0,16.0,38.0,41.0,25.0,11.532562594670797,9,7,25.138245,4,28,25.138245,0.0,83.20149993896484,2.86175537109375,2.86175537109375,XGBoost,4
2025-10-01,Keytruda,TER-08,16,144106.11,4,8918.0875,10,4,2025,2,0,28.0,21.0,29.0,21.666666666666668,6.02771377334171,9,7,23.63288,4,16,23.63288,0.0,81.01900291442871,-7.632879257202148,7.632879257202148,XGBoost,4
2025-11-01,Keytruda,TER-08,34,281651.47,2,8025.205,11,4,2025,5,0,16.0,16.0,31.0,20.0,6.928203230275511,9,7,25.262308,4,34,25.262308,0.0,76.18558158874511,8.737691879272461,8.737691879272461,XGBoost,4
2025-12-01,Keytruda,TER-08,40,327473.95,2,8293.555,12,4,2025,0,0,34.0,28.0,38.0,26.0,9.16515138991168,9,7,25.456884,4,40,25.456884,0.0,77.88944015502929,14.543115615844727,14.543115615844727,XGBoost,4
2025-05-01,Keytruda,TER-09,16,131886.41999999998,4,8480.31,5,2,2025,3,0,19.0,34.0,25.0,26.0,7.549834435270749,9,8,21.695734,4,16,21.695734,0.0,70.7889381408691,-5.695734024047852,5.695734024047852,XGBoost,4
2025-06-01,Keytruda,TER-09,27,221507.84,4,8166.4625,6,2,2025,6,0,16.0,25.0,32.0,20.0,4.582575694955838,9,8,22.246471,4,27,22.246471,0.0,77.02843170166014,4.753528594970703,4.753528594970703,XGBoost,4
2025-07-01,Keytruda,TER-09,20,172399.8,1,8619.99,7,3,2025,1,0,27.0,19.0,21.0,20.666666666666668,5.686240703077325,9,8,19.931837,4,20,19.931837,0.0,78.2388011932373,0.06816291809082031,0.06816291809082031,XGBoost,4
2025-08-01,Keytruda,TER-09,24,206022.92,3,8550.91,8,3,2025,4,0,20.0,16.0,34.0,21.0,5.56776436283002,9,8,20.060219,4,24,20.060219,0.0,71.47265586853021,3.9397811889648438,3.9397811889648438,XGBoost,4
2025-09-01,Keytruda,TER-09,19,151036.32,1,7949.28,9,3,2025,0,0,24.0,27.0,25.0,23.666666666666668,3.511884584284243,9,8,24.754454,4,19,24.754454,0.0,77.3522426605224,-5.754453659057617,5.754453659057617,XGBoost,4
2025-10-01,Keytruda,TER-09,16,133868.17,3,8641.13,10,4,2025,2,0,19.0,20.0,19.0,21.0,2.6457513110645867,9,8,23.115875,4,16,23.115875,0.0,70.55203170776363,-7.115875244140625,7.115875244140625,XGBoost,4
2025-11-01,Keytruda,TER-09,20,178234.0,1,8911.7,11,4,2025,5,0,16.0,24.0,16.0,19.666666666666668,4.041451884327378,9,8,25.298512,4,20,25.298512,0.0,88.36757736206053,-5.298511505126953,5.298511505126953,XGBoost,4
2025-12-01,Keytruda,TER-09,37,298867.45,4,8389.1575,12,4,2025,0,0,20.0,19.0,27.0,18.33333333333333,2.081665999466129,9,8,23.000525,4,37,23.000525,0.0,75.90496711730952,13.999475479125977,13.999475479125977,XGBoost,4
2025-05-01,Keytruda,TER-10,19,157806.52,4,8372.2975,5,2,2025,3,0,23.0,24.0,34.0,24.33333333333333,1.5275252316519417,9,9,21.509699,4,19,21.509699,0.0,69.21084251403809,-2.5096988677978516,2.5096988677978516,XGBoost,4
2025-06-01,Keytruda,TER-10,35,296773.0,4,8385.682499999999,6,2,2025,6,0,19.0,26.0,37.0,22.666666666666668,3.5118845842842448,9,9,25.65139,4,35,25.65139,0.0,85.18022994995115,9.348609924316406,9.348609924316406,XGBoost,4
2025-07-01,Keytruda,TER-10,21,183155.68,3,8444.12,7,3,2025,1,0,35.0,23.0,22.0,25.666666666666668,8.32666399786453,9,9,20.552317,4,21,20.552317,0.0,72.19394264221191,0.44768333435058594,0.44768333435058594,XGBoost,4
2025-08-01,Keytruda,TER-10,30,250637.7,1,8354.59,8,3,2025,4,0,21.0,19.0,24.0,25.0,8.717797887081346,9,9,23.487143,4,30,23.487143,0.0,73.19547080993652,6.512857437133789,6.512857437133789,XGBoost,4
2025-09-01,Keytruda,TER-10,29,245687.6,2,8610.775000000001,9,3,2025,0,0,30.0,35.0,26.0,28.666666666666668,7.094598884597585,9,9,27.920404,4,29,27.920404,0.0,85.70563774108886,1.0795955657958984,1.0795955657958984,XGBoost,4
2025-10-01,Keytruda,TER-10,23,194958.5,2,8508.85,10,4,2025,2,0,29.0,21.0,23.0,26.666666666666668,4.932882862316244,9,9,25.3692,4,23,25.3692,0.0,77.10370788574218,-2.369199752807617,2.369199752807617,XGBoost,4
2025-11-01,Keytruda,TER-10,40,333888.8,1,8347.22,11,4,2025,5,0,23.0,30.0,19.0,27.33333333333333,3.785938897200177,9,9,28.52421,4,40,28.52421,0.0,72.9535060882568,11.475790023803711,11.475790023803711,XGBoost,4
2025-12-01,Keytruda,TER-10,24,193269.6,2,8239.55,12,4,2025,0,0,40.0,29.0,35.0,30.666666666666668,8.621678104251705,9,9,29.633121,4,24,29.633121,0.0,82.72145538330072,-5.633121490478516,5.633121490478516,XGBoost,4
2025-05-01,Keytruda,TER-11,28,237115.08,2,8375.66,5,2,2025,3,0,19.0,21.0,35.0,20.666666666666668,1.5275252316519583,9,10,23.033901,4,28,23.033901,0.0,69.92409896850586,4.966098785400391,4.966098785400391,XGBoost,4
2025-06-01,Keytruda,TER-11,38,329518.57,4,8636.7075,6,2,2025,6,0,28.0,22.0,26.0,23.0,4.582575694955844,9,10,25.709171,4,38,25.709171,0.0,72.04607696533203,12.290828704833984,12.290828704833984,XGBoost,4
2025-07-01,Keytruda,TER-11,16,132996.26,2,8310.89,7,3,2025,1,0,38.0,19.0,25.0,28.33333333333333,9.504384952922171,9,10,23.187946,4,16,23.187946,0.0,74.40725021362303,-7.187946319580078,7.187946319580078,XGBoost,4
2025-08-01,Keytruda,TER-11,13,104583.58,2,7980.860000000001,8,3,2025,4,0,16.0,28.0,21.0,27.33333333333333,11.015141094572206,9,10,22.902008,4,13,22.902008,0.0,71.59209632873532,-9.902008056640625,9.902008056640625,XGBoost,4
2025-09-01,Keytruda,TER-11,17,141087.16999999998,4,8409.355,9,3,2025,0,0,13.0,38.0,22.0,22.33333333333333,13.650396819628847,9,10,25.86085,4,17,25.86085,0.0,85.01102256774901,-8.860849380493164,8.860849380493164,XGBoost,4
2025-10-01,Keytruda,TER-11,25,226403.21,2,8982.175,10,4,2025,2,0,17.0,16.0,19.0,15.333333333333334,2.08166599946614,9,10,24.654627,4,25,24.654627,0.0,77.53397445678708,0.34537315368652344,0.34537315368652344,XGBoost,4
2025-11-01,Keytruda,TER-11,26,230546.37,4,8722.2125,11,4,2025,5,0,25.0,13.0,28.0,18.33333333333333,6.11010092660779,9,10,25.855923,4,26,25.855923,0.0,77.71125411987292,0.14407730102539062,0.14407730102539062,XGBoost,4
2025-12-01,Keytruda,TER-11,25,211219.24,3,8429.25,12,4,2025,0,0,26.0,17.0,38.0,22.666666666666668,4.932882862316252,9,10,24.556479,4,25,24.556479,0.0,79.61950912475584,0.44352149963378906,0.44352149963378906,XGBoost,4
2025-05-01,Keytruda,TER-12,16,142451.04,1,8903.19,5,2,2025,3,0,19.0,26.0,26.0,23.33333333333333,3.785938897200182,9,11,20.891596,4,16,20.891596,0.0,70.93921127319334,-4.891595840454102,4.891595840454102,XGBoost,4
2025-06-01,Keytruda,TER-12,21,183858.36,1,8755.16,6,2,2025,6,0,16.0,25.0,19.0,20.0,4.582575694955839,9,11,23.132893,4,21,23.132893,0.0,76.06422080993644,-2.132892608642578,2.132892608642578,XGBoost,4
2025-07-01,Keytruda,TER-12,13,110341.28,3,8532.666666666666,7,3,2025,1,0,21.0,19.0,21.0,18.666666666666668,2.5166114784235813,9,11,18.175148,4,13,18.175148,0.0,69.85016021728512,-5.175148010253906,5.175148010253906,XGBoost,4
2025-08-01,Keytruda,TER-12,15,123721.44,2,8465.8,8,3,2025,4,0,13.0,16.0,26.0,16.666666666666668,4.04145188432738,9,11,19.418333,4,15,19.418333,0.0,72.22242393493651,-4.418333053588867,4.418333053588867,XGBoost,4
2025-09-01,Keytruda,TER-12,20,179427.79,4,8993.0425,9,3,2025,0,0,15.0,21.0,25.0,16.333333333333332,4.163331998932265,9,11,21.468725,4,20,21.468725,0.0,75.97620811462401,-1.4687252044677734,1.4687252044677734,XGBoost,4
2025-10-01,Keytruda,TER-12,25,205182.0,1,8207.28,10,4,2025,2,0,20.0,13.0,19.0,16.0,3.6055512754639887,9,11,22.396902,4,25,22.396902,0.0,76.7768144607544,2.603097915649414,2.603097915649414,XGBoost,4
2025-11-01,Keytruda,TER-12,19,155299.26,4,8240.4525,11,4,2025,5,0,25.0,15.0,16.0,20.0,5.000000000000003,9,11,23.077929,4,19,23.077929,0.0,73.1029067993164,-4.07792854309082,4.07792854309082,XGBoost,4
2025-12-01,Keytruda,TER-12,24,201997.09000000003,2,8673.565,12,4,2025,0,0,19.0,20.0,21.0,21.33333333333333,3.2145502536643247,9,11,22.663567,4,24,22.663567,0.0,80.305419921875,1.3364334106445312,1.3364334106445312,XGBoost,4
2025-05-01,Keytruda,TER-13,19,167206.37,4,8699.1325,5,2,2025,3,0,29.0,21.0,15.0,29.0,7.999999999999992,9,12,22.642788,4,19,22.642788,0.0,80.048331451416,-3.6427879333496094,3.6427879333496094,XGBoost,4
2025-06-01,Keytruda,TER-13,23,184787.29,1,8034.23,6,2,2025,6,0,19.0,37.0,17.0,28.33333333333333,9.018499505645783,9,12,28.133492,4,23,28.133492,0.0,84.97036972045898,-5.133491516113281,5.133491516113281,XGBoost,4
2025-07-01,Keytruda,TER-13,16,128116.16,1,8007.26,7,3,2025,1,0,23.0,29.0,19.0,23.666666666666668,5.033222956847165,9,12,19.345276,4,16,19.345276,0.0,79.00587501525871,-3.34527587890625,3.34527587890625,XGBoost,4
2025-08-01,Keytruda,TER-13,14,116005.66,4,8502.815,8,3,2025,4,0,16.0,19.0,21.0,19.33333333333333,3.511884584284253,9,12,19.36787,4,14,19.36787,0.0,71.80675582885742,-5.367870330810547,5.367870330810547,XGBoost,4
2025-09-01,Keytruda,TER-13,20,181499.05,3,8909.466666666667,9,3,2025,0,0,14.0,23.0,37.0,17.666666666666668,4.725815626252616,9,12,23.040937,4,20,23.040937,0.0,73.15335235595695,-3.0409374237060547,3.0409374237060547,XGBoost,4
2025-10-01,Keytruda,TER-13,16,134674.26,3,8231.966666666667,10,4,2025,2,0,20.0,16.0,29.0,16.666666666666668,3.0550504633039077,9,12,22.262903,4,16,22.262903,0.0,72.7882740020752,-6.262903213500977,6.262903213500977,XGBoost,4
2025-11-01,Keytruda,TER-13,22,191868.97,2,8803.655,11,4,2025,5,0,16.0,14.0,19.0,16.666666666666668,3.0550504633039077,9,12,23.677183,4,22,23.677183,0.0,75.33073997497557,-1.6771831512451172,1.6771831512451172,XGBoost,4
2025-12-01,Keytruda,TER-13,16,133633.37,3,8554.74,12,4,2025,0,0,22.0,20.0,23.0,19.33333333333333,3.0550504633039006,9,12,22.587694,4,16,22.587694,0.0,74.3202823638916,-6.58769416809082,6.58769416809082,XGBoost,4
2025-05-01,Keytruda,TER-14,20,170791.99,2,8548.735,5,2,2025,3,0,27.0,15.0,25.0,22.33333333333333,6.429100507328636,9,13,19.913544,4,20,19.913544,0.0,73.72581939697264,0.086456298828125,0.086456298828125,XGBoost,4
2025-06-01,Keytruda,TER-14,26,226756.65,2,8617.965,6,2,2025,6,0,20.0,25.0,20.0,24.0,3.605551275463989,9,13,22.557755,4,26,22.557755,0.0,75.36184539794921,3.4422454833984375,3.4422454833984375,XGBoost,4
2025-07-01,Keytruda,TER-14,15,122012.85,1,8134.19,7,3,2025,1,0,26.0,27.0,13.0,24.33333333333333,3.785938897200183,9,13,17.077906,4,15,17.077906,0.0,62.64180717468261,-2.0779056549072266,2.0779056549072266,XGBoost,4
2025-08-01,Keytruda,TER-14,22,178094.87,4,8286.3275,8,3,2025,4,0,15.0,20.0,15.0,20.33333333333333,5.507570547286101,9,13,18.002274,4,22,18.002274,0.0,71.5926174163818,3.9977264404296875,3.9977264404296875,XGBoost,4
2025-09-01,Keytruda,TER-14,17,138968.47,2,8331.220000000001,9,3,2025,0,0,22.0,26.0,25.0,21.0,5.5677643628300215,9,13,20.813334,4,17,20.813334,0.0,70.83903427124024,-3.813333511352539,3.813333511352539,XGBoost,4
2025-10-01,Keytruda,TER-14,28,247906.47,4,8981.8875,10,4,2025,2,0,17.0,15.0,27.0,18.0,3.6055512754639887,9,13,21.667545,4,28,21.667545,0.0,73.58036575317378,6.332454681396484,6.332454681396484,XGBoost,4
2025-11-01,Keytruda,TER-14,22,177946.56,1,8088.48,11,4,2025,5,0,28.0,22.0,20.0,22.33333333333333,5.507570547286102,9,13,23.04532,4,22,23.04532,0.0,72.12221450805663,-1.0453205108642578,1.0453205108642578,XGBoost,4
2025-12-01,Keytruda,TER-14,29,246281.22,3,8193.093333333332,12,4,2025,0,0,22.0,17.0,26.0,22.33333333333333,5.507570547286102,9,13,21.370277,4,29,21.370277,0.0,73.01689682006835,7.629722595214844,7.629722595214844,XGBoost,4
2025-05-01,Keytruda,TER-15,16,140154.72,1,8759.67,5,2,2025,3,0,18.0,20.0,18.0,18.33333333333333,1.527525231651947,9,14,20.073587,4,16,20.073587,0.0,72.0534885406494,-4.073587417602539,4.073587417602539,XGBoost,4
2025-06-01,Keytruda,TER-15,19,165230.86,2,8708.985,6,2,2025,6,0,16.0,17.0,17.0,17.0,0.9999999999999916,9,14,21.742264,4,19,21.742264,0.0,70.00702705383294,-2.7422637939453125,2.7422637939453125,XGBoost,4
2025-07-01,Keytruda,TER-15,13,115410.1,1,8877.7,7,3,2025,1,0,19.0,18.0,25.0,17.666666666666668,1.5275252316519443,9,14,18.018461,4,13,18.018461,0.0,67.30523872375487,-5.018461227416992,5.018461227416992,XGBoost,4
2025-08-01,Keytruda,TER-15,20,165923.89,2,8368.895,8,3,2025,4,0,13.0,16.0,20.0,16.0,2.9999999999999947,9,14,18.745373,4,20,18.745373,0.0,74.80710391998282,1.2546272277832031,1.2546272277832031,XGBoost,4
2025-09-01,Keytruda,TER-15,29,246766.19,3,8382.01,9,3,2025,0,0,20.0,19.0,17.0,17.333333333333332,3.785938897200181,9,14,21.164663,4,29,21.164663,0.0,69.85475158691403,7.835336685180664,7.835336685180664,XGBoost,4
2025-10-01,Keytruda,TER-15,17,149036.96,1,8766.88,10,4,2025,2,0,29.0,13.0,18.0,20.666666666666668,8.020806277010646,9,14,22.038202,4,17,22.038202,0.0,73.48532981872557,-5.038202285766602,5.038202285766602,XGBoost,4
2025-11-01,Keytruda,TER-15,17,143520.0,4,8584.3825,11,4,2025,5,0,17.0,20.0,16.0,22.0,6.244997998398404,9,14,22.098787,4,17,22.098787,0.0,74.89669189453124,-5.098787307739258,5.098787307739258,XGBoost,4
2025-12-01,Keytruda,TER-15,23,200490.39,4,8712.89,12,4,2025,0,0,17.0,29.0,19.0,21.0,6.928203230275513,9,14,20.939028,4,23,20.939028,0.0,73.3431758880615,2.060972213745117,2.060972213745117,XGBoost,4
2025-05-01,Keytruda,TER-16,24,193058.88,1,8044.12,5,2,2025,3,0,26.0,26.0,30.0,27.0,1.732050807568878,9,15,20.04817,4,24,20.04817,0.0,74.02714347839355,3.9518299102783203,3.9518299102783203,XGBoost,4
2025-06-01,Keytruda,TER-16,31,254182.15,3,8416.936666666666,6,2,2025,6,0,24.0,29.0,31.0,26.33333333333333,2.516611478423584,9,15,22.669743,4,31,22.669743,0.0,74.52086677551267,8.330257415771484,8.330257415771484,XGBoost,4
2025-07-01,Keytruda,TER-16,25,210975.23,2,8644.105,7,3,2025,1,0,31.0,26.0,29.0,27.0,3.605551275463989,9,15,18.733267,4,25,18.733267,0.0,70.6151382446289,6.266733169555664,6.266733169555664,XGBoost,4
2025-08-01,Keytruda,TER-16,17,137339.6,1,8078.8,8,3,2025,4,0,25.0,24.0,26.0,26.666666666666668,3.7859388972001824,9,15,20.48265,4,17,20.48265,0.0,70.19802513122558,-3.4826507568359375,3.4826507568359375,XGBoost,4
2025-09-01,Keytruda,TER-16,30,276711.06,2,9143.475,9,3,2025,0,0,17.0,31.0,29.0,24.33333333333333,7.023769168568492,9,15,22.133142,4,30,22.133142,0.0,73.54557952880853,7.866857528686523,7.866857528686523,XGBoost,4
2025-10-01,Keytruda,TER-16,17,137752.64,2,8409.369999999999,10,4,2025,2,0,30.0,25.0,26.0,24.0,6.557438524302,9,15,23.15915,4,17,23.15915,0.0,74.60174140930174,-6.159149169921875,6.159149169921875,XGBoost,4
2025-11-01,Keytruda,TER-16,23,191666.59,1,8333.33,11,4,2025,5,0,17.0,17.0,24.0,21.33333333333333,7.505553499465134,9,15,23.474583,4,23,23.474583,0.0,80.52570571899412,-0.4745826721191406,0.4745826721191406,XGBoost,4
2025-12-01,Keytruda,TER-16,24,196155.58,4,8244.3625,12,4,2025,0,0,23.0,30.0,31.0,23.33333333333333,6.506407098647711,9,15,21.10873,4,24,21.10873,0.0,72.78374252319333,2.8912696838378906,2.8912696838378906,XGBoost,4
2025-05-01,Keytruda,TER-17,22,198306.62,2,8872.685000000001,5,2,2025,3,0,12.0,18.0,17.0,20.33333333333333,9.71253485622231,9,16,19.034512,4,22,19.034512,0.0,62.82962417602536,2.9654884338378906,2.9654884338378906,XGBoost,4
2025-06-01,Keytruda,TER-17,25,210701.76,2,8668.365,6,2,2025,6,0,22.0,31.0,24.0,21.666666666666668,9.504384952922168,9,16,22.203762,4,25,22.203762,0.0,69.86195449829101,2.7962379455566406,2.7962379455566406,XGBoost,4
2025-07-01,Keytruda,TER-17,14,119043.99,3,8379.51,7,3,2025,1,0,25.0,12.0,21.0,19.666666666666668,6.8068592855540455,9,16,16.281763,4,14,16.281763,0.0,67.92838249206542,-2.2817630767822266,2.2817630767822266,XGBoost,4
2025-08-01,Keytruda,TER-17,22,194600.9,4,8751.6725,8,3,2025,4,0,14.0,22.0,18.0,20.33333333333333,5.686240703077325,9,16,17.333313,4,22,17.333313,0.0,70.80525970458983,4.66668701171875,4.66668701171875,XGBoost,4
2025-09-01,Keytruda,TER-17,14,120555.95,4,8501.8575,9,3,2025,0,0,22.0,25.0,31.0,20.33333333333333,5.686240703077325,9,16,18.96712,4,14,18.96712,0.0,69.1031826019287,-4.967119216918945,4.967119216918945,XGBoost,4
2025-10-01,Keytruda,TER-17,25,211041.96,2,8489.900000000001,10,4,2025,2,0,14.0,14.0,12.0,16.666666666666668,4.618802153517004,9,16,20.808891,4,25,20.808891,0.0,73.68823890686032,4.191108703613281,4.191108703613281,XGBoost,4
2025-11-01,Keytruda,TER-17,23,214109.89,2,9215.585,11,4,2025,5,0,25.0,22.0,22.0,20.33333333333333,5.686240703077325,9,16,21.8367,4,23,21.8367,0.0,70.08117923736567,1.163299560546875,1.163299560546875,XGBoost,4
2025-12-01,Keytruda,TER-17,18,157089.78,1,8727.21,12,4,2025,0,0,23.0,14.0,25.0,20.666666666666668,5.859465277082313,9,16,20.471699,4,18,20.471699,0.0,78.80282974243161,-2.471698760986328,2.471698760986328,XGBoost,4
2025-05-01,Keytruda,TER-18,17,133351.57,1,7844.21,5,2,2025,3,0,13.0,26.0,19.0,18.666666666666668,6.658328118479393,9,17,21.177134,4,17,21.177134,0.0,72.4172252655029,-4.177133560180664,4.177133560180664,XGBoost,4
2025-06-01,Keytruda,TER-18,21,182184.22,4,8823.91,6,2,2025,6,0,17.0,17.0,27.0,15.666666666666666,2.309401076758508,9,17,21.41387,4,21,21.41387,0.0,64.88198928833006,-0.41386985778808594,0.41386985778808594,XGBoost,4
2025-07-01,Keytruda,TER-18,19,160524.02,3,8548.393333333333,7,3,2025,1,0,21.0,13.0,24.0,17.0,4.000000000000002,9,17,17.311514,4,19,17.311514,0.0,71.28984050750731,1.688486099243164,1.688486099243164,XGBoost,4
2025-08-01,Keytruda,TER-18,21,183211.77,1,8724.37,8,3,2025,4,0,19.0,17.0,26.0,19.0,2.0000000000000044,9,17,18.807186,4,21,18.807186,0.0,70.54383430480956,2.1928138732910156,2.1928138732910156,XGBoost,4
2025-09-01,Keytruda,TER-18,16,131624.56,4,8470.2925,9,3,2025,0,0,21.0,21.0,17.0,20.33333333333333,1.1547005383792597,9,17,20.326004,4,16,20.326004,0.0,68.52008399963378,-4.3260040283203125,4.3260040283203125,XGBoost,4
2025-10-01,Keytruda,TER-18,17,155507.65,2,9233.265,10,4,2025,2,0,16.0,19.0,13.0,18.666666666666668,2.516611478423587,9,17,21.336,4,17,21.336,0.0,79.70231590270993,-4.336000442504883,4.336000442504883,XGBoost,4
2025-11-01,Keytruda,TER-18,18,152188.53000000003,4,8434.7175,11,4,2025,5,0,17.0,21.0,17.0,18.0,2.6457513110645943,9,17,22.273752,4,18,22.273752,0.0,72.45062675476068,-4.273752212524414,4.273752212524414,XGBoost,4
2025-12-01,Keytruda,TER-18,25,220941.87,2,8837.94,12,4,2025,0,0,18.0,16.0,21.0,17.0,1.0000000000000102,9,17,21.724453,4,25,21.724453,0.0,72.26568222045898,3.2755470275878906,3.2755470275878906,XGBoost,4
2025-05-01,Keytruda,TER-19,27,235108.42,3,8539.92,5,2,2025,3,0,21.0,16.0,17.0,20.666666666666668,4.5092497528228925,9,18,18.781477,4,27,18.781477,0.0,71.33789176940915,8.218523025512695,8.218523025512695,XGBoost,4
2025-06-01,Keytruda,TER-19,22,185816.86,4,8571.3275,6,2,2025,6,0,27.0,25.0,26.0,24.33333333333333,3.055050463303891,9,18,21.785477,4,22,21.785477,0.0,77.07936172485351,0.2145233154296875,0.2145233154296875,XGBoost,4
2025-07-01,Keytruda,TER-19,20,167220.01,3,8364.516666666666,7,3,2025,1,0,22.0,21.0,27.0,23.33333333333333,3.214550253664316,9,18,16.413252,4,20,16.413252,0.0,62.11328849792478,3.5867481231689453,3.5867481231689453,XGBoost,4
2025-08-01,Keytruda,TER-19,11,92002.35,1,8363.85,8,3,2025,4,0,20.0,27.0,16.0,23.0,3.6055512754639873,9,18,18.575235,4,11,18.575235,0.0,72.97840156555174,-7.575235366821289,7.575235366821289,XGBoost,4
2025-09-01,Keytruda,TER-19,21,173051.97,1,8240.57,9,3,2025,0,0,11.0,22.0,25.0,17.666666666666668,5.859465277082315,9,18,20.347301,4,21,20.347301,0.0,69.75278358459471,0.6526985168457031,0.6526985168457031,XGBoost,4
2025-10-01,Keytruda,TER-19,13,116804.27,2,8952.265,10,4,2025,2,0,21.0,20.0,21.0,17.333333333333332,5.507570547286101,9,18,20.435184,4,13,20.435184,0.0,76.0822143554687,-7.435184478759766,7.435184478759766,XGBoost,4
2025-11-01,Keytruda,TER-19,15,120622.47,4,8346.455,11,4,2025,5,0,13.0,11.0,27.0,15.0,5.291502622129182,9,18,21.043676,4,15,21.043676,0.0,80.11395988464355,-6.043676376342773,6.043676376342773,XGBoost,4
2025-12-01,Keytruda,TER-19,30,227708.4,1,7590.28,12,4,2025,0,0,15.0,21.0,22.0,16.333333333333332,4.163331998932266,9,18,22.967472,4,30,22.967472,0.0,80.36505203247069,7.032527923583984,7.032527923583984,XGBoost,4
2025-05-01,Keytruda,TER-20,13,112352.03,3,8801.976666666667,5,2,2025,3,0,15.0,25.0,15.0,23.666666666666668,8.082903768654761,9,19,18.871098,4,13,18.871098,0.0,70.15978202819824,-5.871097564697266,5.871097564697266,XGBoost,4
2025-06-01,Keytruda,TER-20,24,194528.16,1,8105.34,6,2,2025,6,0,13.0,31.0,15.0,19.666666666666668,9.865765724632496,9,19,21.824915,4,24,21.824915,0.0,78.623083114624,2.1750850677490234,2.1750850677490234,XGBoost,4
2025-07-01,Keytruda,TER-20,15,126451.73,2,8429.525000000001,7,3,2025,1,0,24.0,15.0,26.0,17.333333333333332,5.859465277082315,9,19,16.728413,4,15,16.728413,0.0,72.21753234863274,-1.7284126281738281,1.7284126281738281,XGBoost,4
2025-08-01,Keytruda,TER-20,23,199382.69,4,8467.2225,8,3,2025,4,0,15.0,13.0,25.0,17.333333333333332,5.859465277082315,9,19,17.499746,4,23,17.499746,0.0,67.3234188079833,5.500253677368164,5.500253677368164,XGBoost,4
2025-09-01,Keytruda,TER-20,18,150616.45,3,8532.56,9,3,2025,0,0,23.0,24.0,31.0,20.666666666666668,4.932882862316244,9,19,18.985094,4,18,18.985094,0.0,66.13624839782709,-0.9850940704345703,0.9850940704345703,XGBoost,4
2025-10-01,Keytruda,TER-20,14,118167.66,4,8550.11,10,4,2025,2,0,18.0,15.0,15.0,18.666666666666668,4.041451884327378,9,19,20.316486,4,14,20.316486,0.0,72.69139938354492,-6.316486358642578,6.316486358642578,XGBoost,4
2025-11-01,Keytruda,TER-20,18,159307.25,2,9001.305,11,4,2025,5,0,14.0,23.0,13.0,18.33333333333333,4.509249752822891,9,19,21.188652,4,18,21.188652,0.0,75.00092773437498,-3.1886520385742188,3.1886520385742188,XGBoost,4
2025-12-01,Keytruda,TER-20,26,213875.2,3,8234.013333333334,12,4,2025,0,0,18.0,18.0,24.0,16.666666666666668,2.309401076758496,9,19,20.46169,4,26,20.46169,0.0,74.8648571014404,5.538309097290039,5.538309097290039,XGBoost,4
2025-05-01,Lantus,TER-01,216,205895.52,2,950.1,5,2,2025,3,0,239.0,193.0,112.0,214.0,23.25940669922602,10,0,195.13004,4,216,195.13004,157.18668479919432,247.53418350219724,20.869964599609375,20.869964599609375,XGBoost,4
2025-06-01,Lantus,TER-01,125,125840.0,1,1006.72,6,2,2025,6,0,216.0,210.0,125.0,221.66666666666663,15.307950004273383,10,0,193.38834,4,125,193.38834,154.5464874267578,243.91720809936524,-68.38833618164062,68.38833618164062,XGBoost,4
2025-07-01,Lantus,TER-01,158,151474.32,4,960.69,7,3,2025,1,0,125.0,239.0,186.0,193.33333333333331,60.285432181691576,10,0,151.9694,4,158,151.9694,114.48448753356934,209.56581115722656,6.0305938720703125,6.0305938720703125,XGBoost,4
2025-08-01,Lantus,TER-01,106,104332.6,3,986.8533333333334,8,3,2025,4,0,158.0,216.0,193.0,166.33333333333334,46.06878914550864,10,0,157.85156,4,106,157.85156,119.54990348815917,207.6050369262695,-51.8515625,51.8515625,XGBoost,4
2025-09-01,Lantus,TER-01,189,178508.61,1,944.49,9,3,2025,0,0,106.0,125.0,210.0,129.66666666666666,26.312227829154548,10,0,150.37584,4,189,150.37584,107.80627517700195,202.27059173583982,38.62416076660156,38.62416076660156,XGBoost,4
2025-10-01,Lantus,TER-01,155,147661.23,4,952.8,10,4,2025,2,0,189.0,158.0,239.0,151.0,41.94043395102156,10,0,165.93001,4,155,165.93001,124.65438461303711,212.17065963745117,-10.930007934570312,10.930007934570312,XGBoost,4
2025-11-01,Lantus,TER-01,174,159650.22,1,917.53,11,4,2025,5,0,155.0,106.0,216.0,150.0,41.72529209005016,10,0,165.7276,4,174,165.7276,127.2684425354004,220.72239570617674,8.27239990234375,8.27239990234375,XGBoost,4
2025-12-01,Lantus,TER-01,168,168543.46,3,978.2233333333334,12,4,2025,0,0,174.0,189.0,125.0,172.66666666666666,17.039170558842798,10,0,182.0704,4,168,182.0704,146.21371307373047,240.074698638916,-14.070404052734375,14.070404052734375,XGBoost,4
2025-05-01,Lantus,TER-02,139,131655.2,4,939.6275,5,2,2025,3,0,180.0,195.0,204.0,198.33333333333331,20.20725942163694,10,1,180.31067,4,139,180.31067,134.51984786987305,233.1058807373047,-41.3106689453125,41.3106689453125,XGBoost,4
2025-06-01,Lantus,TER-02,169,162079.72999999998,4,935.0275,6,2,2025,6,0,139.0,220.0,153.0,179.66666666666666,40.50102879351751,10,1,192.1652,4,169,192.1652,156.4067539215088,247.60121822357175,-23.165206909179688,23.165206909179688,XGBoost,4
2025-07-01,Lantus,TER-02,156,144952.08,1,929.18,7,3,2025,1,0,169.0,180.0,182.0,162.66666666666666,21.221058723196023,10,1,161.82915,4,156,161.82915,122.73840866088868,211.97070465087884,-5.8291473388671875,5.8291473388671875,XGBoost,4
2025-08-01,Lantus,TER-02,150,152252.94,3,1007.17,8,3,2025,4,0,156.0,139.0,195.0,154.66666666666666,15.044378795195698,10,1,161.60352,4,150,161.60352,120.02574157714844,211.69627799987788,-11.603515625,11.603515625,XGBoost,4
2025-09-01,Lantus,TER-02,235,217164.14,2,915.32,9,3,2025,0,0,150.0,169.0,220.0,158.33333333333334,9.71253485622235,10,1,170.26447,4,235,170.26447,134.34782791137695,222.84043426513668,64.73553466796875,64.73553466796875,XGBoost,4
2025-10-01,Lantus,TER-02,151,143691.47,4,945.815,10,4,2025,2,0,235.0,156.0,180.0,180.33333333333331,47.437678414245084,10,1,155.92662,4,151,155.92662,112.10240097045899,208.50712890624996,-4.9266204833984375,4.9266204833984375,XGBoost,4
2025-11-01,Lantus,TER-02,196,188245.48,4,929.8675,11,4,2025,5,0,151.0,150.0,139.0,178.66666666666666,48.7886598845811,10,1,184.17955,4,196,184.17955,148.3548496246338,238.17853927612302,11.820449829101562,11.820449829101562,XGBoost,4
2025-12-01,Lantus,TER-02,130,125088.62,4,940.14,12,4,2025,0,0,196.0,235.0,169.0,194.0,42.03569911396741,10,1,184.02138,4,130,184.02138,151.5810234069824,235.7511978149414,-54.02137756347656,54.02137756347656,XGBoost,4
2025-05-01,Lantus,TER-03,107,102582.57,2,972.51,5,2,2025,3,0,174.0,114.0,113.0,179.0,67.63874629234341,10,2,149.72812,4,107,149.72812,111.77990112304688,196.25485115051265,-42.728118896484375,42.728118896484375,XGBoost,4
2025-06-01,Lantus,TER-03,166,164447.9,1,990.65,6,2,2025,6,0,107.0,249.0,218.0,176.66666666666666,71.03754875650857,10,2,171.45078,4,166,171.45078,137.84551162719725,217.0015285491942,-5.450775146484375,5.450775146484375,XGBoost,4
2025-07-01,Lantus,TER-03,135,135728.34,4,930.505,7,3,2025,1,0,166.0,174.0,118.0,149.0,36.59234892706396,10,2,143.6744,4,135,143.6744,100.29446640014649,201.68638076782224,-8.674392700195312,8.674392700195312,XGBoost,4
2025-08-01,Lantus,TER-03,124,117168.84,1,944.91,8,3,2025,4,0,135.0,107.0,114.0,136.0,29.5127091267474,10,2,124.4211,4,124,124.4211,81.01243858337402,179.6600570678711,-0.4210968017578125,0.4210968017578125,XGBoost,4
2025-09-01,Lantus,TER-03,142,138367.79,2,981.445,9,3,2025,0,0,124.0,166.0,249.0,141.66666666666666,21.779194965226157,10,2,147.29709,4,142,147.29709,107.37072372436523,200.7810333251953,-5.297088623046875,5.297088623046875,XGBoost,4
2025-10-01,Lantus,TER-03,163,153576.2,2,965.88,10,4,2025,2,0,142.0,135.0,174.0,133.66666666666666,9.073771725877403,10,2,151.42102,4,163,151.42102,108.17708206176758,200.829084777832,11.5789794921875,11.5789794921875,XGBoost,4
2025-11-01,Lantus,TER-03,113,105964.82,3,948.47,11,4,2025,5,0,163.0,124.0,107.0,143.0,19.519221295943105,10,2,156.14952,4,113,156.14952,118.42987823486328,205.47818050384518,-43.14952087402344,43.14952087402344,XGBoost,4
2025-12-01,Lantus,TER-03,182,169429.69,4,968.7125,12,4,2025,0,0,113.0,142.0,166.0,139.33333333333334,25.106440076867376,10,2,124.728836,4,182,124.728836,79.63296356201172,174.82410049438474,57.27116394042969,57.27116394042969,XGBoost,4
2025-05-01,Lantus,TER-04,144,133297.92,1,925.68,5,2,2025,3,0,194.0,172.0,155.0,188.33333333333331,14.364307617610184,10,3,171.64713,4,144,171.64713,133.07911949157716,221.73460845947267,-27.647125244140625,27.647125244140625,XGBoost,4
2025-06-01,Lantus,TER-04,142,138019.74,1,971.97,6,2,2025,6,0,144.0,199.0,139.0,179.0,30.413812651491103,10,3,167.77591,4,142,167.77591,133.2022247314453,222.728759765625,-25.775909423828125,25.775909423828125,XGBoost,4
2025-07-01,Lantus,TER-04,144,138216.96,1,959.84,7,3,2025,1,0,142.0,194.0,191.0,160.0,29.46183972531248,10,3,136.09857,4,144,136.09857,94.23162002563477,190.54383888244627,7.90142822265625,7.90142822265625,XGBoost,4
2025-08-01,Lantus,TER-04,125,116870.77,2,961.925,8,3,2025,4,0,144.0,144.0,172.0,143.33333333333334,1.1547005383794955,10,3,138.54953,4,125,138.54953,99.56029281616212,191.37315330505368,-13.549530029296875,13.549530029296875,XGBoost,4
2025-09-01,Lantus,TER-04,139,110260.36,1,793.24,9,3,2025,0,0,125.0,142.0,199.0,137.0,10.440306508910576,10,3,125.852425,4,139,125.852425,87.26069984436035,167.74421615600585,13.147575378417969,13.147575378417969,XGBoost,4
2025-10-01,Lantus,TER-04,113,116482.66,1,1030.82,10,4,2025,2,0,139.0,144.0,194.0,136.0,9.848857801796134,10,3,110.97217,4,113,110.97217,68.99504241943359,159.37053451538083,2.02783203125,2.02783203125,XGBoost,4
2025-11-01,Lantus,TER-04,107,101201.67,1,945.81,11,4,2025,5,0,113.0,125.0,144.0,125.66666666666669,13.012814197295446,10,3,149.06253,4,107,149.06253,108.90357971191406,195.3197784423828,-42.062530517578125,42.062530517578125,XGBoost,4
2025-12-01,Lantus,TER-04,182,171545.92,1,942.56,12,4,2025,0,0,107.0,139.0,142.0,119.66666666666669,17.00980109623078,10,3,142.74678,4,182,142.74678,103.30077781677247,195.78260116577147,39.25321960449219,39.25321960449219,XGBoost,4
2025-05-01,Lantus,TER-05,116,112308.88,1,968.18,5,2,2025,3,0,105.0,136.0,133.0,123.0,16.093476939431063,10,4,128.39624,4,116,128.39624,84.80023536682128,184.04327011108393,-12.396240234375,12.396240234375,XGBoost,4
2025-06-01,Lantus,TER-05,135,128229.53,3,981.51,6,2,2025,6,0,116.0,128.0,165.0,116.33333333333331,11.503622617824904,10,4,133.02304,4,135,133.02304,95.24268951416016,180.23146324157713,1.976959228515625,1.976959228515625,XGBoost,4
2025-07-01,Lantus,TER-05,106,103129.83,4,977.5025,7,3,2025,1,0,135.0,105.0,132.0,118.66666666666669,15.176736583776258,10,4,114.81173,4,106,114.81173,76.45957946777344,169.2480041503906,-8.811729431152344,8.811729431152344,XGBoost,4
2025-08-01,Lantus,TER-05,120,116388.0,1,969.9,8,3,2025,4,0,106.0,116.0,136.0,119.0,14.73091986265621,10,4,129.97278,4,120,129.97278,88.18469848632813,178.72886238098144,-9.9727783203125,9.9727783203125,XGBoost,4
2025-09-01,Lantus,TER-05,111,107893.79,4,955.16,9,3,2025,0,0,120.0,135.0,128.0,120.33333333333331,14.502873278538036,10,4,127.376495,4,111,127.376495,91.54185066223144,181.37610912322995,-16.376495361328125,16.376495361328125,XGBoost,4
2025-10-01,Lantus,TER-05,188,166953.4,1,888.05,10,4,2025,2,0,111.0,106.0,105.0,112.33333333333331,7.094598884597533,10,4,115.54347,4,188,115.54347,81.20317993164062,173.555460357666,72.45652770996094,72.45652770996094,XGBoost,4
2025-11-01,Lantus,TER-05,171,156490.4,4,934.4275,11,4,2025,5,0,188.0,120.0,116.0,139.66666666666666,42.09908945967042,10,4,125.02392,4,171,125.02392,86.49689331054688,174.7850406646728,45.97608184814453,45.97608184814453,XGBoost,4
2025-12-01,Lantus,TER-05,178,165465.53999999998,2,932.43,12,4,2025,0,0,171.0,111.0,135.0,156.66666666666666,40.45161719058131,10,4,138.1361,4,178,138.1361,99.22104568481446,196.12858695983886,39.86390686035156,39.86390686035156,XGBoost,4
2025-05-01,Lantus,TER-06,114,106857.35,4,940.0375,5,2,2025,3,0,135.0,105.0,110.0,117.66666666666669,15.53490693030809,10,5,124.71532,4,114,124.71532,86.39569091796875,178.30740318298336,-10.715316772460938,10.715316772460938,XGBoost,4
2025-06-01,Lantus,TER-06,126,115504.74,4,945.74,6,2,2025,6,0,114.0,113.0,85.0,120.66666666666669,12.42309676905619,10,5,124.147995,4,126,124.147995,81.38610610961913,179.00485229492188,1.8520050048828125,1.8520050048828125,XGBoost,4
2025-07-01,Lantus,TER-06,126,123975.18,1,983.93,7,3,2025,1,0,126.0,135.0,106.0,125.0,10.535653752852786,10,5,113.039925,4,126,113.039925,71.1012809753418,169.04763660430905,12.960075378417969,12.960075378417969,XGBoost,4
2025-08-01,Lantus,TER-06,93,90143.97,1,969.29,8,3,2025,4,0,126.0,114.0,105.0,122.0,6.92820323027558,10,5,119.3035,4,93,119.3035,80.97452087402344,170.2523029327392,-26.303497314453125,26.303497314453125,XGBoost,4
2025-09-01,Lantus,TER-06,135,140984.55,1,1044.33,9,3,2025,0,0,93.0,126.0,113.0,115.0,19.052558883257674,10,5,94.05408,4,135,94.05408,50.791679763793944,144.07905540466308,40.9459228515625,40.9459228515625,XGBoost,4
2025-10-01,Lantus,TER-06,119,105041.19,2,889.035,10,4,2025,2,0,135.0,126.0,135.0,118.0,22.113344387496003,10,5,123.21594,4,119,123.21594,85.70589599609376,178.21965675354002,-4.2159423828125,4.2159423828125,XGBoost,4
2025-11-01,Lantus,TER-06,161,164257.03,1,1020.23,11,4,2025,5,0,119.0,93.0,114.0,115.66666666666669,21.197484127446216,10,5,124.943306,4,161,124.943306,81.7354637145996,178.94229507446286,36.05669403076172,36.05669403076172,XGBoost,4
2025-12-01,Lantus,TER-06,93,93661.62,3,967.2733333333332,12,4,2025,0,0,161.0,135.0,126.0,138.33333333333334,21.19748412744621,10,5,120.338776,4,93,120.338776,81.49692687988282,168.0612480163574,-27.338775634765625,27.338775634765625,XGBoost,4
2025-05-01,Lantus,TER-07,97,97655.69,3,1005.8133333333334,5,2,2025,3,0,104.0,95.0,145.0,129.0,51.293274412928646,10,6,126.37102,4,97,126.37102,85.54729766845703,176.91224670410156,-29.371017456054688,29.371017456054688,XGBoost,4
2025-06-01,Lantus,TER-07,168,156022.44,2,945.62,6,2,2025,6,0,97.0,188.0,155.0,129.66666666666666,50.639246966491655,10,6,130.59988,4,168,130.59988,88.73556518554688,183.52546272277826,37.400115966796875,37.400115966796875,XGBoost,4
2025-07-01,Lantus,TER-07,70,69777.16,2,989.07,7,3,2025,1,0,168.0,104.0,162.0,123.0,39.127995093027714,10,6,101.44278,4,70,101.44278,67.05764427185059,153.23703651428218,-31.442779541015625,31.442779541015625,XGBoost,4
2025-08-01,Lantus,TER-07,81,73059.57,1,901.97,8,3,2025,4,0,70.0,97.0,95.0,111.66666666666669,50.61949558552844,10,6,105.12526,4,81,105.12526,66.14673690795898,157.65975952148438,-24.125259399414062,24.125259399414062,XGBoost,4
2025-09-01,Lantus,TER-07,142,134308.58000000002,2,954.17,9,3,2025,0,0,81.0,168.0,188.0,106.33333333333331,53.68736660829373,10,6,129.6552,4,142,129.6552,91.75785522460937,182.0508850097656,12.344802856445312,12.344802856445312,XGBoost,4
2025-10-01,Lantus,TER-07,139,131418.09,4,932.0375,10,4,2025,2,0,142.0,70.0,104.0,97.66666666666669,38.78573620976314,10,6,100.26072,4,139,100.26072,66.73219261169433,152.6806098937988,38.739280700683594,38.739280700683594,XGBoost,4
2025-11-01,Lantus,TER-07,163,163278.75,2,990.055,11,4,2025,5,0,139.0,81.0,97.0,120.66666666666669,34.38507428134093,10,6,118.90845,4,163,118.90845,74.05893630981446,170.63409805297852,44.091552734375,44.091552734375,XGBoost,4
2025-12-01,Lantus,TER-07,133,135810.78,4,986.1225,12,4,2025,0,0,163.0,142.0,168.0,148.0,13.076696830622094,10,6,104.694466,4,133,104.694466,62.0539665222168,153.98574066162107,28.30553436279297,28.30553436279297,XGBoost,4
2025-05-01,Lantus,TER-08,157,146505.72999999998,4,939.5075,5,2,2025,3,0,156.0,161.0,93.0,167.66666666666666,16.072751268321564,10,7,111.7835,4,157,111.7835,74.204931640625,172.6361087799072,45.21649932861328,45.21649932861328,XGBoost,4
2025-06-01,Lantus,TER-08,136,130058.11000000002,3,960.0633333333334,6,2,2025,6,0,157.0,186.0,95.0,166.33333333333334,17.03917055884272,10,7,134.73293,4,136,134.73293,93.16203155517579,192.42454528808594,1.2670745849609375,1.2670745849609375,XGBoost,4
2025-07-01,Lantus,TER-08,100,96114.03,4,957.67,7,3,2025,1,0,136.0,156.0,143.0,149.66666666666666,11.846237095944543,10,7,108.55211,4,100,108.55211,71.67932243347168,166.21457519531245,-8.552108764648438,8.552108764648438,XGBoost,4
2025-08-01,Lantus,TER-08,77,73838.05,4,928.695,8,3,2025,4,0,100.0,157.0,161.0,131.0,28.827070610799137,10,7,118.1939,4,77,118.1939,80.40419921875001,167.57672958374025,-41.19390106201172,41.19390106201172,XGBoost,4
2025-09-01,Lantus,TER-08,97,93636.51,2,932.025,9,3,2025,0,0,77.0,136.0,186.0,104.33333333333331,29.73774257292124,10,7,123.79909,4,97,123.79909,83.23471298217774,175.52703094482422,-26.799087524414062,26.799087524414062,XGBoost,4
2025-10-01,Lantus,TER-08,178,172681.41,4,953.51,10,4,2025,2,0,97.0,100.0,156.0,91.33333333333331,12.503332889007329,10,7,104.38716,4,178,104.38716,63.531018829345705,162.00622634887694,73.61283874511719,73.61283874511719,XGBoost,4
2025-11-01,Lantus,TER-08,168,154536.48,1,919.86,11,4,2025,5,0,178.0,77.0,157.0,117.33333333333331,53.48208422764891,10,7,139.18346,4,168,139.18346,99.14364776611329,194.2552547454833,28.816543579101562,28.816543579101562,XGBoost,4
2025-12-01,Lantus,TER-08,107,101183.6,4,948.4375,12,4,2025,0,0,168.0,97.0,136.0,147.66666666666666,44.16257842714047,10,7,125.86731,4,107,125.86731,82.12167243957519,176.44749221801752,-18.8673095703125,18.8673095703125,XGBoost,4
2025-05-01,Lantus,TER-09,106,98660.84,4,951.0375,5,2,2025,3,0,100.0,169.0,132.0,126.33333333333331,37.28717384481336,10,8,114.83384,4,106,114.83384,77.0534881591797,167.89929466247554,-8.833839416503906,8.833839416503906,XGBoost,4
2025-06-01,Lantus,TER-09,101,96413.04,2,944.235,6,2,2025,6,0,106.0,110.0,146.0,105.33333333333331,5.033222956847144,10,8,129.16391,4,101,129.16391,85.89862442016602,180.80599403381348,-28.163909912109375,28.163909912109375,XGBoost,4
2025-07-01,Lantus,TER-09,124,114128.06,2,922.61,7,3,2025,1,0,101.0,100.0,101.0,102.33333333333331,3.21455025366428,10,8,100.34934,4,124,100.34934,52.49751968383789,155.3344711303711,23.650657653808594,23.650657653808594,XGBoost,4
2025-08-01,Lantus,TER-09,79,75268.68,3,947.48,8,3,2025,4,0,124.0,106.0,169.0,110.33333333333331,12.096831541082697,10,8,120.37296,4,79,120.37296,78.45222091674805,175.2350769042968,-41.372962951660156,41.372962951660156,XGBoost,4
2025-09-01,Lantus,TER-09,94,87598.6,1,931.9,9,3,2025,0,0,79.0,101.0,110.0,101.33333333333331,22.501851775650223,10,8,102.2858,4,94,102.2858,66.67932891845703,160.06031799316406,-8.285797119140625,8.285797119140625,XGBoost,4
2025-10-01,Lantus,TER-09,125,120011.43,3,960.71,10,4,2025,2,0,94.0,124.0,100.0,99.0,22.912878474779195,10,8,115.9641,4,125,115.9641,78.20490036010742,163.30576972961418,9.035896301269531,9.035896301269531,XGBoost,4
2025-11-01,Lantus,TER-09,145,133270.8,2,923.93,11,4,2025,5,0,125.0,79.0,106.0,99.33333333333331,23.45918441321721,10,8,132.84497,4,145,132.84497,89.46504440307618,190.50789413452148,12.155029296875,12.155029296875,XGBoost,4
2025-12-01,Lantus,TER-09,99,100456.29,1,1014.71,12,4,2025,0,0,145.0,94.0,101.0,121.33333333333331,25.696951829610715,10,8,128.05905,4,99,128.05905,89.34269104003907,181.64939537048335,-29.059051513671875,29.059051513671875,XGBoost,4
2025-05-01,Lantus,TER-10,101,97038.11,3,924.51,5,2,2025,3,0,142.0,100.0,83.0,140.33333333333334,39.5263625107767,10,9,104.87294,4,101,104.87294,64.05672187805176,160.89229755401607,-3.8729400634765625,3.8729400634765625,XGBoost,4
2025-06-01,Lantus,TER-10,142,142979.28,2,1009.96,6,2,2025,6,0,101.0,179.0,156.0,140.66666666666666,39.01709027251179,10,9,117.4894,4,142,117.4894,76.9574951171875,165.84197235107422,24.510597229003906,24.510597229003906,XGBoost,4
2025-07-01,Lantus,TER-10,130,110065.23,2,852.995,7,3,2025,1,0,142.0,142.0,133.0,128.33333333333334,23.671361036774663,10,9,109.57783,4,130,109.57783,66.2373104095459,167.25434684753415,20.42217254638672,20.42217254638672,XGBoost,4
2025-08-01,Lantus,TER-10,93,87891.20999999999,2,956.72,8,3,2025,4,0,130.0,101.0,100.0,124.33333333333331,21.079215671683176,10,9,119.02447,4,93,119.02447,79.55093994140626,171.39710693359376,-26.02446746826172,26.02446746826172,XGBoost,4
2025-09-01,Lantus,TER-10,137,123905.94,4,913.6,9,3,2025,0,0,93.0,142.0,179.0,121.66666666666669,25.540817005987364,10,9,116.32049,4,137,116.32049,77.36796646118164,168.8680236816406,20.67951202392578,20.67951202392578,XGBoost,4
2025-10-01,Lantus,TER-10,117,102238.11,1,873.83,10,4,2025,2,0,137.0,130.0,142.0,120.0,23.64318083507377,10,9,133.85927,4,117,133.85927,93.85188217163086,178.5410247802734,-16.859268188476562,16.859268188476562,XGBoost,4
2025-11-01,Lantus,TER-10,168,158669.28,1,944.46,11,4,2025,5,0,117.0,93.0,101.0,115.66666666666669,22.0302821891444,10,9,125.49583,4,168,125.49583,78.2327507019043,180.98494644165032,42.504173278808594,42.504173278808594,XGBoost,4
2025-12-01,Lantus,TER-10,102,104410.26,1,1023.63,12,4,2025,0,0,168.0,137.0,142.0,140.66666666666666,25.69695182961073,10,9,110.514305,4,102,110.514305,67.35715141296387,162.96622505187986,-8.514305114746094,8.514305114746094,XGBoost,4
2025-05-01,Lantus,TER-11,88,92194.64,2,1051.4299999999998,5,2,2025,3,0,89.0,169.0,153.0,143.33333333333334,47.07794954470016,10,10,104.96856,4,88,104.96856,67.04020690917969,156.81968345642088,-16.96855926513672,16.96855926513672,XGBoost,4
2025-06-01,Lantus,TER-11,172,174818.4,2,1006.55,6,2,2025,6,0,88.0,172.0,171.0,116.33333333333331,48.211340298039154,10,10,136.27223,4,172,136.27223,99.69441261291504,193.445189666748,35.72776794433594,35.72776794433594,XGBoost,4
2025-07-01,Lantus,TER-11,75,68461.5,3,932.3133333333334,7,3,2025,1,0,172.0,89.0,163.0,116.33333333333331,48.211340298039154,10,10,117.38475,4,75,117.38475,72.52427978515625,170.29073028564449,-42.38475036621094,42.38475036621094,XGBoost,4
2025-08-01,Lantus,TER-11,125,126843.07,3,965.0533333333332,8,3,2025,4,0,75.0,88.0,169.0,111.66666666666669,52.65295180076169,10,10,116.11136,4,125,116.11136,77.42294998168946,168.13887386322003,8.888641357421875,8.888641357421875,XGBoost,4
2025-09-01,Lantus,TER-11,117,112318.61,4,992.925,9,3,2025,0,0,125.0,172.0,172.0,124.0,48.50773134253962,10,10,131.50626,4,117,131.50626,93.19670372009277,186.55551872253417,-14.506256103515625,14.506256103515625,XGBoost,4
2025-10-01,Lantus,TER-11,166,154526.92,3,930.3233333333334,10,4,2025,2,0,117.0,75.0,89.0,105.66666666666669,26.857649437978257,10,10,108.4726,4,166,108.4726,70.06829071044922,158.5999183654785,57.52739715576172,57.52739715576172,XGBoost,4
2025-11-01,Lantus,TER-11,165,163808.91,3,967.74,11,4,2025,5,0,166.0,125.0,88.0,136.0,26.28687885618984,10,10,131.90247,4,165,131.90247,90.00997161865234,183.3518859863281,33.0975341796875,33.0975341796875,XGBoost,4
2025-12-01,Lantus,TER-11,132,133337.76,2,1025.04,12,4,2025,0,0,165.0,117.0,172.0,149.33333333333334,28.005951748393297,10,10,117.00053,4,132,117.00053,80.95893173217773,169.18963890075682,14.999473571777344,14.999473571777344,XGBoost,4
2025-05-01,Lantus,TER-12,113,115666.8,1,1023.6,5,2,2025,3,0,123.0,153.0,109.0,140.66666666666666,15.695009822658063,10,11,91.60789,4,113,91.60789,48.24222030639648,145.9929244995117,21.392112731933594,21.392112731933594,XGBoost,4
2025-06-01,Lantus,TER-12,144,140417.92,4,965.3625,6,2,2025,6,0,113.0,146.0,83.0,127.33333333333331,16.921386861996062,10,11,115.625626,4,144,115.625626,71.25398025512696,165.38949203491208,28.374374389648438,28.374374389648438,XGBoost,4
2025-07-01,Lantus,TER-12,64,62033.3,2,963.395,7,3,2025,1,0,144.0,123.0,101.0,126.66666666666669,15.821925715074409,10,11,107.35775,4,64,107.35775,70.5464916229248,160.24180526733394,-43.357749938964844,43.357749938964844,XGBoost,4
2025-08-01,Lantus,TER-12,92,89805.28,3,962.5766666666668,8,3,2025,4,0,64.0,113.0,153.0,107.0,40.336088060197405,10,11,100.08696,4,92,100.08696,63.47771911621094,149.4848709106445,-8.086959838867188,8.086959838867188,XGBoost,4
2025-09-01,Lantus,TER-12,110,105552.55,3,956.8466666666668,9,3,2025,0,0,92.0,144.0,146.0,100.0,40.59556626036887,10,11,110.39043,4,110,110.39043,66.56520309448243,169.72757720947263,-0.3904266357421875,0.3904266357421875,XGBoost,4
2025-10-01,Lantus,TER-12,155,147044.95,4,927.5975,10,4,2025,2,0,110.0,64.0,123.0,88.66666666666667,23.18045153428493,10,11,108.70699,4,155,108.70699,60.68757553100586,160.49008178710932,46.293006896972656,46.293006896972656,XGBoost,4
2025-11-01,Lantus,TER-12,96,86684.2,2,912.375,11,4,2025,5,0,155.0,92.0,113.0,119.0,32.44996147917589,10,11,150.14897,4,96,150.14897,113.56971626281738,207.1869010925293,-54.14897155761719,54.14897155761719,XGBoost,4
2025-12-01,Lantus,TER-12,106,102314.38,1,965.23,12,4,2025,0,0,96.0,110.0,144.0,120.33333333333331,30.827476921300786,10,11,107.20771,4,106,107.20771,61.00836639404297,159.68806457519528,-1.2077102661132812,1.2077102661132812,XGBoost,4
2025-05-01,Lantus,TER-13,107,109984.36,2,967.43,5,2,2025,3,0,129.0,89.0,83.0,126.33333333333331,36.073998022583154,10,12,107.55284,4,107,107.55284,73.08614196777344,159.30688476562497,-0.5528411865234375,0.5528411865234375,XGBoost,4
2025-06-01,Lantus,TER-13,129,107564.92,3,926.5466666666669,6,2,2025,6,0,107.0,161.0,100.0,132.33333333333334,27.153882472555072,10,12,113.80926,4,129,113.80926,71.21207809448242,163.96014328002926,15.190742492675781,15.190742492675781,XGBoost,4
2025-07-01,Lantus,TER-13,80,78604.45,4,971.9525,7,3,2025,1,0,129.0,129.0,115.0,121.66666666666669,12.701705922171788,10,12,109.532074,4,80,109.532074,67.54436492919922,160.782596206665,-29.532073974609375,29.532073974609375,XGBoost,4
2025-08-01,Lantus,TER-13,107,106135.09,4,960.235,8,3,2025,4,0,80.0,107.0,89.0,105.33333333333331,24.542480178933296,10,12,101.446686,4,107,101.446686,61.59500350952148,148.84797515869138,5.553314208984375,5.553314208984375,XGBoost,4
2025-09-01,Lantus,TER-13,92,83108.84,2,939.44,9,3,2025,0,0,107.0,129.0,161.0,105.33333333333331,24.542480178933296,10,12,103.27945,4,92,103.27945,72.3738265991211,157.79185638427734,-11.279449462890625,11.279449462890625,XGBoost,4
2025-10-01,Lantus,TER-13,110,102598.16,3,950.5833333333334,10,4,2025,2,0,92.0,80.0,129.0,93.0,13.527749258468694,10,12,120.71811,4,110,120.71811,82.42248001098633,178.52656097412105,-10.718109130859375,10.718109130859375,XGBoost,4
2025-11-01,Lantus,TER-13,128,123816.7,4,947.015,11,4,2025,5,0,110.0,107.0,107.0,103.0,9.64365076099297,10,12,132.57594,4,128,132.57594,93.21737823486328,191.8580295562744,-4.5759429931640625,4.5759429931640625,XGBoost,4
2025-12-01,Lantus,TER-13,166,152032.05,2,918.395,12,4,2025,0,0,128.0,92.0,129.0,110.0,18.000000000000007,10,12,106.370155,4,166,106.370155,69.05272369384765,153.06327362060546,59.629844665527344,59.629844665527344,XGBoost,4
2025-05-01,Lantus,TER-14,101,96322.49,4,977.9625,5,2,2025,3,0,129.0,98.0,99.0,111.33333333333331,15.947831618540906,10,13,110.532875,4,101,110.532875,70.21527404785157,162.40389862060547,-9.532875061035156,9.532875061035156,XGBoost,4
2025-06-01,Lantus,TER-14,89,81601.43,1,916.87,6,2,2025,6,0,101.0,107.0,147.0,112.33333333333331,14.742229591663978,10,13,130.00955,4,89,130.00955,88.4461597442627,175.42153701782226,-41.009552001953125,41.009552001953125,XGBoost,4
2025-07-01,Lantus,TER-14,65,59804.96000000001,2,919.555,7,3,2025,1,0,89.0,129.0,98.0,106.33333333333331,20.52640575778753,10,13,93.74904,4,65,93.74904,54.95511131286621,149.35557918548582,-28.749038696289062,28.749038696289062,XGBoost,4
2025-08-01,Lantus,TER-14,103,96406.25,2,908.63,8,3,2025,4,0,65.0,101.0,98.0,85.0,18.33030277982335,10,13,87.175316,4,103,87.175316,40.97535629272461,146.15832901000974,15.824684143066406,15.824684143066406,XGBoost,4
2025-09-01,Lantus,TER-14,75,64175.100000000006,2,863.6,9,3,2025,0,0,103.0,89.0,107.0,85.66666666666667,19.218047073866085,10,13,93.28591,4,75,93.28591,47.27077407836914,142.9424102783203,-18.285911560058594,18.285911560058594,XGBoost,4
2025-10-01,Lantus,TER-14,133,128286.13999999998,3,950.62,10,4,2025,2,0,75.0,65.0,129.0,81.0,19.6977156035922,10,13,97.912125,4,133,97.912125,54.705902099609375,149.78958892822266,35.08787536621094,35.08787536621094,XGBoost,4
2025-11-01,Lantus,TER-14,93,93433.14,4,986.725,11,4,2025,5,0,133.0,103.0,101.0,103.66666666666669,29.00574655707611,10,13,109.20518,4,93,109.20518,63.14249267578125,161.0308952331543,-16.205177307128906,16.205177307128906,XGBoost,4
2025-12-01,Lantus,TER-14,106,93011.82,1,877.47,12,4,2025,0,0,93.0,75.0,89.0,100.33333333333331,29.687258770949747,10,13,99.77246,4,106,99.77246,58.13137092590332,151.664111328125,6.2275390625,6.2275390625,XGBoost,4
2025-05-01,Lantus,TER-15,150,145954.32,3,961.31,5,2,2025,3,0,106.0,85.0,97.0,122.0,47.085029467974216,10,14,92.02568,4,150,92.02568,48.820081329345705,141.3575265884399,57.97431945800781,57.97431945800781,XGBoost,4
2025-06-01,Lantus,TER-15,116,108182.54,3,968.2866666666667,6,2,2025,6,0,150.0,175.0,134.0,143.66666666666666,34.93326972004386,10,14,125.86356,4,116,125.86356,85.50903625488282,178.25194549560547,-9.863563537597656,9.863563537597656,XGBoost,4
2025-07-01,Lantus,TER-15,116,117902.88,2,1014.81,7,3,2025,1,0,116.0,106.0,140.0,124.0,23.065125189341583,10,14,95.933945,4,116,95.933945,55.429541778564456,142.34792137145993,20.066055297851562,20.066055297851562,XGBoost,4
2025-08-01,Lantus,TER-15,101,94544.08,1,936.08,8,3,2025,4,0,116.0,150.0,85.0,127.33333333333331,19.62990915244727,10,14,100.40518,4,101,100.40518,61.44391784667969,152.98569030761715,0.594818115234375,0.594818115234375,XGBoost,4
2025-09-01,Lantus,TER-15,78,72816.9,1,933.55,9,3,2025,0,0,101.0,116.0,175.0,111.0,8.660254037844316,10,14,103.36152,4,78,103.36152,60.90728607177734,161.05313873291016,-25.36151885986328,25.36151885986328,XGBoost,4
2025-10-01,Lantus,TER-15,83,81631.33,1,983.51,10,4,2025,2,0,78.0,116.0,106.0,98.33333333333331,19.139836293274072,10,14,107.45796,4,83,107.45796,64.30153541564941,162.52099266052244,-24.457962036132812,24.457962036132812,XGBoost,4
2025-11-01,Lantus,TER-15,82,82872.66,2,995.43,11,4,2025,5,0,83.0,101.0,150.0,87.33333333333333,12.0968315410826,10,14,94.80699,4,82,94.80699,53.592010498046875,146.05289611816406,-12.806991577148438,12.806991577148438,XGBoost,4
2025-12-01,Lantus,TER-15,142,139071.63,4,962.2125,12,4,2025,0,0,82.0,78.0,116.0,81.0,2.645751311064048,10,14,94.92684,4,142,94.92684,55.95751037597657,147.90192337036132,47.073158264160156,47.073158264160156,XGBoost,4
2025-05-01,Lantus,TER-16,130,118680.22,2,913.65,5,2,2025,3,0,118.0,121.0,138.0,129.33333333333334,17.097758137642884,10,15,112.79436,4,130,112.79436,77.16130218505859,169.74190216064449,17.205642700195312,17.205642700195312,XGBoost,4
2025-06-01,Lantus,TER-16,119,116010.37,2,967.325,6,2,2025,6,0,130.0,149.0,105.0,132.33333333333334,15.631165450257807,10,15,109.288315,4,119,109.288315,66.2955322265625,162.11649932861326,9.711685180664062,9.711685180664062,XGBoost,4
2025-07-01,Lantus,TER-16,94,88891.1,1,945.65,7,3,2025,1,0,119.0,118.0,156.0,122.33333333333331,6.658328118479417,10,15,95.790924,4,94,95.790924,51.9207015991211,149.3601318359375,-1.790924072265625,1.790924072265625,XGBoost,4
2025-08-01,Lantus,TER-16,64,60035.04,4,939.76,8,3,2025,4,0,94.0,130.0,121.0,114.33333333333331,18.448125469362296,10,15,117.47567,4,64,117.47567,85.07526321411133,175.83552856445306,-53.475669860839844,53.475669860839844,XGBoost,4
2025-09-01,Lantus,TER-16,92,87253.83,3,929.96,9,3,2025,0,0,64.0,119.0,149.0,92.33333333333331,27.53785273643053,10,15,109.1787,4,92,109.1787,71.25419692993164,161.00152206420898,-17.17870330810547,17.17870330810547,XGBoost,4
2025-10-01,Lantus,TER-16,75,70468.7,3,925.8933333333332,10,4,2025,2,0,92.0,94.0,118.0,83.33333333333333,16.77299416721221,10,15,112.95336,4,75,112.95336,66.25350418090821,164.77907943725586,-37.95336151123047,37.95336151123047,XGBoost,4
2025-11-01,Lantus,TER-16,129,126528.36,1,980.84,11,4,2025,5,0,75.0,64.0,130.0,77.0,14.106735979665942,10,15,95.86533,4,129,95.86533,53.063008880615236,147.82840728759757,33.134666442871094,33.134666442871094,XGBoost,4
2025-12-01,Lantus,TER-16,127,122794.24,2,967.57,12,4,2025,0,0,129.0,92.0,119.0,98.66666666666669,27.610384519838437,10,15,104.719215,4,127,104.719215,70.30308570861817,152.03954277038568,22.280784606933594,22.280784606933594,XGBoost,4
2025-05-01,Lantus,TER-17,106,106964.84,2,970.16,5,2,2025,3,0,116.0,118.0,73.0,132.33333333333334,26.576932353703523,10,16,100.527435,4,106,100.527435,57.81623458862305,150.59995040893554,5.472564697265625,5.472564697265625,XGBoost,4
2025-06-01,Lantus,TER-17,101,83964.48,2,907.005,6,2,2025,6,0,106.0,163.0,135.0,128.33333333333334,30.435724623102587,10,16,138.80646,4,101,138.80646,94.41850891113282,193.23720169067377,-37.80645751953125,37.80645751953125,XGBoost,4
2025-07-01,Lantus,TER-17,85,83605.22,4,964.185,7,3,2025,1,0,101.0,116.0,69.0,107.66666666666669,7.637626158259753,10,16,99.77594,4,85,99.77594,57.33946838378906,154.8223117828369,-14.77593994140625,14.77593994140625,XGBoost,4
2025-08-01,Lantus,TER-17,87,85134.09,4,972.3875,8,3,2025,4,0,85.0,106.0,118.0,97.33333333333331,10.969655114602904,10,16,111.430595,4,87,111.430595,68.98291625976563,161.29097328186035,-24.43059539794922,24.43059539794922,XGBoost,4
2025-09-01,Lantus,TER-17,90,74955.6,1,832.84,9,3,2025,0,0,87.0,101.0,163.0,91.0,8.717797887081362,10,16,101.51713,4,90,101.51713,59.5633041381836,152.090941619873,-11.517127990722656,11.517127990722656,XGBoost,4
2025-10-01,Lantus,TER-17,130,127500.38,2,980.89,10,4,2025,2,0,90.0,85.0,116.0,87.33333333333333,2.516611478423636,10,16,94.78343,4,130,94.78343,56.45445556640625,148.58370971679688,35.21656799316406,35.21656799316406,XGBoost,4
2025-11-01,Lantus,TER-17,76,75349.71,2,1018.335,11,4,2025,5,0,130.0,87.0,106.0,102.33333333333331,24.006943440041127,10,16,118.70355,4,76,118.70355,82.44332122802734,169.2400722503662,-42.70355224609375,42.70355224609375,XGBoost,4
2025-12-01,Lantus,TER-17,142,138438.63999999998,4,971.7175,12,4,2025,0,0,76.0,90.0,101.0,98.66666666666669,28.02379940931161,10,16,94.265434,4,142,94.265434,55.62889785766602,140.96727638244627,47.73456573486328,47.73456573486328,XGBoost,4
2025-05-01,Lantus,TER-18,133,134335.32,2,1012.43,5,2,2025,3,0,124.0,79.0,97.0,105.66666666666669,23.629078131263046,10,17,99.31478,4,133,99.31478,62.000784683227536,150.5443733215332,33.685218811035156,33.685218811035156,XGBoost,4
2025-06-01,Lantus,TER-18,97,93775.03,4,954.4025,6,2,2025,6,0,133.0,114.0,106.0,123.66666666666669,9.504384952922166,10,17,139.05278,4,97,139.05278,100.480810546875,196.84173774719238,-42.05278015136719,42.05278015136719,XGBoost,4
2025-07-01,Lantus,TER-18,87,81594.05,4,924.69,7,3,2025,1,0,97.0,124.0,111.0,118.0,18.734993995195197,10,17,102.899025,4,87,102.899025,65.60136833190919,150.19153022766102,-15.899024963378906,15.899024963378906,XGBoost,4
2025-08-01,Lantus,TER-18,69,68932.94,3,979.9633333333336,8,3,2025,4,0,87.0,133.0,79.0,105.66666666666669,24.193663082165404,10,17,98.55561,4,69,98.55561,55.198326873779294,153.04988861083984,-29.55561065673828,29.55561065673828,XGBoost,4
2025-09-01,Lantus,TER-18,113,115743.64,1,1024.28,9,3,2025,0,0,69.0,97.0,114.0,84.33333333333333,14.189197769195172,10,17,83.93466,4,113,83.93466,40.07613143920899,135.82631225585936,29.065338134765625,29.065338134765625,XGBoost,4
2025-10-01,Lantus,TER-18,105,100229.85,1,954.57,10,4,2025,2,0,113.0,87.0,124.0,89.66666666666667,22.120880030716076,10,17,108.413826,4,105,108.413826,66.77273597717286,156.1602516174316,-3.4138259887695312,3.4138259887695312,XGBoost,4
2025-11-01,Lantus,TER-18,84,80132.39,3,942.3766666666668,11,4,2025,5,0,105.0,69.0,133.0,95.66666666666669,23.43786110832925,10,17,114.76395,4,84,114.76395,77.58458023071289,164.89567413330076,-30.763946533203125,30.763946533203125,XGBoost,4
2025-12-01,Lantus,TER-18,130,121033.12,4,937.84,12,4,2025,0,0,84.0,113.0,97.0,100.66666666666669,14.977761292440634,10,17,112.1258,4,130,112.1258,74.6425838470459,158.08604354858397,17.87419891357422,17.87419891357422,XGBoost,4
2025-05-01,Lantus,TER-19,112,114092.26,3,988.0533333333332,5,2,2025,3,0,101.0,104.0,92.0,114.66666666666669,21.126602503321102,10,18,95.12089,4,112,95.12089,58.39966201782227,146.350479888916,16.879112243652344,16.879112243652344,XGBoost,4
2025-06-01,Lantus,TER-19,141,132201.6,1,937.6,6,2,2025,6,0,112.0,139.0,131.0,117.33333333333331,19.55334583474996,10,18,112.23121,4,141,112.23121,74.47133102416993,164.69299964904783,28.76879119873047,28.76879119873047,XGBoost,4
2025-07-01,Lantus,TER-19,69,70873.35,1,1027.15,7,3,2025,1,0,141.0,101.0,73.0,118.0,20.66397831977183,10,18,74.51248,4,69,74.51248,31.81287612915039,129.2757827758789,-5.512481689453125,5.512481689453125,XGBoost,4
2025-08-01,Lantus,TER-19,53,49955.56,2,980.24,8,3,2025,4,0,69.0,112.0,104.0,107.33333333333331,36.22614157391501,10,18,93.343765,4,53,93.343765,49.17044258117676,148.66342849731438,-40.34376525878906,40.34376525878906,XGBoost,4
2025-09-01,Lantus,TER-19,79,75446.44,2,954.6,9,3,2025,0,0,53.0,141.0,139.0,87.66666666666667,46.87572221665853,10,18,94.17781,4,79,94.17781,48.991678619384764,139.96438293457018,-15.177810668945312,15.177810668945312,XGBoost,4
2025-10-01,Lantus,TER-19,73,75847.78,4,1023.22,10,4,2025,2,0,79.0,69.0,101.0,67.0,13.114877048604034,10,18,75.296684,4,73,75.296684,36.71186561584473,121.81469268798826,-2.2966842651367188,2.2966842651367188,XGBoost,4
2025-11-01,Lantus,TER-19,70,69892.22,4,982.76,11,4,2025,5,0,73.0,53.0,112.0,68.33333333333333,13.613718571108125,10,18,84.56711,4,70,84.56711,48.44770050048828,139.42876510620115,-14.567108154296875,14.567108154296875,XGBoost,4
2025-12-01,Lantus,TER-19,146,135786.88,4,937.775,12,4,2025,0,0,70.0,79.0,141.0,74.0,4.582575694955939,10,18,94.11737,4,146,94.11737,55.185830307006846,146.69787902832027,51.88262939453125,51.88262939453125,XGBoost,4
2025-05-01,Lantus,TER-20,68,66523.02,2,984.52,5,2,2025,3,0,109.0,88.0,75.0,102.33333333333331,12.423096769056151,10,19,97.99228,4,68,97.99228,65.23714256286621,149.43955917358397,-29.992279052734375,29.992279052734375,XGBoost,4
2025-06-01,Lantus,TER-20,98,90825.12,4,952.335,6,2,2025,6,0,68.0,110.0,86.0,95.66666666666669,23.965252624024927,10,19,115.27089,4,98,115.27089,72.54481773376465,168.72555541992188,-17.270889282226562,17.270889282226562,XGBoost,4
2025-07-01,Lantus,TER-20,105,95095.35,1,905.67,7,3,2025,1,0,98.0,109.0,144.0,91.66666666666669,21.221058723196013,10,19,92.55371,4,105,92.55371,53.9171745300293,150.8606750488281,12.4462890625,12.4462890625,XGBoost,4
2025-08-01,Lantus,TER-20,84,76887.89,2,911.035,8,3,2025,4,0,105.0,68.0,88.0,90.33333333333331,19.65536398374077,10,19,84.538666,4,84,84.538666,42.67171401977539,135.89321670532226,-0.538665771484375,0.538665771484375,XGBoost,4
2025-09-01,Lantus,TER-20,127,123372.86,2,976.1,9,3,2025,0,0,84.0,98.0,110.0,95.66666666666669,10.692676621563653,10,19,101.006256,4,127,101.006256,64.8803337097168,152.91657218933102,25.993743896484375,25.993743896484375,XGBoost,4
2025-10-01,Lantus,TER-20,104,105122.16,1,1010.79,10,4,2025,2,0,127.0,105.0,109.0,105.33333333333331,21.5019378971602,10,19,92.60675,4,104,92.60675,53.76490173339844,144.99733772277833,11.39324951171875,11.39324951171875,XGBoost,4
2025-11-01,Lantus,TER-20,88,82067.03,4,939.485,11,4,2025,5,0,104.0,84.0,68.0,105.0,21.51743479135003,10,19,104.30346,4,88,104.30346,65.46161041259766,149.59279479980464,-16.30345916748047,16.30345916748047,XGBoost,4
2025-12-01,Lantus,TER-20,85,75328.7,1,886.22,12,4,2025,0,0,88.0,127.0,98.0,106.33333333333331,19.6044212700435,10,19,107.31565,4,85,107.31565,68.89848785400392,159.89615936279293,-22.315650939941406,22.315650939941406,XGBoost,4
2025-05-01,Lipitor,TER-01,215,75071.55,1,349.17,5,2,2025,3,0,351.0,201.0,165.0,271.6666666666667,75.37461995481853,11,0,236.18137,4,215,236.18137,188.5149383544922,288.6277698516845,-21.181365966796875,21.181365966796875,XGBoost,4
2025-06-01,Lipitor,TER-01,325,113974.47,4,354.4875,6,2,2025,6,0,215.0,263.0,239.0,276.3333333333333,68.9734248340136,11,0,286.0873,4,325,286.0873,248.0882438659668,337.3067939758301,38.912689208984375,38.912689208984375,XGBoost,4
2025-07-01,Lipitor,TER-01,167,55900.36,4,335.195,7,3,2025,1,0,325.0,351.0,219.0,297.0,72.19418259112012,11,0,269.3188,4,167,269.3188,234.8324634552002,319.8780548095703,-102.31878662109375,102.31878662109375,XGBoost,4
2025-08-01,Lipitor,TER-01,278,99833.62,3,350.45,8,3,2025,4,0,167.0,215.0,201.0,235.66666666666663,81.00205758703494,11,0,214.28032,4,278,214.28032,171.92544860839843,268.1610038757324,63.71968078613281,63.71968078613281,XGBoost,4
2025-09-01,Lipitor,TER-01,291,94772.61,3,348.43666666666667,9,3,2025,0,0,278.0,325.0,263.0,256.6666666666667,81.13158036999727,11,0,236.0531,4,291,236.0531,201.2878890991211,296.2275856018066,54.9468994140625,54.9468994140625,XGBoost,4
2025-10-01,Lipitor,TER-01,358,119337.38,2,336.87,10,4,2025,2,0,291.0,167.0,351.0,245.33333333333331,68.1493458026805,11,0,265.25815,4,358,265.25815,223.4358657836914,317.8056838989258,92.74185180664062,92.74185180664062,XGBoost,4
2025-11-01,Lipitor,TER-01,276,108788.2,2,382.56,11,4,2025,5,0,358.0,278.0,215.0,309.0,42.93017586733127,11,0,276.92712,4,276,276.92712,235.35623016357422,331.3584747314453,-0.9271240234375,0.9271240234375,XGBoost,4
2025-12-01,Lipitor,TER-01,339,122933.84,3,364.8,12,4,2025,0,0,276.0,291.0,325.0,308.3333333333333,43.66157731155993,11,0,248.40477,4,339,248.40477,208.9587673187256,300.2558940887451,90.59523010253906,90.59523010253906,XGBoost,4
2025-05-01,Lipitor,TER-02,156,61457.19,2,369.615,5,2,2025,3,0,284.0,277.0,281.0,299.6666666666667,33.38163167571846,11,1,222.47818,4,156,222.47818,188.72733230590822,276.9192543029785,-66.47817993164062,66.47817993164062,XGBoost,4
2025-06-01,Lipitor,TER-02,258,88736.52,1,343.94,6,2,2025,6,0,156.0,338.0,316.0,259.3333333333333,93.4737039671229,11,1,291.7222,4,258,291.7222,254.08759460449218,342.9147529602051,-33.722198486328125,33.722198486328125,XGBoost,4
2025-07-01,Lipitor,TER-02,220,70411.0,1,320.05,7,3,2025,1,0,258.0,284.0,181.0,232.66666666666663,67.65599258996447,11,1,196.48291,4,220,196.48291,156.56725997924804,250.05211791992187,23.51708984375,23.51708984375,XGBoost,4
2025-08-01,Lipitor,TER-02,203,69763.09,4,345.7,8,3,2025,4,0,220.0,156.0,277.0,211.33333333333331,51.54932912592875,11,1,231.68073,4,203,231.68073,189.2264831542969,280.4845260620117,-28.68072509765625,28.68072509765625,XGBoost,4
2025-09-01,Lipitor,TER-02,256,85821.44,1,335.24,9,3,2025,0,0,203.0,258.0,338.0,227.0,28.16025568065731,11,1,231.27786,4,256,231.27786,188.14205589294434,284.75762367248535,24.722137451171875,24.722137451171875,XGBoost,4
2025-10-01,Lipitor,TER-02,243,90842.28,3,364.66,10,4,2025,2,0,256.0,220.0,284.0,226.33333333333331,27.06165799305958,11,1,224.2797,4,243,224.2797,186.55214157104493,274.83926773071283,18.720306396484375,18.720306396484375,XGBoost,4
2025-11-01,Lipitor,TER-02,172,57767.92,1,335.86,11,4,2025,5,0,243.0,203.0,156.0,234.0,27.622454633866123,11,1,212.7218,4,172,212.7218,169.47786331176758,270.4175086975098,-40.7218017578125,40.7218017578125,XGBoost,4
2025-12-01,Lipitor,TER-02,298,103985.92,3,345.68333333333334,12,4,2025,0,0,172.0,256.0,258.0,223.66666666666663,45.21430452117256,11,1,228.048,4,298,228.048,185.26892890930176,274.60511169433585,69.95199584960938,69.95199584960938,XGBoost,4
2025-05-01,Lipitor,TER-03,153,54729.03,4,366.5225,5,2,2025,3,0,167.0,313.0,272.0,234.66666666666663,73.58215363342751,11,2,208.57036,4,153,208.57036,171.2529266357422,256.2278465270996,-55.57035827636719,55.57035827636719,XGBoost,4
2025-06-01,Lipitor,TER-03,271,84449.02,1,311.62,6,2,2025,6,0,153.0,224.0,260.0,181.33333333333331,37.60762334066497,11,2,255.20712,4,271,255.20712,213.21859588623047,313.5734382629394,15.792877197265625,15.792877197265625,XGBoost,4
2025-07-01,Lipitor,TER-03,197,71915.98,2,377.48,7,3,2025,1,0,271.0,167.0,203.0,197.0,64.46704584514477,11,2,174.57343,4,197,174.57343,136.27715759277345,231.6018424987793,22.42657470703125,22.42657470703125,XGBoost,4
2025-08-01,Lipitor,TER-03,240,95870.4,1,399.46,8,3,2025,4,0,197.0,153.0,313.0,207.0,59.63220606350227,11,2,224.76945,4,240,224.76945,186.31537094116212,277.5673595428467,15.230545043945312,15.230545043945312,XGBoost,4
2025-09-01,Lipitor,TER-03,187,72152.55,2,388.935,9,3,2025,0,0,240.0,271.0,224.0,236.0,37.16180835212404,11,2,208.47957,4,187,208.47957,166.85022735595703,265.8771484375,-21.479568481445312,21.479568481445312,XGBoost,4
2025-10-01,Lipitor,TER-03,147,53587.29,3,363.01666666666665,10,4,2025,2,0,187.0,197.0,167.0,208.0,28.160255680657382,11,2,210.9189,4,147,210.9189,177.27288818359375,269.86188049316405,-63.91889953613281,63.91889953613281,XGBoost,4
2025-11-01,Lipitor,TER-03,279,98046.23,3,354.00333333333333,11,4,2025,5,0,147.0,240.0,153.0,191.33333333333331,46.651187909134,11,2,256.18073,4,279,256.18073,214.29210662841797,306.7729076385497,22.81927490234375,22.81927490234375,XGBoost,4
2025-12-01,Lipitor,TER-03,242,77567.1,2,334.425,12,4,2025,0,0,279.0,187.0,271.0,204.33333333333331,67.68554744798428,11,2,170.59064,4,242,170.59064,131.52037887573243,222.98632507324217,71.40936279296875,71.40936279296875,XGBoost,4
2025-05-01,Lipitor,TER-04,174,68268.54,3,370.95666666666665,5,2,2025,3,0,176.0,157.0,191.0,226.33333333333331,104.06888744160445,11,3,161.26633,4,174,161.26633,127.22501335144042,220.61175079345702,12.733673095703125,12.733673095703125,XGBoost,4
2025-06-01,Lipitor,TER-04,230,74603.7,2,315.12,6,2,2025,6,0,174.0,346.0,251.0,232.0,98.73196037757988,11,3,237.59789,4,230,237.59789,195.15663146972656,284.1204067230224,-7.5978851318359375,7.5978851318359375,XGBoost,4
2025-07-01,Lipitor,TER-04,179,64950.67,4,354.0275,7,3,2025,1,0,230.0,176.0,247.0,193.33333333333331,31.77000681985028,11,3,184.56544,4,179,184.56544,142.9876708984375,242.0673484802245,-5.5654449462890625,5.5654449462890625,XGBoost,4
2025-08-01,Lipitor,TER-04,193,72023.74,1,373.18,8,3,2025,4,0,179.0,174.0,157.0,194.33333333333331,30.98924544633724,11,3,196.96875,4,193,196.96875,155.16082992553712,249.14498138427734,-3.96875,3.96875,XGBoost,4
2025-09-01,Lipitor,TER-04,206,75167.43,4,361.595,9,3,2025,0,0,193.0,230.0,346.0,200.66666666666663,26.350205565295557,11,3,208.44463,4,206,208.44463,169.48418655395508,258.1747280120849,-2.4446258544921875,2.4446258544921875,XGBoost,4
2025-10-01,Lipitor,TER-04,168,56997.12,2,338.75,10,4,2025,2,0,206.0,179.0,176.0,192.66666666666663,13.503086067019376,11,3,196.57675,4,168,196.57675,160.37824401855468,253.51948928833005,-28.576751708984375,28.576751708984375,XGBoost,4
2025-11-01,Lipitor,TER-04,262,88523.89,4,348.915,11,4,2025,5,0,168.0,193.0,174.0,189.0,19.313207915827952,11,3,202.98264,4,262,202.98264,162.59390563964845,258.0193405151367,59.017364501953125,59.017364501953125,XGBoost,4
2025-12-01,Lipitor,TER-04,248,88657.76999999999,4,365.2025,12,4,2025,0,0,262.0,206.0,230.0,212.0,47.28636167014755,11,3,188.76433,4,248,188.76433,145.55202598571776,240.51646881103514,59.23567199707031,59.23567199707031,XGBoost,4
2025-05-01,Lipitor,TER-05,137,44749.86,2,333.45,5,2,2025,3,0,254.0,198.0,216.0,256.0,59.02541825349484,11,4,215.33594,4,137,215.33594,169.5568084716797,267.2080959320068,-78.3359375,78.3359375,XGBoost,4
2025-06-01,Lipitor,TER-05,293,104141.28,3,349.68666666666667,6,2,2025,6,0,137.0,316.0,145.0,235.66666666666663,90.89737803332578,11,4,234.72264,4,293,234.72264,196.39632415771484,285.9522331237793,58.27735900878906,58.27735900878906,XGBoost,4
2025-07-01,Lipitor,TER-05,177,59956.98,1,338.74,7,3,2025,1,0,293.0,254.0,241.0,228.0,81.18497397917919,11,4,175.31999,4,177,175.31999,136.52606468200685,227.20186347961425,1.6800079345703125,1.6800079345703125,XGBoost,4
2025-08-01,Lipitor,TER-05,190,64292.38,4,330.69,8,3,2025,4,0,177.0,137.0,198.0,202.33333333333331,81.02674455593866,11,4,194.80048,4,190,194.80048,153.98772888183595,244.90863342285155,-4.80047607421875,4.80047607421875,XGBoost,4
2025-09-01,Lipitor,TER-05,150,51292.15,2,332.025,9,3,2025,0,0,190.0,293.0,316.0,220.0,63.553127381742605,11,4,212.8257,4,150,212.8257,174.35558128356934,265.42348785400384,-62.82569885253906,62.82569885253906,XGBoost,4
2025-10-01,Lipitor,TER-05,177,61261.98,3,345.81,10,4,2025,2,0,150.0,177.0,254.0,172.33333333333334,20.40424792373724,11,4,205.4249,4,177,205.4249,158.56380157470704,254.23447570800775,-28.424896240234375,28.424896240234375,XGBoost,4
2025-11-01,Lipitor,TER-05,162,66143.28,2,379.565,11,4,2025,5,0,177.0,190.0,137.0,172.33333333333334,20.40424792373724,11,4,152.70206,4,162,152.70206,116.93271179199219,205.5770971298217,9.297943115234375,9.297943115234375,XGBoost,4
2025-12-01,Lipitor,TER-05,167,59171.44,1,354.32,12,4,2025,0,0,162.0,150.0,293.0,163.0,13.52774925846876,11,4,203.37067,4,167,203.37067,165.59259262084962,260.300210571289,-36.37066650390625,36.37066650390625,XGBoost,4
2025-05-01,Lipitor,TER-06,148,55545.72,2,369.525,5,2,2025,3,0,217.0,209.0,200.0,195.33333333333331,30.85989846602441,11,5,163.01219,4,148,163.01219,120.49753608703614,217.41535797119138,-15.012191772460938,15.012191772460938,XGBoost,4
2025-06-01,Lipitor,TER-06,178,63354.64,3,348.7633333333333,6,2,2025,6,0,148.0,160.0,126.0,175.0,36.86461718233356,11,5,178.7918,4,178,178.7918,139.83927230834962,232.27155494689939,-0.7917938232421875,0.7917938232421875,XGBoost,4
2025-07-01,Lipitor,TER-06,141,46884.36,2,331.395,7,3,2025,1,0,178.0,217.0,246.0,181.0,34.59768778401243,11,5,186.40208,4,141,186.40208,150.6375717163086,233.74375038146965,-45.40208435058594,45.40208435058594,XGBoost,4
2025-08-01,Lipitor,TER-06,125,46882.5,1,375.06,8,3,2025,4,0,141.0,148.0,209.0,155.66666666666666,19.655363983740823,11,5,147.3159,4,125,147.3159,99.46408004760742,197.93480262756347,-22.315902709960938,22.315902709960938,XGBoost,4
2025-09-01,Lipitor,TER-06,225,82868.82,3,368.94666666666666,9,3,2025,0,0,125.0,178.0,160.0,148.0,27.184554438136423,11,5,162.953,4,225,162.953,124.37435493469238,220.1218124389648,62.0469970703125,62.0469970703125,XGBoost,4
2025-10-01,Lipitor,TER-06,234,90501.84,1,386.76,10,4,2025,2,0,225.0,141.0,217.0,163.66666666666666,53.71529887595653,11,5,163.37984,4,234,163.37984,122.77680053710938,216.2638923645019,70.62016296386719,70.62016296386719,XGBoost,4
2025-11-01,Lipitor,TER-06,225,78549.56999999999,3,350.0333333333333,11,4,2025,5,0,234.0,125.0,148.0,194.66666666666663,60.50068870131428,11,5,168.87054,4,225,168.87054,132.30803909301758,215.39727668762202,56.12945556640625,56.12945556640625,XGBoost,4
2025-12-01,Lipitor,TER-06,204,76793.93000000001,4,369.5225,12,4,2025,0,0,225.0,225.0,178.0,228.0,5.19615242270707,11,5,154.91127,4,204,154.91127,120.17503433227539,207.93325233459467,49.08872985839844,49.08872985839844,XGBoost,4
2025-05-01,Lipitor,TER-07,143,50995.23,1,356.61,5,2,2025,3,0,117.0,181.0,130.0,193.0,82.65591327908732,11,6,177.15878,4,143,177.15878,134.14862556457518,231.59505767822264,-34.158782958984375,34.158782958984375,XGBoost,4
2025-06-01,Lipitor,TER-07,260,94782.72,2,348.795,6,2,2025,6,0,143.0,281.0,212.0,180.33333333333331,88.14382186706754,11,6,223.41093,4,260,223.41093,180.608642578125,272.4821475982666,36.58906555175781,36.58906555175781,XGBoost,4
2025-07-01,Lipitor,TER-07,138,49280.48,3,365.26666666666665,7,3,2025,1,0,260.0,117.0,125.0,173.33333333333334,76.17304860207011,11,6,170.45369,4,138,170.45369,131.93303947448732,228.5208812713623,-32.45368957519531,32.45368957519531,XGBoost,4
2025-08-01,Lipitor,TER-07,153,49870.26,2,331.27,8,3,2025,4,0,138.0,143.0,181.0,180.33333333333331,69.03863652574069,11,6,192.50716,4,153,192.50716,158.13053092956542,247.92454833984374,-39.50715637207031,39.50715637207031,XGBoost,4
2025-09-01,Lipitor,TER-07,204,71831.89,2,351.895,9,3,2025,0,0,153.0,260.0,281.0,183.66666666666663,66.5306946704552,11,6,166.67307,4,204,166.67307,125.89964294433594,216.5680641174316,37.326934814453125,37.326934814453125,XGBoost,4
2025-10-01,Lipitor,TER-07,131,45527.45,3,354.50333333333333,10,4,2025,2,0,204.0,138.0,117.0,165.0,34.597687784012415,11,6,180.40103,4,131,180.40103,137.61094360351564,230.1693283081054,-49.401031494140625,49.401031494140625,XGBoost,4
2025-11-01,Lipitor,TER-07,248,87511.59,4,359.7,11,4,2025,5,0,131.0,153.0,143.0,162.66666666666666,37.44774136491191,11,6,181.47356,4,248,181.47356,139.66185760498047,233.88227882385252,66.52644348144531,66.52644348144531,XGBoost,4
2025-12-01,Lipitor,TER-07,173,60796.2,4,347.79,12,4,2025,0,0,248.0,204.0,260.0,194.33333333333331,59.09596714948775,11,6,151.1446,4,173,151.1446,113.67030906677246,202.3387809753418,21.855392456054688,21.855392456054688,XGBoost,4
2025-05-01,Lipitor,TER-08,164,61787.02,3,379.87,5,2,2025,3,0,199.0,208.0,136.0,212.0,15.39480431834067,11,7,152.74759,4,164,152.74759,107.6354133605957,204.71771125793455,11.252410888671875,11.252410888671875,XGBoost,4
2025-06-01,Lipitor,TER-08,147,52927.8,3,355.72,6,2,2025,6,0,164.0,229.0,283.0,197.33333333333331,32.532035493238574,11,7,248.19676,4,147,248.19676,205.49614715576172,296.95162200927734,-101.19676208496094,101.19676208496094,XGBoost,4
2025-07-01,Lipitor,TER-08,204,71358.59,4,346.8775,7,3,2025,1,0,147.0,199.0,242.0,170.0,26.514147167125724,11,7,173.13594,4,204,173.13594,136.07105522155763,219.40471725463865,30.864059448242188,30.864059448242188,XGBoost,4
2025-08-01,Lipitor,TER-08,178,59722.56,1,335.52,8,3,2025,4,0,204.0,164.0,208.0,171.66666666666666,29.263173671584813,11,7,166.30266,4,178,166.30266,123.54076919555663,221.35794868469236,11.697341918945312,11.697341918945312,XGBoost,4
2025-09-01,Lipitor,TER-08,218,72066.36,2,323.745,9,3,2025,0,0,178.0,147.0,229.0,176.33333333333334,28.536526301099347,11,7,170.36024,4,218,170.36024,130.50017242431642,225.35504035949705,47.63975524902344,47.63975524902344,XGBoost,4
2025-10-01,Lipitor,TER-08,258,92551.02,4,362.8225,10,4,2025,2,0,218.0,204.0,199.0,200.0,20.29778313018447,11,7,168.47728,4,258,168.47728,126.05061111450195,222.27755737304688,89.52272033691406,89.52272033691406,XGBoost,4
2025-11-01,Lipitor,TER-08,160,55248.21000000001,2,339.685,11,4,2025,5,0,258.0,178.0,164.0,218.0,40.000000000000014,11,7,194.46625,4,160,194.46625,151.25308380126953,247.95019226074217,-34.46624755859375,34.46624755859375,XGBoost,4
2025-12-01,Lipitor,TER-08,273,95083.17,2,344.56,12,4,2025,0,0,160.0,218.0,147.0,212.0,49.27473997901969,11,7,214.73367,4,273,214.73367,178.59004707336425,277.9355590820312,58.266326904296875,58.266326904296875,XGBoost,4
2025-05-01,Lipitor,TER-09,144,49096.68,3,344.08,5,2,2025,3,0,193.0,245.0,125.0,210.0,30.315012782448303,11,8,178.87653,4,144,178.87653,136.30777969360352,235.9049430847168,-34.87652587890625,34.87652587890625,XGBoost,4
2025-06-01,Lipitor,TER-09,177,61169.0,4,342.9225,6,2,2025,6,0,144.0,192.0,132.0,176.33333333333334,28.00595174839337,11,8,185.24434,4,177,185.24434,138.71346282958984,234.65240325927732,-8.244338989257812,8.244338989257812,XGBoost,4
2025-07-01,Lipitor,TER-09,138,48799.1,2,356.79,7,3,2025,1,0,177.0,193.0,192.0,171.33333333333334,24.98666310921364,11,8,152.62103,4,138,152.62103,116.76346015930176,208.26806259155268,-14.62103271484375,14.62103271484375,XGBoost,4
2025-08-01,Lipitor,TER-09,114,38977.74,1,341.91,8,3,2025,4,0,138.0,144.0,245.0,153.0,21.000000000000107,11,8,172.61461,4,114,172.61461,136.02389755249024,224.5953384399414,-58.61460876464844,58.61460876464844,XGBoost,4
2025-09-01,Lipitor,TER-09,132,43917.52,3,349.0233333333333,9,3,2025,0,0,114.0,177.0,192.0,143.0,31.796226191169364,11,8,158.7381,4,132,158.7381,121.18000259399415,211.19141464233397,-26.73809814453125,26.73809814453125,XGBoost,4
2025-10-01,Lipitor,TER-09,229,84791.32,4,368.0775,10,4,2025,2,0,132.0,138.0,193.0,128.0,12.489995996796978,11,8,205.42427,4,229,205.42427,165.5642490386963,263.0408504486084,23.575729370117188,23.575729370117188,XGBoost,4
2025-11-01,Lipitor,TER-09,207,67462.2,4,316.5425,11,4,2025,5,0,229.0,114.0,144.0,158.33333333333334,61.857362806163486,11,8,157.62244,4,207,157.62244,119.10846481323242,216.9248550415039,49.3775634765625,49.3775634765625,XGBoost,4
2025-12-01,Lipitor,TER-09,206,69303.64,4,353.275,12,4,2025,0,0,207.0,132.0,177.0,189.33333333333331,50.856005872790846,11,8,130.8495,4,206,130.8495,95.2312126159668,180.96309051513668,75.15049743652344,75.15049743652344,XGBoost,4
2025-05-01,Lipitor,TER-10,177,60925.72,2,337.33500000000004,5,2,2025,3,0,216.0,251.0,182.0,237.33333333333331,18.717193521821844,11,9,173.26263,4,177,173.26263,135.93458251953126,225.84314270019527,3.73736572265625,3.73736572265625,XGBoost,4
2025-06-01,Lipitor,TER-10,265,85714.25,1,323.45,6,2,2025,6,0,177.0,245.0,243.0,212.66666666666663,34.1223289552945,11,9,244.5833,4,265,244.5833,207.77203941345215,296.4090156555176,20.416702270507812,20.416702270507812,XGBoost,4
2025-07-01,Lipitor,TER-10,164,59718.96,1,364.14,7,3,2025,1,0,265.0,216.0,240.0,219.33333333333331,44.09459528483427,11,9,186.13086,4,164,186.13086,148.2335174560547,235.869624710083,-22.130859375,22.130859375,XGBoost,4
2025-08-01,Lipitor,TER-10,153,53325.92,3,357.46000000000004,8,3,2025,4,0,164.0,177.0,251.0,202.0,54.94542747126457,11,9,195.78531,4,153,195.78531,156.98885192871094,249.792844581604,-42.785308837890625,42.785308837890625,XGBoost,4
2025-09-01,Lipitor,TER-10,204,80019.25,3,393.03,9,3,2025,0,0,153.0,265.0,245.0,194.0,61.73329733620257,11,9,161.03026,4,204,161.03026,116.23272705078125,210.32760105133056,42.96974182128906,42.96974182128906,XGBoost,4
2025-10-01,Lipitor,TER-10,254,94127.68,3,361.3833333333334,10,4,2025,2,0,204.0,164.0,216.0,173.66666666666666,26.839026311200804,11,9,180.0359,4,254,180.0359,140.18084373474122,222.72700195312495,73.96409606933594,73.96409606933594,XGBoost,4
2025-11-01,Lipitor,TER-10,215,77953.14,4,361.64,11,4,2025,5,0,254.0,153.0,177.0,203.66666666666663,50.50082507576811,11,9,184.88803,4,215,184.88803,148.25831680297853,236.71160888671875,30.111968994140625,30.111968994140625,XGBoost,4
2025-12-01,Lipitor,TER-10,271,98771.44,4,350.6275,12,4,2025,0,0,215.0,204.0,265.0,224.33333333333331,26.27419519858467,11,9,130.92654,4,271,130.92654,93.73482398986816,183.784086227417,140.07345581054688,140.07345581054688,XGBoost,4
2025-05-01,Lipitor,TER-11,132,45364.13,4,351.615,5,2,2025,3,0,218.0,244.0,147.0,245.0,27.5136329843952,11,10,196.75105,4,132,196.75105,154.77383041381836,248.5746307373047,-64.75105285644531,64.75105285644531,XGBoost,4
2025-06-01,Lipitor,TER-11,178,63979.8,3,370.0466666666666,6,2,2025,6,0,132.0,273.0,212.0,207.66666666666663,71.06569730420811,11,10,234.76704,4,178,234.76704,192.33057250976563,279.5851852416992,-56.76704406738281,56.76704406738281,XGBoost,4
2025-07-01,Lipitor,TER-11,124,43524.04,4,355.7125,7,3,2025,1,0,178.0,218.0,193.0,176.0,43.0348695827,11,10,152.50514,4,124,152.50514,116.74355697631836,204.33141441345214,-28.505142211914062,28.505142211914062,XGBoost,4
2025-08-01,Lipitor,TER-11,125,43568.04,3,349.33666666666664,8,3,2025,4,0,124.0,132.0,244.0,144.66666666666666,29.143323992525826,11,10,176.96938,4,125,176.96938,133.27451553344727,234.0228206634521,-51.96937561035156,51.96937561035156,XGBoost,4
2025-09-01,Lipitor,TER-11,201,66336.37,3,338.70666666666665,9,3,2025,0,0,125.0,178.0,273.0,142.33333333333334,30.8922859842604,11,10,168.07729,4,201,168.07729,126.0931983947754,222.94042091369627,32.92271423339844,32.92271423339844,XGBoost,4
2025-10-01,Lipitor,TER-11,260,92893.25,2,350.855,10,4,2025,2,0,201.0,124.0,218.0,150.0,44.17012565071553,11,10,174.15164,4,260,174.15164,128.98319320678712,225.35628662109374,85.84835815429688,85.84835815429688,XGBoost,4
2025-11-01,Lipitor,TER-11,236,77398.61,3,325.8,11,4,2025,5,0,260.0,125.0,132.0,195.33333333333331,67.67815994346574,11,10,175.22214,4,236,175.22214,129.4904586791992,230.1791805267334,60.777862548828125,60.777862548828125,XGBoost,4
2025-12-01,Lipitor,TER-11,200,68210.84,3,342.0233333333333,12,4,2025,0,0,236.0,201.0,178.0,232.33333333333331,29.670411748631505,11,10,148.86824,4,200,148.86824,111.11288528442383,199.0451148986816,51.13175964355469,51.13175964355469,XGBoost,4
2025-05-01,Lipitor,TER-12,168,58301.01,2,349.69500000000005,5,2,2025,3,0,184.0,160.0,209.0,187.33333333333331,29.14332399252586,11,11,162.26984,4,168,162.26984,120.4573570251465,215.3056571960449,5.73016357421875,5.73016357421875,XGBoost,4
2025-06-01,Lipitor,TER-12,162,48659.94,1,300.37,6,2,2025,6,0,168.0,218.0,126.0,190.0,25.534290669607408,11,11,200.9985,4,162,200.9985,162.45978393554688,254.98846321105958,-38.998504638671875,38.998504638671875,XGBoost,4
2025-07-01,Lipitor,TER-12,89,32144.39,4,372.3075,7,3,2025,1,0,162.0,184.0,223.0,171.33333333333334,11.372481406154655,11,11,158.36783,4,89,158.36783,116.58845520019531,212.7471160888672,-69.36782836914062,69.36782836914062,XGBoost,4
2025-08-01,Lipitor,TER-12,134,47586.08,1,355.12,8,3,2025,4,0,89.0,168.0,160.0,139.66666666666666,43.98105652816145,11,11,152.83124,4,134,152.83124,112.4568702697754,210.23014793395996,-18.83123779296875,18.83123779296875,XGBoost,4
2025-09-01,Lipitor,TER-12,182,60414.9,1,331.95,9,3,2025,0,0,134.0,162.0,218.0,128.33333333333334,36.8284310463171,11,11,182.67198,4,182,182.67198,143.8237705230713,233.6056701660156,-0.6719818115234375,0.6719818115234375,XGBoost,4
2025-10-01,Lipitor,TER-12,216,71928.0,1,333.0,10,4,2025,2,0,182.0,89.0,184.0,135.0,46.50806381693395,11,11,171.51689,4,216,171.51689,131.57607040405273,224.5354461669922,44.48310852050781,44.48310852050781,XGBoost,4
2025-11-01,Lipitor,TER-12,229,76028.64,4,333.85,11,4,2025,5,0,216.0,134.0,168.0,177.33333333333334,41.19870548128107,11,11,184.31667,4,229,184.31667,140.44871063232424,236.3289039611816,44.68333435058594,44.68333435058594,XGBoost,4
2025-12-01,Lipitor,TER-12,180,63175.28,3,355.49333333333334,12,4,2025,0,0,229.0,182.0,162.0,209.0,24.269322199023375,11,11,125.37992,4,180,125.37992,85.38003654479981,177.20273971557617,54.620079040527344,54.620079040527344,XGBoost,4
2025-05-01,Lipitor,TER-13,167,55872.27,4,342.175,5,2,2025,3,0,189.0,190.0,116.0,198.0,14.730919862656227,11,12,125.547714,4,167,125.547714,89.49937362670899,187.5802490234374,41.45228576660156,41.45228576660156,XGBoost,4
2025-06-01,Lipitor,TER-13,159,59081.78,2,374.42,6,2,2025,6,0,167.0,215.0,166.0,190.33333333333331,24.027761721253466,11,12,181.05315,4,159,181.05315,145.4264808654785,238.43307571411128,-22.053146362304688,22.053146362304688,XGBoost,4
2025-07-01,Lipitor,TER-13,178,63449.88,1,356.46,7,3,2025,1,0,159.0,189.0,241.0,171.66666666666666,15.53490693030806,11,12,142.50836,4,178,142.50836,104.20850982666016,194.14998779296874,35.49163818359375,35.49163818359375,XGBoost,4
2025-08-01,Lipitor,TER-13,189,68952.28,4,347.06,8,3,2025,4,0,178.0,167.0,190.0,168.0,9.539392014169453,11,12,151.92157,4,189,151.92157,106.4040298461914,211.5069652557373,37.07843017578125,37.07843017578125,XGBoost,4
2025-09-01,Lipitor,TER-13,173,61193.26,4,349.4525,9,3,2025,0,0,189.0,159.0,215.0,175.33333333333334,15.176736583776275,11,12,150.7066,4,173,150.7066,117.29935684204102,207.85741271972654,22.29339599609375,22.29339599609375,XGBoost,4
2025-10-01,Lipitor,TER-13,150,56320.93,4,373.0825,10,4,2025,2,0,173.0,178.0,189.0,180.0,8.18535277187243,11,12,152.33836,4,150,152.33836,111.51464385986328,213.80707359313962,-2.3383636474609375,2.3383636474609375,XGBoost,4
2025-11-01,Lipitor,TER-13,182,62338.82,2,343.03,11,4,2025,5,0,150.0,189.0,167.0,170.66666666666666,19.604421270043478,11,12,156.78154,4,182,156.78154,114.80431747436523,200.67339935302735,25.218460083007812,25.218460083007812,XGBoost,4
2025-12-01,Lipitor,TER-13,240,87059.61,3,364.9866666666667,12,4,2025,0,0,182.0,173.0,159.0,168.33333333333334,16.5025250593154,11,12,135.83192,4,240,135.83192,95.62017211914063,191.2480812072754,104.16807556152344,104.16807556152344,XGBoost,4
2025-05-01,Lipitor,TER-14,113,34301.83,3,315.6766666666667,5,2,2025,3,0,120.0,225.0,165.0,162.33333333333334,55.37448269133839,11,13,156.3655,4,113,156.3655,114.50117492675781,209.38901329040522,-43.36549377441406,43.36549377441406,XGBoost,4
2025-06-01,Lipitor,TER-14,200,67166.34,2,330.59000000000003,6,2,2025,6,0,113.0,142.0,119.0,125.0,15.132745950421617,11,13,147.16136,4,200,147.16136,107.18914031982422,200.0189037322998,52.83863830566406,52.83863830566406,XGBoost,4
2025-07-01,Lipitor,TER-14,168,60745.44,1,361.58,7,3,2025,1,0,200.0,120.0,145.0,144.33333333333334,48.335632129241205,11,13,140.27383,4,168,140.27383,97.27445106506347,193.0690242767334,27.726165771484375,27.726165771484375,XGBoost,4
2025-08-01,Lipitor,TER-14,136,48489.34,4,352.9575,8,3,2025,4,0,168.0,113.0,225.0,160.33333333333334,44.00378771575618,11,13,138.68642,4,136,138.68642,98.85008430480957,189.98976020812987,-2.6864166259765625,2.6864166259765625,XGBoost,4
2025-09-01,Lipitor,TER-14,145,45404.46,3,324.8,9,3,2025,0,0,136.0,200.0,142.0,168.0,32.000000000000014,11,13,131.30612,4,145,131.30612,89.36291885375977,181.0708229064941,13.693878173828125,13.693878173828125,XGBoost,4
2025-10-01,Lipitor,TER-14,143,48897.42,4,341.64,10,4,2025,2,0,145.0,168.0,120.0,149.66666666666666,16.502525059315445,11,13,164.90312,4,143,164.90312,125.92923469543457,214.31438369750975,-21.903121948242188,21.903121948242188,XGBoost,4
2025-11-01,Lipitor,TER-14,199,72262.87,1,363.13,11,4,2025,5,0,143.0,136.0,113.0,141.33333333333334,4.725815626252689,11,13,148.39015,4,199,148.39015,105.58362846374511,200.6084995269775,50.60984802246094,50.60984802246094,XGBoost,4
2025-12-01,Lipitor,TER-14,253,92635.95,1,366.15,12,4,2025,0,0,199.0,145.0,200.0,162.33333333333334,31.770006819850288,11,13,140.4106,4,253,140.4106,101.470703125,193.40294647216794,112.58940124511719,112.58940124511719,XGBoost,4
2025-05-01,Lipitor,TER-15,148,52553.36,3,347.9066666666667,5,2,2025,3,0,107.0,180.0,196.0,162.33333333333334,48.95235779136009,11,14,142.66911,4,148,142.66911,105.08385314941407,191.35920143127439,5.3308868408203125,5.3308868408203125,XGBoost,4
2025-06-01,Lipitor,TER-15,205,75583.11000000002,4,360.195,6,2,2025,6,0,148.0,200.0,119.0,151.66666666666666,46.60829682935576,11,14,159.77423,4,205,159.77423,116.46905250549317,210.30310287475587,45.22576904296875,45.22576904296875,XGBoost,4
2025-07-01,Lipitor,TER-15,112,37943.130000000005,2,343.065,7,3,2025,1,0,205.0,107.0,212.0,153.33333333333334,49.21720566360239,11,14,143.3358,4,112,143.3358,102.92867431640624,194.5600975036621,-31.335800170898438,31.335800170898438,XGBoost,4
2025-08-01,Lipitor,TER-15,80,25140.96,2,320.07,8,3,2025,4,0,112.0,148.0,180.0,155.0,46.89349635077343,11,14,142.52023,4,80,142.52023,96.33662414550781,192.29281768798822,-62.520233154296875,62.520233154296875,XGBoost,4
2025-09-01,Lipitor,TER-15,201,70919.93,3,373.91333333333336,9,3,2025,0,0,80.0,205.0,200.0,132.33333333333334,64.93329911018945,11,14,148.69365,4,201,148.69365,106.00225791931153,202.6713512420654,52.30635070800781,52.30635070800781,XGBoost,4
2025-10-01,Lipitor,TER-15,127,43972.19,3,350.71,10,4,2025,2,0,201.0,112.0,107.0,131.0,62.697687357668926,11,14,149.44087,4,127,149.44087,111.85497360229492,204.20417327880858,-22.440872192382812,22.440872192382812,XGBoost,4
2025-11-01,Lipitor,TER-15,204,74767.72,2,366.68,11,4,2025,5,0,127.0,80.0,148.0,136.0,60.99999999999999,11,14,152.33685,4,204,152.33685,114.58882751464844,206.8425956726073,51.66314697265625,51.66314697265625,XGBoost,4
2025-12-01,Lipitor,TER-15,184,69666.08,1,378.62,12,4,2025,0,0,204.0,201.0,205.0,177.33333333333334,43.61574639202382,11,14,143.73047,4,184,143.73047,102.48726806640626,201.13186416625976,40.26953125,40.26953125,XGBoost,4
2025-05-01,Lipitor,TER-16,143,49529.56,3,345.51666666666665,5,2,2025,3,0,159.0,153.0,205.0,194.66666666666663,67.0397891802572,11,15,173.53677,4,143,173.53677,130.5439910888672,235.52214508056636,-30.536773681640625,30.536773681640625,XGBoost,4
2025-06-01,Lipitor,TER-16,200,75388.93,3,355.03,6,2,2025,6,0,143.0,272.0,156.0,191.33333333333331,70.31595361888604,11,15,199.14835,4,200,199.14835,161.49544219970704,251.97650871276852,0.851654052734375,0.851654052734375,XGBoost,4
2025-07-01,Lipitor,TER-16,172,62886.65,4,363.255,7,3,2025,1,0,200.0,159.0,125.0,167.33333333333334,29.399546481762812,11,15,131.37552,4,172,131.37552,91.42014770507812,184.17340164184571,40.624481201171875,40.624481201171875,XGBoost,4
2025-08-01,Lipitor,TER-16,135,48555.72,3,343.4666666666667,8,3,2025,4,0,172.0,143.0,153.0,171.66666666666666,28.50146195080758,11,15,131.76637,4,135,131.76637,91.32329559326172,183.95548515319823,3.2336273193359375,3.2336273193359375,XGBoost,4
2025-09-01,Lipitor,TER-16,147,50983.44,3,350.22,9,3,2025,0,0,135.0,200.0,272.0,169.0,32.6036807738022,11,15,152.16483,4,147,152.16483,111.97515106201172,205.022367477417,-5.164825439453125,5.164825439453125,XGBoost,4
2025-10-01,Lipitor,TER-16,154,57967.2,3,372.09,10,4,2025,2,0,147.0,172.0,159.0,151.33333333333334,18.876793513023667,11,15,167.16348,4,154,167.16348,124.73749771118165,219.59603843688964,-13.163482666015625,13.163482666015625,XGBoost,4
2025-11-01,Lipitor,TER-16,204,67037.04,3,330.87666666666667,11,4,2025,5,0,154.0,135.0,143.0,145.33333333333334,9.609023536933009,11,15,192.56448,4,204,192.56448,150.1253532409668,242.27854804992674,11.435516357421875,11.435516357421875,XGBoost,4
2025-12-01,Lipitor,TER-16,218,75488.97,2,344.915,12,4,2025,0,0,204.0,147.0,200.0,168.33333333333334,31.085902485424675,11,15,140.97408,4,218,140.97408,101.56661987304688,198.68049468994138,77.02592468261719,77.02592468261719,XGBoost,4
2025-05-01,Lipitor,TER-17,144,48903.18,4,341.7175,5,2,2025,3,0,144.0,120.0,108.0,125.66666666666669,16.25833119767625,11,16,149.76103,4,144,149.76103,110.96523971557617,203.7387340545654,-5.7610321044921875,5.7610321044921875,XGBoost,4
2025-06-01,Lipitor,TER-17,174,62588.02,3,354.11,6,2,2025,6,0,144.0,113.0,189.0,133.66666666666666,17.897858344878387,11,16,166.95628,4,174,166.95628,128.44659347534179,217.1230491638183,7.0437164306640625,7.0437164306640625,XGBoost,4
2025-07-01,Lipitor,TER-17,112,38569.44,1,344.37,7,3,2025,1,0,174.0,144.0,175.0,154.0,17.320508075688764,11,16,131.19342,4,112,131.19342,88.40176773071289,188.12296447753906,-19.19342041015625,19.19342041015625,XGBoost,4
2025-08-01,Lipitor,TER-17,82,31065.36,2,379.53,8,3,2025,4,0,112.0,144.0,120.0,143.33333333333334,31.00537587795596,11,16,128.59108,4,82,128.59108,86.6880989074707,182.61131935119624,-46.59107971191406,46.59107971191406,XGBoost,4
2025-09-01,Lipitor,TER-17,176,61803.91,4,343.5125,9,3,2025,0,0,82.0,174.0,113.0,122.66666666666669,46.91836882643442,11,16,134.0623,4,176,134.0623,95.48839836120605,186.96828155517574,41.93769836425781,41.93769836425781,XGBoost,4
2025-10-01,Lipitor,TER-17,197,73905.94,2,359.36,10,4,2025,2,0,176.0,112.0,144.0,123.33333333333331,48.01388688008225,11,16,168.89906,4,197,168.89906,130.60343399047852,223.28009338378905,28.100936889648438,28.100936889648438,XGBoost,4
2025-11-01,Lipitor,TER-17,110,37601.64,4,342.65,11,4,2025,5,0,197.0,82.0,144.0,151.66666666666666,61.23996516437067,11,16,143.59375,4,110,143.59375,100.59436683654785,187.1038654327392,-33.59375,33.59375,XGBoost,4
2025-12-01,Lipitor,TER-17,239,78514.05,4,328.2875,12,4,2025,0,0,110.0,176.0,174.0,161.0,45.39823785126468,11,16,137.8149,4,239,137.8149,97.31127319335938,193.47454452514643,101.18510437011719,101.18510437011719,XGBoost,4
2025-05-01,Lipitor,TER-18,167,61194.55,2,362.945,5,2,2025,3,0,143.0,154.0,188.0,155.33333333333334,13.0511813003013,11,17,148.59238,4,167,148.59238,110.33621253967286,193.71050949096679,18.407623291015625,18.407623291015625,XGBoost,4
2025-06-01,Lipitor,TER-18,222,83511.96,1,376.18,6,2,2025,6,0,167.0,169.0,136.0,159.66666666666666,14.468356276140506,11,17,134.35912,4,222,134.35912,96.05777435302734,182.3023704528808,87.64088439941406,87.64088439941406,XGBoost,4
2025-07-01,Lipitor,TER-18,176,60116.32,1,341.57,7,3,2025,1,0,222.0,143.0,109.0,177.33333333333334,40.50102879351751,11,17,141.05035,4,176,141.05035,103.99492530822754,193.90560798645018,34.94964599609375,34.94964599609375,XGBoost,4
2025-08-01,Lipitor,TER-18,105,37376.16,2,366.28,8,3,2025,4,0,176.0,167.0,154.0,188.33333333333331,29.50141239556733,11,17,137.99133,4,105,137.99133,101.94920959472657,193.59787349700926,-32.9913330078125,32.9913330078125,XGBoost,4
2025-09-01,Lipitor,TER-18,224,81486.12,2,364.23,9,3,2025,0,0,105.0,222.0,169.0,167.66666666666666,58.94347574866393,11,17,146.8113,4,224,146.8113,103.54826049804687,194.7288669586181,77.18870544433594,77.18870544433594,XGBoost,4
2025-10-01,Lipitor,TER-18,154,56568.05,2,367.325,10,4,2025,2,0,224.0,176.0,143.0,168.33333333333334,59.86930209492451,11,17,130.73311,4,154,130.73311,82.14419097900391,183.5282974243164,23.266891479492188,23.266891479492188,XGBoost,4
2025-11-01,Lipitor,TER-18,178,65006.27,4,369.91,11,4,2025,5,0,154.0,105.0,167.0,161.0,59.808026217222704,11,17,148.76591,4,178,148.76591,112.04304924011231,201.21783485412595,29.234085083007812,29.234085083007812,XGBoost,4
2025-12-01,Lipitor,TER-18,224,77755.84,4,346.915,12,4,2025,0,0,178.0,224.0,222.0,185.33333333333331,35.571524191877586,11,17,127.38872,4,224,127.38872,84.68911209106446,185.54625854492187,96.61128234863281,96.61128234863281,XGBoost,4
2025-05-01,Lipitor,TER-19,195,66264.84,4,351.4375,5,2,2025,3,0,151.0,193.0,122.0,171.0,21.07130750570548,11,18,105.63582,4,195,105.63582,69.02297172546388,164.78599166870117,89.36418151855469,89.36418151855469,XGBoost,4
2025-06-01,Lipitor,TER-19,133,43852.76,1,329.72,6,2,2025,6,0,195.0,169.0,134.0,171.66666666666666,22.120880030716084,11,18,144.79973,4,133,144.79973,101.45801963806153,199.66557807922362,-11.799728393554688,11.799728393554688,XGBoost,4
2025-07-01,Lipitor,TER-19,96,34303.46,2,358.06,7,3,2025,1,0,133.0,151.0,188.0,159.66666666666666,31.89566323708183,11,18,134.59305,4,96,134.59305,101.15086212158204,184.2269287109375,-38.593048095703125,38.593048095703125,XGBoost,4
2025-08-01,Lipitor,TER-19,92,31032.51,4,341.0,8,3,2025,4,0,96.0,195.0,193.0,141.33333333333334,50.02332789142815,11,18,129.06705,4,92,129.06705,90.7673282623291,179.63673019409177,-37.067047119140625,37.067047119140625,XGBoost,4
2025-09-01,Lipitor,TER-19,186,67094.62,3,353.81666666666666,9,3,2025,0,0,92.0,133.0,169.0,107.0,22.605309110914664,11,18,131.24117,4,186,131.24117,97.56097564697266,183.1464488983154,54.75883483886719,54.75883483886719,XGBoost,4
2025-10-01,Lipitor,TER-19,124,43201.740000000005,4,348.74,10,4,2025,2,0,186.0,96.0,151.0,124.66666666666669,53.15386470740706,11,18,155.97816,4,124,155.97816,123.40393371582032,202.09662399291992,-31.978164672851562,31.978164672851562,XGBoost,4
2025-11-01,Lipitor,TER-19,119,40187.49,1,337.71,11,4,2025,5,0,124.0,92.0,195.0,134.0,47.791212581394085,11,18,159.59807,4,119,159.59807,119.65952835083007,211.61030654907222,-40.59806823730469,40.59806823730469,XGBoost,4
2025-12-01,Lipitor,TER-19,129,46975.61,3,340.53666666666663,12,4,2025,0,0,119.0,186.0,133.0,143.0,37.32291521304304,11,18,139.7713,4,129,139.7713,103.63052635192871,182.55218925476066,-10.77130126953125,10.77130126953125,XGBoost,4
2025-05-01,Lipitor,TER-20,132,41969.4,1,317.95,5,2,2025,3,0,97.0,201.0,107.0,149.33333333333334,52.00320502943383,11,19,113.863,4,132,113.863,73.6918731689453,165.69336166381837,18.137001037597656,18.137001037597656,XGBoost,4
2025-06-01,Lipitor,TER-20,169,60130.28999999999,2,355.45500000000004,6,2,2025,6,0,132.0,150.0,165.0,126.33333333333331,26.95057204092953,11,19,157.89047,4,169,157.89047,123.90102348327638,209.08433990478517,11.109527587890625,11.109527587890625,XGBoost,4
2025-07-01,Lipitor,TER-20,111,42136.71,1,379.61,7,3,2025,1,0,169.0,97.0,198.0,132.66666666666666,36.004629331980794,11,19,125.642136,4,111,125.642136,85.60574340820312,187.32411193847656,-14.642135620117188,14.642135620117188,XGBoost,4
2025-08-01,Lipitor,TER-20,141,49131.45,1,348.45,8,3,2025,4,0,111.0,132.0,201.0,137.33333333333334,29.365512652316006,11,19,157.53186,4,141,157.53186,115.54777297973634,212.41026763916014,-16.5318603515625,16.5318603515625,XGBoost,4
2025-09-01,Lipitor,TER-20,157,61624.09,2,377.52,9,3,2025,0,0,141.0,169.0,150.0,140.33333333333334,29.00574655707609,11,19,118.060875,4,157,118.060875,74.80469970703125,172.5551528930664,38.939125061035156,38.939125061035156,XGBoost,4
2025-10-01,Lipitor,TER-20,137,49440.56,1,360.88,10,4,2025,2,0,157.0,111.0,97.0,136.33333333333334,23.35237318418262,11,19,169.34633,4,137,169.34633,125.58815536499023,222.46159820556633,-32.34632873535156,32.34632873535156,XGBoost,4
2025-11-01,Lipitor,TER-20,184,66108.41,3,348.28,11,4,2025,5,0,137.0,141.0,132.0,145.0,10.58300524425827,11,19,150.70134,4,184,150.70134,107.41114044189453,212.16204414367675,33.29866027832031,33.29866027832031,XGBoost,4
2025-12-01,Lipitor,TER-20,150,51100.36,4,344.3875,12,4,2025,0,0,184.0,157.0,169.0,159.33333333333334,23.586719427112605,11,19,128.71123,4,150,128.71123,87.065678024292,181.1720275878906,21.288772583007812,21.288772583007812,XGBoost,4
2025-05-01,Lyrica,TER-01,266,117863.78,2,444.17,5,2,2025,3,0,189.0,283.0,135.0,241.0,47.79121258139407,12,0,195.39066,4,266,195.39066,152.59900283813477,247.26811981201172,70.60934448242188,70.60934448242188,XGBoost,4
2025-06-01,Lyrica,TER-01,216,98600.22,2,447.465,6,2,2025,6,0,266.0,251.0,265.0,235.33333333333331,40.820746359337086,12,0,229.15909,4,216,229.15909,189.10773315429688,277.8548572540283,-13.159088134765625,13.159088134765625,XGBoost,4
2025-07-01,Lyrica,TER-01,198,92978.4,2,469.825,7,3,2025,1,0,216.0,189.0,154.0,223.66666666666663,39.0683162336609,12,0,206.32082,4,198,206.32082,163.88168563842774,263.1518455505371,-8.320816040039062,8.320816040039062,XGBoost,4
2025-08-01,Lyrica,TER-01,207,85959.53,4,437.6375,8,3,2025,4,0,198.0,266.0,283.0,226.66666666666663,35.23256069793015,12,0,233.56458,4,207,233.56458,191.13674926757812,288.42771034240724,-26.5645751953125,26.5645751953125,XGBoost,4
2025-09-01,Lyrica,TER-01,147,74351.13,1,505.79,9,3,2025,0,0,207.0,216.0,251.0,207.0,8.999999999999911,12,0,204.80511,4,147,204.80511,162.37042388916015,256.65920639038086,-57.80511474609375,57.80511474609375,XGBoost,4
2025-10-01,Lyrica,TER-01,188,82697.14,3,440.7833333333333,10,4,2025,2,0,147.0,198.0,189.0,184.0,32.35737937472685,12,0,188.47502,4,188,188.47502,154.9471179962158,246.96257171630856,-0.4750213623046875,0.4750213623046875,XGBoost,4
2025-11-01,Lyrica,TER-01,199,82674.58,2,424.165,11,4,2025,5,0,188.0,207.0,266.0,180.66666666666663,30.664855018951773,12,0,243.18631,4,199,243.18631,198.85574340820312,293.2120105743408,-44.186309814453125,44.186309814453125,XGBoost,4
2025-12-01,Lyrica,TER-01,180,83358.15,2,480.815,12,4,2025,0,0,199.0,147.0,216.0,178.0,27.404379212089413,12,0,205.30449,4,180,205.30449,168.73315925598143,260.9546699523925,-25.304489135742188,25.304489135742188,XGBoost,4
2025-05-01,Lyrica,TER-02,202,95259.89,2,443.165,5,2,2025,3,0,206.0,247.0,229.0,206.0,41.00000000000003,12,1,178.33359,4,202,178.33359,137.08168029785156,235.93795623779297,23.666412353515625,23.666412353515625,XGBoost,4
2025-06-01,Lyrica,TER-02,196,94211.32,1,480.67,6,2,2025,6,0,202.0,165.0,162.0,191.0,22.60530911091468,12,1,223.79155,4,196,223.79155,177.23162918090821,281.1372779846191,-27.791549682617188,27.791549682617188,XGBoost,4
2025-07-01,Lyrica,TER-02,115,49939.9,1,434.26,7,3,2025,1,0,196.0,206.0,258.0,201.33333333333331,5.033222956847396,12,1,164.3428,4,115,164.3428,116.84595794677735,217.8916244506836,-49.342803955078125,49.342803955078125,XGBoost,4
2025-08-01,Lyrica,TER-02,136,62331.62,3,462.15,8,3,2025,4,0,115.0,202.0,247.0,171.0,48.590122453025394,12,1,189.78523,4,136,189.78523,151.21326293945313,245.07308959960938,-53.78523254394531,53.78523254394531,XGBoost,4
2025-09-01,Lyrica,TER-02,158,76280.82,1,482.79,9,3,2025,0,0,136.0,196.0,165.0,149.0,42.03569911396743,12,1,186.82932,4,158,186.82932,149.72199172973635,241.73053588867174,-28.829315185546875,28.829315185546875,XGBoost,4
2025-10-01,Lyrica,TER-02,133,54781.21,2,427.33,10,4,2025,2,0,158.0,115.0,206.0,136.33333333333334,21.50193789716024,12,1,187.62698,4,133,187.62698,148.18180313110352,240.99539947509766,-54.626983642578125,54.626983642578125,XGBoost,4
2025-11-01,Lyrica,TER-02,178,80712.32,1,453.44,11,4,2025,5,0,133.0,136.0,202.0,142.33333333333334,13.650396819628922,12,1,239.07233,4,178,239.07233,202.49330673217773,300.1092224121094,-61.07232666015625,61.07232666015625,XGBoost,4
2025-12-01,Lyrica,TER-02,148,64479.92999999999,4,457.8275,12,4,2025,0,0,178.0,158.0,196.0,156.33333333333334,22.546248764114512,12,1,201.86717,4,148,201.86717,163.20704040527343,257.1886518478393,-53.86717224121094,53.86717224121094,XGBoost,4
2025-05-01,Lyrica,TER-03,199,89375.13,3,450.85,5,2,2025,3,0,153.0,193.0,211.0,203.33333333333331,56.21684207898318,12,2,175.81859,4,199,175.81859,141.22153129577637,234.1596611022949,23.181411743164062,23.181411743164062,XGBoost,4
2025-06-01,Lyrica,TER-03,253,102419.93,2,413.585,6,2,2025,6,0,199.0,264.0,239.0,205.33333333333331,55.77036249956901,12,2,237.06448,4,253,237.06448,195.49358978271485,294.409220123291,15.935516357421875,15.935516357421875,XGBoost,4
2025-07-01,Lyrica,TER-03,145,63518.65,2,440.035,7,3,2025,1,0,253.0,153.0,228.0,201.66666666666663,50.053304919189245,12,2,161.29701,4,145,161.29701,125.2022777557373,216.43300590515128,-16.297012329101562,16.297012329101562,XGBoost,4
2025-08-01,Lyrica,TER-03,163,77373.88,4,464.4575,8,3,2025,4,0,145.0,199.0,193.0,199.0,54.00000000000001,12,2,202.80418,4,163,202.80418,164.34470863342284,252.95506973266598,-39.80418395996094,39.80418395996094,XGBoost,4
2025-09-01,Lyrica,TER-03,192,82725.22,4,445.3725,9,3,2025,0,0,163.0,253.0,264.0,187.0,57.86190456595774,12,2,150.72061,4,192,150.72061,117.69313507080078,202.5618221282959,41.279388427734375,41.279388427734375,XGBoost,4
2025-10-01,Lyrica,TER-03,170,77612.76000000001,4,449.5875,10,4,2025,2,0,192.0,145.0,153.0,166.66666666666666,23.713568549109905,12,2,188.74266,4,170,188.74266,153.6927345275879,231.3984638214111,-18.742660522460938,18.742660522460938,XGBoost,4
2025-11-01,Lyrica,TER-03,219,103329.77,2,475.905,11,4,2025,5,0,170.0,163.0,199.0,175.0,15.132745950421596,12,2,195.96886,4,219,195.96886,157.44183197021485,252.9913330078125,23.031143188476562,23.031143188476562,XGBoost,4
2025-12-01,Lyrica,TER-03,150,71881.41,2,480.965,12,4,2025,0,0,219.0,192.0,253.0,193.66666666666663,24.542480178933317,12,2,178.44781,4,150,178.44781,135.14263648986815,230.35309867858885,-28.44781494140625,28.44781494140625,XGBoost,4
2025-05-01,Lyrica,TER-04,163,66124.33,3,411.31,5,2,2025,3,0,117.0,164.0,183.0,140.33333333333334,23.50177298276312,12,3,165.07712,4,163,165.07712,126.50403671264648,216.82925872802733,-2.077117919921875,2.077117919921875,XGBoost,4
2025-06-01,Lyrica,TER-04,181,85874.48999999999,4,481.975,6,2,2025,6,0,163.0,140.0,231.0,140.0,23.000000000000032,12,3,181.96106,4,181,181.96106,143.3239429473877,230.7705413818359,-0.9610595703125,0.9610595703125,XGBoost,4
2025-07-01,Lyrica,TER-04,155,72736.91,3,464.37,7,3,2025,1,0,181.0,117.0,155.0,153.66666666666666,33.005050118630855,12,3,152.43823,4,155,152.43823,109.09199371337891,203.6327682495117,2.561767578125,2.561767578125,XGBoost,4
2025-08-01,Lyrica,TER-04,92,39000.49,3,424.3833333333334,8,3,2025,4,0,155.0,163.0,164.0,166.33333333333334,13.316656236958858,12,3,181.03185,4,92,181.03185,144.77249565124512,236.66802520751946,-89.03184509277344,89.03184509277344,XGBoost,4
2025-09-01,Lyrica,TER-04,180,75231.23999999999,3,427.92333333333335,9,3,2025,0,0,92.0,181.0,140.0,142.66666666666666,45.76388678131846,12,3,150.51396,4,180,150.51396,112.87935791015626,203.93435821533197,29.486038208007812,29.486038208007812,XGBoost,4
2025-10-01,Lyrica,TER-04,136,66587.8,2,474.325,10,4,2025,2,0,180.0,155.0,117.0,142.33333333333334,45.34681172181055,12,3,170.39233,4,136,170.39233,126.06117324829101,219.6608428955078,-34.392333984375,34.392333984375,XGBoost,4
2025-11-01,Lyrica,TER-04,200,83588.85,3,430.36,11,4,2025,5,0,136.0,92.0,163.0,136.0,44.000000000000014,12,3,163.70328,4,200,163.70328,126.12632369995117,222.0443504333496,36.296722412109375,36.296722412109375,XGBoost,4
2025-12-01,Lyrica,TER-04,156,69048.72,1,442.62,12,4,2025,0,0,200.0,180.0,181.0,172.0,32.74141108748987,12,3,167.51642,4,156,167.51642,131.37431411743165,216.94391441345212,-11.51641845703125,11.51641845703125,XGBoost,4
2025-05-01,Lyrica,TER-05,131,59362.65,1,453.15,5,2,2025,3,0,138.0,189.0,135.0,172.33333333333334,29.73774257292123,12,4,134.02216,4,131,134.02216,100.99246444702149,183.75225791931152,-3.02215576171875,3.02215576171875,XGBoost,4
2025-06-01,Lyrica,TER-05,143,62788.44,1,439.08,6,2,2025,6,0,131.0,190.0,212.0,153.0,32.23352292257238,12,4,185.89989,4,143,185.89989,147.40135955810547,238.292866897583,-42.89988708496094,42.89988708496094,XGBoost,4
2025-07-01,Lyrica,TER-05,141,62431.11,4,437.0425,7,3,2025,1,0,143.0,138.0,166.0,137.33333333333334,6.027713773341592,12,4,126.380554,4,141,126.380554,95.67407989501953,178.78470230102536,14.61944580078125,14.61944580078125,XGBoost,4
2025-08-01,Lyrica,TER-05,97,41964.47,2,440.915,8,3,2025,4,0,141.0,131.0,189.0,138.33333333333334,6.429100507328526,12,4,144.53761,4,97,144.53761,107.02431144714356,197.41696052551268,-47.53761291503906,47.53761291503906,XGBoost,4
2025-09-01,Lyrica,TER-05,173,82485.06,3,472.03,9,3,2025,0,0,97.0,143.0,190.0,127.0,25.99999999999997,12,4,132.74806,4,173,132.74806,90.16155471801758,182.9132087707519,40.25193786621094,40.25193786621094,XGBoost,4
2025-10-01,Lyrica,TER-05,170,71485.0,1,420.5,10,4,2025,2,0,173.0,141.0,138.0,137.0,38.15756805667781,12,4,156.22986,4,170,156.22986,114.65896453857422,212.24327487945553,13.7701416015625,13.7701416015625,XGBoost,4
2025-11-01,Lyrica,TER-05,121,56269.78,3,460.00666666666666,11,4,2025,5,0,170.0,97.0,131.0,146.66666666666666,43.03874223688853,12,4,169.52184,4,121,169.52184,124.01834106445312,226.907958984375,-48.52183532714844,48.52183532714844,XGBoost,4
2025-12-01,Lyrica,TER-05,190,94591.5,1,497.85,12,4,2025,0,0,121.0,173.0,143.0,154.66666666666666,29.194748386196657,12,4,153.1016,4,190,153.1016,116.05204963684082,211.43379974365232,36.898406982421875,36.898406982421875,XGBoost,4
2025-05-01,Lyrica,TER-06,94,43802.24,4,458.79,5,2,2025,3,0,128.0,106.0,138.0,146.0,51.41984052872976,12,5,133.0055,4,94,133.0055,95.70783653259278,180.29095344543455,-39.0054931640625,39.0054931640625,XGBoost,4
2025-06-01,Lyrica,TER-06,116,55234.7,4,470.5075,6,2,2025,6,0,94.0,204.0,167.0,142.0,56.32051136131489,12,5,152.7298,4,116,152.7298,114.45344161987305,205.63423995971675,-36.72979736328125,36.72979736328125,XGBoost,4
2025-07-01,Lyrica,TER-06,76,33304.25,2,437.765,7,3,2025,1,0,116.0,128.0,165.0,112.66666666666669,17.243356208503403,12,5,119.70832,4,76,119.70832,80.74705924987794,172.7344863891601,-43.70832061767578,43.70832061767578,XGBoost,4
2025-08-01,Lyrica,TER-06,148,66141.2,1,446.9,8,3,2025,4,0,76.0,94.0,106.0,95.33333333333331,20.03330560175561,12,5,95.53401,4,148,95.53401,55.67393951416015,145.05156097412097,52.46598815917969,52.46598815917969,XGBoost,4
2025-09-01,Lyrica,TER-06,132,55191.84,1,418.12,9,3,2025,0,0,148.0,116.0,204.0,113.33333333333331,36.07399802258315,12,5,149.69312,4,132,149.69312,105.8931983947754,199.09102630615232,-17.693115234375,17.693115234375,XGBoost,4
2025-10-01,Lyrica,TER-06,137,65820.28,1,480.44,10,4,2025,2,0,132.0,76.0,128.0,118.66666666666669,37.80652501002086,12,5,131.65738,4,137,131.65738,98.9379337310791,184.2137939453125,5.342620849609375,5.342620849609375,XGBoost,4
2025-11-01,Lyrica,TER-06,134,63438.19,3,470.81666666666666,11,4,2025,5,0,137.0,148.0,94.0,139.0,8.185352771872422,12,5,136.29236,4,134,136.29236,96.45602607727051,191.05565948486327,-2.2923583984375,2.2923583984375,XGBoost,4
2025-12-01,Lyrica,TER-06,137,64402.33,1,470.09,12,4,2025,0,0,134.0,132.0,116.0,134.33333333333334,2.5166114784234934,12,5,115.25026,4,137,115.25026,76.94070701599121,166.45051345825195,21.749740600585938,21.749740600585938,XGBoost,4
2025-05-01,Lyrica,TER-07,91,37794.68,2,430.195,5,2,2025,3,0,90.0,169.0,127.0,158.0,63.221831672295,12,6,128.83702,4,91,128.83702,89.44174041748047,182.645112991333,-37.83702087402344,37.83702087402344,XGBoost,4
2025-06-01,Lyrica,TER-07,113,49949.19,2,445.385,6,2,2025,6,0,91.0,215.0,166.0,132.0,71.88184749990779,12,6,128.98427,4,113,128.98427,93.08979301452636,180.2685619354248,-15.984268188476562,15.984268188476562,XGBoost,4
2025-07-01,Lyrica,TER-07,72,35982.35,2,489.785,7,3,2025,1,0,113.0,90.0,126.0,98.0,12.999999999999885,12,6,115.48541,4,72,115.48541,77.55519409179688,168.5304805755615,-43.48541259765625,43.48541259765625,XGBoost,4
2025-08-01,Lyrica,TER-07,142,63101.99,4,440.265,8,3,2025,4,0,72.0,91.0,169.0,92.0,20.518284528683104,12,6,104.093216,4,142,104.093216,65.62699890136719,149.6904258728027,37.90678405761719,37.90678405761719,XGBoost,4
2025-09-01,Lyrica,TER-07,174,78825.6,4,448.81,9,3,2025,0,0,142.0,113.0,215.0,109.0,35.17101079013792,12,6,119.42101,4,174,119.42101,80.93862915039062,167.33382453918455,54.57898712158203,54.57898712158203,XGBoost,4
2025-10-01,Lyrica,TER-07,133,61537.11,3,461.85,10,4,2025,2,0,174.0,72.0,90.0,129.33333333333334,52.16640042530568,12,6,131.80008,4,133,131.80008,91.76259765625,182.5857280731201,1.199920654296875,1.199920654296875,XGBoost,4
2025-11-01,Lyrica,TER-07,95,40734.08,2,416.465,11,4,2025,5,0,133.0,142.0,91.0,149.66666666666666,21.548395145191996,12,6,169.10146,4,95,169.10146,131.98744125366213,220.46016616821288,-74.10145568847656,74.10145568847656,XGBoost,4
2025-12-01,Lyrica,TER-07,200,90534.11,4,444.955,12,4,2025,0,0,95.0,174.0,113.0,134.0,39.50949253027683,12,6,149.94347,4,200,149.94347,107.49216537475586,201.95570449829097,50.05653381347656,50.05653381347656,XGBoost,4
2025-05-01,Lyrica,TER-08,171,79217.02,4,447.7825,5,2,2025,3,0,174.0,104.0,179.0,170.0,64.09368143584825,12,7,121.58164,4,171,121.58164,83.09939155578613,169.8249393463134,49.418357849121094,49.418357849121094,XGBoost,4
2025-06-01,Lyrica,TER-08,217,100293.54,2,457.395,6,2,2025,6,0,171.0,232.0,206.0,192.33333333333331,34.385074281340906,12,7,208.80472,4,217,208.80472,167.01846466064453,257.8759311676025,8.195281982421875,8.195281982421875,XGBoost,4
2025-07-01,Lyrica,TER-08,134,58697.78,4,443.9475,7,3,2025,1,0,217.0,174.0,157.0,187.33333333333331,25.735837529276797,12,7,144.96716,4,134,144.96716,108.63980865478516,197.7650676727295,-10.9671630859375,10.9671630859375,XGBoost,4
2025-08-01,Lyrica,TER-08,128,55711.0,4,433.2975,8,3,2025,4,0,134.0,171.0,104.0,174.0,41.58124577258357,12,7,134.81238,4,128,134.81238,98.26232147216797,188.80903434753415,-6.8123779296875,6.8123779296875,XGBoost,4
2025-09-01,Lyrica,TER-08,112,52502.24,1,468.77,9,3,2025,0,0,128.0,217.0,232.0,159.66666666666666,49.74267115197305,12,7,178.07367,4,112,178.07367,138.06031799316406,228.20623168945312,-66.07366943359375,66.07366943359375,XGBoost,4
2025-10-01,Lyrica,TER-08,143,62946.72,4,436.385,10,4,2025,2,0,112.0,134.0,174.0,124.66666666666669,11.372481406154556,12,7,154.04152,4,143,154.04152,110.66159286499024,207.5228176116943,-11.041519165039062,11.041519165039062,XGBoost,4
2025-11-01,Lyrica,TER-08,206,83572.99,4,452.1925,11,4,2025,5,0,143.0,128.0,171.0,127.66666666666669,15.502687938977909,12,7,174.76582,4,206,174.76582,135.30447082519532,229.27330627441404,31.234176635742188,31.234176635742188,XGBoost,4
2025-12-01,Lyrica,TER-08,195,94091.28,3,479.32666666666665,12,4,2025,0,0,206.0,112.0,217.0,153.66666666666666,47.89919971495694,12,7,152.96638,4,195,152.96638,106.95124740600586,197.63819885253903,42.03361511230469,42.03361511230469,XGBoost,4
2025-05-01,Lyrica,TER-09,180,84996.0,1,472.2,5,2,2025,3,0,175.0,173.0,116.0,189.0,26.000000000000053,12,8,139.80956,4,180,139.80956,103.76987838745117,187.7591934204101,40.19044494628906,40.19044494628906,XGBoost,4
2025-06-01,Lyrica,TER-09,127,56290.850000000006,3,443.2166666666667,6,2,2025,6,0,180.0,219.0,126.0,191.33333333333331,24.090108620206266,12,8,191.01967,4,127,191.01967,148.36575317382812,237.85438690185543,-64.01966857910156,64.01966857910156,XGBoost,4
2025-07-01,Lyrica,TER-09,128,55379.2,1,432.65,7,3,2025,1,0,127.0,175.0,167.0,160.66666666666666,29.263173671584777,12,8,129.50345,4,128,129.50345,87.68478775024414,185.50424594879146,-1.503448486328125,1.503448486328125,XGBoost,4
2025-08-01,Lyrica,TER-09,94,42876.22,1,456.13,8,3,2025,4,0,128.0,180.0,173.0,145.0,30.3150127824482,12,8,134.35776,4,94,134.35776,96.80757141113281,189.75052795410147,-40.357757568359375,40.357757568359375,XGBoost,4
2025-09-01,Lyrica,TER-09,120,52406.27,4,430.835,9,3,2025,0,0,94.0,127.0,219.0,116.33333333333331,19.34769581457514,12,8,153.8143,4,120,153.8143,108.08200607299806,201.5820648193359,-33.814300537109375,33.814300537109375,XGBoost,4
2025-10-01,Lyrica,TER-09,144,63574.56,2,449.21,10,4,2025,2,0,120.0,128.0,175.0,114.0,17.77638883463103,12,8,142.69771,4,144,142.69771,96.58182830810547,194.669716644287,1.3022918701171875,1.3022918701171875,XGBoost,4
2025-11-01,Lyrica,TER-09,132,57544.08,1,435.94,11,4,2025,5,0,144.0,94.0,180.0,119.33333333333331,25.00666577801464,12,8,145.08029,4,132,145.08029,106.74826278686524,200.06542053222657,-13.080291748046875,13.080291748046875,XGBoost,4
2025-12-01,Lyrica,TER-09,116,50639.1,3,442.91,12,4,2025,0,0,132.0,120.0,127.0,132.0,11.999999999999853,12,8,151.57593,4,116,151.57593,112.73660850524902,206.18399658203114,-35.575927734375,35.575927734375,XGBoost,4
2025-05-01,Lyrica,TER-10,181,83745.08,1,462.68,5,2,2025,3,0,121.0,171.0,187.0,173.0,53.02829433425139,12,9,146.16687,4,181,146.16687,106.72086753845215,199.0509254455566,34.8331298828125,34.8331298828125,XGBoost,4
2025-06-01,Lyrica,TER-10,137,65617.3,3,474.68,6,2,2025,6,0,181.0,227.0,122.0,176.33333333333334,53.15386470740704,12,9,170.14647,4,137,170.14647,130.78790435791015,222.1263702392578,-33.14646911621094,33.14646911621094,XGBoost,4
2025-07-01,Lyrica,TER-10,126,57198.15,3,426.38,7,3,2025,1,0,137.0,121.0,170.0,146.33333333333334,31.06981386061609,12,9,129.40729,4,126,129.40729,95.3659740447998,178.69726257324217,-3.40728759765625,3.40728759765625,XGBoost,4
2025-08-01,Lyrica,TER-10,85,37722.25,4,446.01,8,3,2025,4,0,126.0,181.0,171.0,148.0,29.10326442171047,12,9,140.21877,4,85,140.21877,100.3621784210205,182.1483505249023,-55.21876525878906,55.21876525878906,XGBoost,4
2025-09-01,Lyrica,TER-10,122,55153.71,4,445.6675,9,3,2025,0,0,85.0,137.0,227.0,116.0,27.404379212089417,12,9,153.45016,4,122,153.45016,110.2423225402832,217.5884246826172,-31.450164794921875,31.450164794921875,XGBoost,4
2025-10-01,Lyrica,TER-10,216,100108.32,2,461.46,10,4,2025,2,0,122.0,126.0,121.0,111.0,22.6053091109146,12,9,136.5747,4,216,136.5747,98.24267807006837,189.45405464172362,79.42529296875,79.42529296875,XGBoost,4
2025-11-01,Lyrica,TER-10,213,99307.14,2,465.72,11,4,2025,5,0,216.0,85.0,181.0,141.0,67.53517601961217,12,9,138.46559,4,213,138.46559,98.53365554809571,191.39291267395012,74.53440856933594,74.53440856933594,XGBoost,4
2025-12-01,Lyrica,TER-10,166,71511.36,4,438.9975,12,4,2025,0,0,213.0,122.0,137.0,183.66666666666663,53.42596122984903,12,9,147.18175,4,166,147.18175,104.50881500244141,201.95132637023926,18.818252563476562,18.818252563476562,XGBoost,4
2025-05-01,Lyrica,TER-11,166,80493.29000000001,4,464.2725,5,2,2025,3,0,184.0,148.0,105.0,184.0,35.999999999999986,12,10,159.78723,4,166,159.78723,130.48602180480958,215.26373214721673,6.2127685546875,6.2127685546875,XGBoost,4
2025-06-01,Lyrica,TER-11,172,75284.14,2,451.12,6,2,2025,6,0,166.0,220.0,215.0,190.0,27.49545416973502,12,10,223.89777,4,172,223.89777,180.7729721069336,275.1539482116699,-51.89776611328125,51.89776611328125,XGBoost,4
2025-07-01,Lyrica,TER-11,118,53695.87,4,459.2275,7,3,2025,1,0,172.0,184.0,209.0,174.0,9.165151389911616,12,10,139.55505,4,118,139.55505,107.38113327026367,190.08392562866212,-21.5550537109375,21.5550537109375,XGBoost,4
2025-08-01,Lyrica,TER-11,126,53160.66,1,421.91,8,3,2025,4,0,118.0,166.0,148.0,152.0,29.597297173897463,12,10,148.1874,4,126,148.1874,110.88385200500488,198.3191207885742,-22.187393188476562,22.187393188476562,XGBoost,4
2025-09-01,Lyrica,TER-11,168,78664.32,1,468.24,9,3,2025,0,0,126.0,172.0,220.0,138.66666666666666,29.14332399252584,12,10,157.1924,4,168,157.1924,121.1527214050293,214.59379348754882,10.807601928710938,10.807601928710938,XGBoost,4
2025-10-01,Lyrica,TER-11,155,70751.75,3,454.5566666666667,10,4,2025,2,0,168.0,118.0,184.0,137.33333333333334,26.85764943797823,12,10,146.64146,4,155,146.64146,107.195458984375,210.61334152221679,8.358535766601562,8.358535766601562,XGBoost,4
2025-11-01,Lyrica,TER-11,119,57099.77,1,479.83,11,4,2025,5,0,155.0,126.0,166.0,149.66666666666666,21.50193789716017,12,10,165.19185,4,119,165.19185,126.92673988342285,218.65122261047364,-46.19184875488281,46.19184875488281,XGBoost,4
2025-12-01,Lyrica,TER-11,222,106233.69,2,480.045,12,4,2025,0,0,119.0,168.0,172.0,147.33333333333334,25.38372181799457,12,10,130.33142,4,222,130.33142,97.57471046447753,181.69512481689452,91.6685791015625,91.6685791015625,XGBoost,4
2025-05-01,Lyrica,TER-12,165,80572.03,3,477.1066666666666,5,2,2025,3,0,179.0,116.0,140.0,137.66666666666666,35.809682117177914,12,11,118.97941,4,165,118.97941,75.85057563781739,165.48229827880857,46.020591735839844,46.020591735839844,XGBoost,4
2025-06-01,Lyrica,TER-12,155,74866.0,4,471.47,6,2,2025,6,0,165.0,118.0,151.0,154.0,31.95309061734092,12,11,151.87892,4,155,151.87892,113.30091438293456,204.33353538513182,3.1210784912109375,3.1210784912109375,XGBoost,4
2025-07-01,Lyrica,TER-12,112,49532.21,4,458.2725,7,3,2025,1,0,155.0,179.0,97.0,166.33333333333334,12.055427546683475,12,11,127.647766,4,112,127.647766,96.00431900024414,178.84230194091796,-15.64776611328125,15.64776611328125,XGBoost,4
2025-08-01,Lyrica,TER-12,102,48283.74,1,473.37,8,3,2025,4,0,112.0,165.0,116.0,144.0,28.160255680657432,12,11,102.95341,4,102,102.95341,62.90205230712891,162.22760696411132,-0.9534072875976562,0.9534072875976562,XGBoost,4
2025-09-01,Lyrica,TER-12,175,79029.05,2,464.155,9,3,2025,0,0,102.0,155.0,118.0,123.0,28.16025568065739,12,11,132.49997,4,175,132.49997,89.85947036743164,177.94047241210936,42.500030517578125,42.500030517578125,XGBoost,4
2025-10-01,Lyrica,TER-12,189,74993.31,1,396.79,10,4,2025,2,0,175.0,112.0,179.0,129.66666666666666,39.57692930652062,12,11,137.52675,4,189,137.52675,95.17187805175782,192.3888626098632,51.47325134277344,51.47325134277344,XGBoost,4
2025-11-01,Lyrica,TER-12,114,53833.08,1,472.22,11,4,2025,5,0,189.0,102.0,165.0,155.33333333333334,46.71545069175009,12,11,148.00304,4,114,148.00304,110.69729614257812,197.72953796386716,-34.00303649902344,34.00303649902344,XGBoost,4
2025-12-01,Lyrica,TER-12,169,76094.54,4,461.275,12,4,2025,0,0,114.0,175.0,155.0,159.33333333333334,39.87898360456714,12,11,140.34189,4,169,140.34189,97.87536392211915,194.3990783691406,28.658111572265625,28.658111572265625,XGBoost,4
2025-05-01,Lyrica,TER-13,123,57598.35,2,456.68,5,2,2025,3,0,114.0,161.0,134.0,157.66666666666666,42.09908945967043,12,12,121.14729,4,123,121.14729,83.20933380126954,172.88180122375488,1.8527069091796875,1.8527069091796875,XGBoost,4
2025-06-01,Lyrica,TER-13,106,47080.35,4,449.4725,6,2,2025,6,0,123.0,198.0,112.0,145.0,46.11941023040082,12,12,142.51947,4,106,142.51947,102.32979583740234,190.201403427124,-36.51947021484375,36.51947021484375,XGBoost,4
2025-07-01,Lyrica,TER-13,81,36727.56,4,464.33,7,3,2025,1,0,106.0,114.0,159.0,114.33333333333331,8.504900548115407,12,12,118.849884,4,81,118.849884,76.16165046691894,175.90199890136716,-37.849884033203125,37.849884033203125,XGBoost,4
2025-08-01,Lyrica,TER-13,95,40652.4,1,427.92,8,3,2025,4,0,81.0,123.0,161.0,103.33333333333331,21.12660250332111,12,12,118.35907,4,95,118.35907,80.43456344604492,176.66603393554686,-23.35906982421875,23.35906982421875,XGBoost,4
2025-09-01,Lyrica,TER-13,131,58089.84,4,455.965,9,3,2025,0,0,95.0,106.0,198.0,94.0,12.529964086141678,12,12,140.31007,4,131,140.31007,102.53297767639161,192.49608421325684,-9.310073852539062,9.310073852539062,XGBoost,4
2025-10-01,Lyrica,TER-13,129,58986.54,1,457.26,10,4,2025,2,0,131.0,81.0,114.0,102.33333333333331,25.794056162870813,12,12,118.42525,4,129,118.42525,84.78975944519043,167.82368316650388,10.574752807617188,10.574752807617188,XGBoost,4
2025-11-01,Lyrica,TER-13,106,48133.28999999999,4,444.435,11,4,2025,5,0,129.0,95.0,123.0,118.33333333333331,20.23198787399137,12,12,133.89603,4,106,133.89603,95.42778854370117,194.24766540527338,-27.896026611328125,27.896026611328125,XGBoost,4
2025-12-01,Lyrica,TER-13,208,94262.47,4,447.2825,12,4,2025,0,0,106.0,131.0,106.0,122.0,13.892443989449824,12,12,138.20572,4,208,138.20572,100.42862281799317,195.04259719848633,69.79428100585938,69.79428100585938,XGBoost,4
2025-05-01,Lyrica,TER-14,123,52689.46,3,428.43666666666667,5,2,2025,3,0,104.0,122.0,90.0,111.0,9.643650760992973,12,13,118.49645,4,123,118.49645,80.02088012695313,168.63802871704095,4.503547668457031,4.503547668457031,XGBoost,4
2025-06-01,Lyrica,TER-14,142,59902.17,4,436.5975,6,2,2025,6,0,123.0,107.0,151.0,111.33333333333331,10.214368964029726,12,13,126.58697,4,142,126.58697,89.531538772583,178.7729778289795,15.413032531738281,15.413032531738281,XGBoost,4
2025-07-01,Lyrica,TER-14,123,49900.47,2,415.065,7,3,2025,1,0,142.0,104.0,111.0,123.0,19.00000000000001,12,13,120.4751,4,123,120.4751,81.96112594604492,170.21704940795897,2.52490234375,2.52490234375,XGBoost,4
2025-08-01,Lyrica,TER-14,125,56754.600000000006,3,448.22,8,3,2025,4,0,123.0,123.0,122.0,129.33333333333334,10.96965511460291,12,13,110.96506,4,125,110.96506,74.38603744506837,157.1053398132324,14.034942626953125,14.034942626953125,XGBoost,4
2025-09-01,Lyrica,TER-14,95,41954.85,1,441.63,9,3,2025,0,0,125.0,142.0,107.0,130.0,10.440306508910568,12,13,117.61612,4,95,117.61612,74.83505249023438,175.26051902770996,-22.616119384765625,22.616119384765625,XGBoost,4
2025-10-01,Lyrica,TER-14,118,53256.62,3,457.1566666666667,10,4,2025,2,0,95.0,123.0,104.0,114.33333333333331,16.772994167212175,12,13,116.42997,4,118,116.42997,82.7839584350586,169.4703300476074,1.5700302124023438,1.5700302124023438,XGBoost,4
2025-11-01,Lyrica,TER-14,107,46582.27,2,460.415,11,4,2025,5,0,118.0,125.0,123.0,112.66666666666669,15.69500982265808,12,13,128.33672,4,107,128.33672,90.39673538208008,174.60007629394528,-21.336715698242188,21.336715698242188,XGBoost,4
2025-12-01,Lyrica,TER-14,109,48275.01,1,442.89,12,4,2025,0,0,107.0,95.0,142.0,106.66666666666669,11.503622617824943,12,13,105.72615,4,109,105.72615,73.87412033081054,164.68414306640625,3.2738494873046875,3.2738494873046875,XGBoost,4
2025-05-01,Lyrica,TER-15,131,62398.45,3,468.38000000000005,5,2,2025,3,0,147.0,92.0,97.0,128.66666666666666,31.75426480542942,12,14,107.4947,4,131,107.4947,69.96471138000489,158.72571182250977,23.50530242919922,23.50530242919922,XGBoost,4
2025-06-01,Lyrica,TER-15,179,78634.7,1,439.3,6,2,2025,6,0,131.0,147.0,117.0,141.66666666666666,9.237604307034031,12,14,131.53128,4,179,131.53128,91.45784759521484,189.86891479492184,47.468719482421875,47.468719482421875,XGBoost,4
2025-07-01,Lyrica,TER-15,105,44296.48,3,415.8566666666666,7,3,2025,1,0,179.0,147.0,148.0,152.33333333333334,24.440403706431148,12,14,123.74208,4,105,123.74208,86.19359588623047,174.99132537841794,-18.742080688476562,18.742080688476562,XGBoost,4
2025-08-01,Lyrica,TER-15,93,41943.13,4,450.09,8,3,2025,4,0,105.0,131.0,92.0,138.33333333333334,37.5410886008029,12,14,120.38869,4,93,120.38869,80.5158145904541,167.5786746978759,-27.388687133789062,27.388687133789062,XGBoost,4
2025-09-01,Lyrica,TER-15,134,62540.9,4,462.5425,9,3,2025,0,0,93.0,179.0,147.0,125.66666666666669,46.57610259922286,12,14,126.66318,4,134,126.66318,83.99231872558593,178.06258010864252,7.336822509765625,7.336822509765625,XGBoost,4
2025-10-01,Lyrica,TER-15,133,57434.19,2,431.9,10,4,2025,2,0,134.0,105.0,147.0,110.66666666666669,21.07921567168319,12,14,114.35741,4,133,114.35741,71.06720733642578,167.3324882507324,18.642593383789062,18.642593383789062,XGBoost,4
2025-11-01,Lyrica,TER-15,160,70223.6,3,439.2433333333333,11,4,2025,5,0,133.0,93.0,131.0,120.0,23.38803112705301,12,14,135.85455,4,160,135.85455,87.79817276000976,177.26309661865233,24.14544677734375,24.14544677734375,XGBoost,4
2025-12-01,Lyrica,TER-15,120,55849.46,4,462.5525,12,4,2025,0,0,160.0,134.0,179.0,142.33333333333334,15.3079500042734,12,14,134.63284,4,120,134.63284,89.48069763183594,184.35667419433594,-14.632843017578125,14.632843017578125,XGBoost,4
2025-05-01,Lyrica,TER-16,132,63187.08,1,478.69,5,2,2025,3,0,174.0,143.0,115.0,171.33333333333334,27.098585448936856,12,15,138.01735,4,132,138.01735,98.18101425170899,192.98694992065427,-6.0173492431640625,6.0173492431640625,XGBoost,4
2025-06-01,Lyrica,TER-16,125,55665.09,4,436.3225,6,2,2025,6,0,132.0,197.0,113.0,167.66666666666666,32.95957119462163,12,15,148.76105,4,125,148.76105,105.40207138061524,196.97390136718747,-23.76104736328125,23.76104736328125,XGBoost,4
2025-07-01,Lyrica,TER-16,137,63794.67999999999,2,464.2,7,3,2025,1,0,125.0,174.0,144.0,143.66666666666666,26.501572280401245,12,15,113.42539,4,137,113.42539,75.85007820129395,166.22946128845214,23.574607849121094,23.574607849121094,XGBoost,4
2025-08-01,Lyrica,TER-16,73,32153.61,3,432.0966666666666,8,3,2025,4,0,137.0,132.0,143.0,131.33333333333334,6.027713773341545,12,15,126.93724,4,73,126.93724,80.91167907714843,176.65376892089841,-53.93724060058594,53.93724060058594,XGBoost,4
2025-09-01,Lyrica,TER-16,177,83798.97,2,463.865,9,3,2025,0,0,73.0,125.0,197.0,111.66666666666669,34.019602192461505,12,15,122.916466,4,177,122.916466,86.73865928649903,177.3527404785156,54.083534240722656,54.083534240722656,XGBoost,4
2025-10-01,Lyrica,TER-16,101,48698.16,1,482.16,10,4,2025,2,0,177.0,137.0,174.0,129.0,52.45950819441599,12,15,130.17508,4,101,130.17508,92.5411376953125,176.42337341308593,-29.175079345703125,29.175079345703125,XGBoost,4
2025-11-01,Lyrica,TER-16,123,53858.43,4,460.92,11,4,2025,5,0,101.0,73.0,132.0,117.0,53.814496188294825,12,15,129.88516,4,123,129.88516,89.85235595703125,187.50174217224122,-6.885162353515625,6.885162353515625,XGBoost,4
2025-12-01,Lyrica,TER-16,166,71906.82,4,436.0025,12,4,2025,0,0,123.0,177.0,125.0,133.66666666666666,39.10669166949988,12,15,143.69682,4,166,143.69682,101.01529235839844,203.04747390747067,22.303176879882812,22.303176879882812,XGBoost,4
2025-05-01,Lyrica,TER-17,139,59197.78,3,431.4633333333333,5,2,2025,3,0,83.0,79.0,80.0,92.0,19.157244060668045,12,16,94.0229,4,139,94.0229,47.32689170837403,146.41588439941404,44.97709655761719,44.97709655761719,XGBoost,4
2025-06-01,Lyrica,TER-17,177,83794.48,2,459.36,6,2,2025,6,0,139.0,114.0,152.0,112.0,28.053520278211096,12,16,119.21067,4,177,119.21067,80.63870086669922,161.34450798034666,57.789329528808594,57.789329528808594,XGBoost,4
2025-07-01,Lyrica,TER-17,83,37402.64,3,452.49,7,3,2025,1,0,177.0,83.0,172.0,133.0,47.28636167014756,12,16,90.260765,4,83,90.260765,55.19982643127442,145.9147094726562,-7.260765075683594,7.260765075683594,XGBoost,4
2025-08-01,Lyrica,TER-17,90,43014.49,2,474.525,8,3,2025,4,0,83.0,139.0,79.0,133.0,47.28636167014756,12,16,84.89563,4,90,84.89563,39.71652526855469,139.31377563476562,5.1043701171875,5.1043701171875,XGBoost,4
2025-09-01,Lyrica,TER-17,148,70378.44,1,475.53,9,3,2025,0,0,90.0,177.0,114.0,116.66666666666669,52.36729259120939,12,16,100.61918,4,148,100.61918,61.66665725708008,155.4850284576416,47.380821228027344,47.380821228027344,XGBoost,4
2025-10-01,Lyrica,TER-17,135,64142.47,3,451.5233333333333,10,4,2025,2,0,148.0,83.0,83.0,107.0,35.679125549822565,12,16,114.47289,4,135,114.47289,72.52350845336915,172.0731132507324,20.52710723876953,20.52710723876953,XGBoost,4
2025-11-01,Lyrica,TER-17,119,54004.58,1,453.82,11,4,2025,5,0,135.0,90.0,139.0,124.33333333333331,30.43572462310261,12,16,126.113266,4,119,126.113266,89.9039737701416,172.07739486694334,-7.1132659912109375,7.1132659912109375,XGBoost,4
2025-12-01,Lyrica,TER-17,172,83609.5,4,454.1325,12,4,2025,0,0,119.0,148.0,177.0,134.0,14.525839046334,12,16,103.73478,4,172,103.73478,67.82453155517578,158.71719360351562,68.26522064208984,68.26522064208984,XGBoost,4
2025-05-01,Lyrica,TER-18,98,40158.44,1,409.78,5,2,2025,3,0,135.0,86.0,76.0,124.33333333333331,34.268547289509264,12,17,113.42819,4,98,113.42819,70.97072525024414,168.73105239868164,-15.428192138671875,15.428192138671875,XGBoost,4
2025-06-01,Lyrica,TER-18,148,60608.96,1,409.52,6,2,2025,6,0,98.0,152.0,168.0,128.33333333333334,27.610384519838416,12,17,131.63036,4,148,131.63036,89.17428207397461,191.14342041015624,16.369644165039062,16.369644165039062,XGBoost,4
2025-07-01,Lyrica,TER-18,75,32327.16,4,439.98,7,3,2025,1,0,148.0,135.0,127.0,127.0,25.942243542145683,12,17,103.93535,4,75,103.93535,66.42366218566895,154.57566452026364,-28.935348510742188,28.935348510742188,XGBoost,4
2025-08-01,Lyrica,TER-18,66,29681.18,2,453.705,8,3,2025,4,0,75.0,98.0,86.0,107.0,37.32291521304303,12,17,97.68234,4,66,97.68234,60.49062232971192,154.58090057373042,-31.682342529296875,31.682342529296875,XGBoost,4
2025-09-01,Lyrica,TER-18,147,63420.97,2,436.015,9,3,2025,0,0,66.0,148.0,152.0,96.33333333333331,44.97036060933169,12,17,103.44612,4,147,103.44612,67.36997680664062,149.8643085479736,43.55387878417969,43.55387878417969,XGBoost,4
2025-10-01,Lyrica,TER-18,150,70365.0,1,469.1,10,4,2025,2,0,147.0,75.0,135.0,96.0,44.3959457608462,12,17,118.22555,4,150,118.22555,75.86087417602539,173.91871185302725,31.774452209472656,31.774452209472656,XGBoost,4
2025-11-01,Lyrica,TER-18,120,53608.36,2,449.54,11,4,2025,5,0,150.0,66.0,98.0,121.0,47.65501022977541,12,17,114.0752,4,120,114.0752,76.06877899169922,161.78065147399897,5.924797058105469,5.924797058105469,XGBoost,4
2025-12-01,Lyrica,TER-18,140,70197.4,1,501.41,12,4,2025,0,0,120.0,147.0,148.0,139.0,16.5227116418583,12,17,108.07943,4,140,108.07943,68.224369430542,162.59663619995115,31.920570373535156,31.920570373535156,XGBoost,4
2025-05-01,Lyrica,TER-19,77,31287.54,4,453.3825,5,2,2025,3,0,89.0,101.0,77.0,114.33333333333331,34.019602192461534,12,18,98.07672,4,77,98.07672,59.60647048950195,156.5605316162109,-21.07672119140625,21.07672119140625,XGBoost,4
2025-06-01,Lyrica,TER-19,153,67490.31,2,442.76,6,2,2025,6,0,77.0,153.0,99.0,106.33333333333331,40.85747585611884,12,18,110.828835,4,153,110.828835,70.9649772644043,165.61368560791013,42.171165466308594,42.171165466308594,XGBoost,4
2025-07-01,Lyrica,TER-19,73,35100.44,3,476.3833333333334,7,3,2025,1,0,153.0,89.0,82.0,106.33333333333331,40.85747585611884,12,18,98.933754,4,73,98.933754,59.984709930419925,151.48128967285155,-25.933753967285156,25.933753967285156,XGBoost,4
2025-08-01,Lyrica,TER-19,67,30116.0,3,442.5933333333333,8,3,2025,4,0,73.0,77.0,101.0,101.0,45.07771067833858,12,18,95.03985,4,67,95.03985,55.002366638183595,152.7314682006836,-28.03984832763672,28.03984832763672,XGBoost,4
2025-09-01,Lyrica,TER-19,108,49597.92,1,459.24,9,3,2025,0,0,67.0,153.0,153.0,97.66666666666669,48.01388688008225,12,18,104.18907,4,108,104.18907,68.0934555053711,162.49013748168946,3.8109283447265625,3.8109283447265625,XGBoost,4
2025-10-01,Lyrica,TER-19,108,45881.64,1,424.83,10,4,2025,2,0,108.0,73.0,89.0,82.66666666666667,22.14347157365652,12,18,93.743195,4,108,93.743195,54.95617332458496,146.34991836547846,14.256805419921875,14.256805419921875,XGBoost,4
2025-11-01,Lyrica,TER-19,125,55635.0,1,445.08,11,4,2025,5,0,108.0,67.0,77.0,94.33333333333331,23.671361036774677,12,18,96.43487,4,125,96.43487,54.791144943237306,148.17207031249998,28.56513214111328,28.56513214111328,XGBoost,4
2025-12-01,Lyrica,TER-19,123,58472.39,4,472.635,12,4,2025,0,0,125.0,108.0,153.0,113.66666666666669,9.814954576223682,12,18,86.645744,4,123,86.645744,46.61954193115235,144.04713973999023,36.35425567626953,36.35425567626953,XGBoost,4
2025-05-01,Lyrica,TER-20,112,49454.0,2,452.09,5,2,2025,3,0,82.0,152.0,107.0,129.33333333333334,41.00406483915141,12,19,85.100716,4,112,85.100716,45.07451324462891,132.9015495300292,26.89928436279297,26.89928436279297,XGBoost,4
2025-06-01,Lyrica,TER-20,137,63983.0,4,473.5925,6,2,2025,6,0,112.0,154.0,85.0,116.0,36.166282640050255,12,19,109.01352,4,137,109.01352,67.03639373779296,154.13165206909179,27.986480712890625,27.986480712890625,XGBoost,4
2025-07-01,Lyrica,TER-20,78,32313.84,1,414.28,7,3,2025,1,0,137.0,82.0,147.0,110.33333333333331,27.53785273643052,12,19,102.72987,4,78,102.72987,65.89077873229981,155.18049736022948,-24.729873657226562,24.729873657226562,XGBoost,4
2025-08-01,Lyrica,TER-20,126,54048.77,2,438.735,8,3,2025,4,0,78.0,112.0,152.0,109.0,29.61418578992169,12,19,96.06743,4,126,96.06743,53.50230407714844,151.10413360595703,29.932571411132812,29.932571411132812,XGBoost,4
2025-09-01,Lyrica,TER-20,91,38692.29,1,425.19,9,3,2025,0,0,126.0,137.0,154.0,113.66666666666669,31.374086972106983,12,19,107.05197,4,91,107.05197,63.842173385620114,153.1715087890625,-16.051971435546875,16.051971435546875,XGBoost,4
2025-10-01,Lyrica,TER-20,114,50533.04,4,453.04,10,4,2025,2,0,91.0,78.0,82.0,98.33333333333331,24.82606157515393,12,19,103.45279,4,114,103.45279,60.24719009399414,155.89037742614747,10.547210693359375,10.547210693359375,XGBoost,4
2025-11-01,Lyrica,TER-20,132,58461.48,1,442.89,11,4,2025,5,0,114.0,126.0,112.0,110.33333333333331,17.7857620959388,12,19,114.5961,4,132,114.5961,77.12180137634277,167.4762432098388,17.403900146484375,17.403900146484375,XGBoost,4
2025-12-01,Lyrica,TER-20,166,73049.18,4,441.6775,12,4,2025,0,0,132.0,91.0,137.0,112.33333333333331,20.550750189064463,12,19,92.23162,4,166,92.23162,49.78898315429688,140.94370002746578,73.76837921142578,73.76837921142578,XGBoost,4
2025-05-01,Neulasta,TER-01,57,220407.6,1,3866.8,5,2,2025,3,0,67.0,49.0,37.0,66.0,16.522711641858304,13,0,55.37189,4,57,55.37189,16.578628158569337,109.79172534942624,1.6281089782714844,1.6281089782714844,XGBoost,4
2025-06-01,Neulasta,TER-01,59,224846.64,1,3810.96,6,2,2025,6,0,57.0,82.0,81.0,68.66666666666667,12.583057392117915,13,0,76.28941,4,59,76.28941,33.07899208068848,128.13833236694333,-17.289413452148438,17.289413452148438,XGBoost,4
2025-07-01,Neulasta,TER-01,52,209430.0,1,4027.5,7,3,2025,1,0,59.0,67.0,75.0,61.0,5.291502622129134,13,0,55.194584,4,52,55.194584,12.736107635498048,104.60264816284179,-3.1945838928222656,3.1945838928222656,XGBoost,4
2025-08-01,Neulasta,TER-01,44,174591.12,1,3967.98,8,3,2025,4,0,52.0,57.0,49.0,56.0,3.605551275463879,13,0,53.327156,4,44,53.327156,16.240306091308597,104.52007293701172,-9.327156066894531,9.327156066894531,XGBoost,4
2025-09-01,Neulasta,TER-01,79,321941.19,2,4074.885,9,3,2025,0,0,44.0,59.0,82.0,51.66666666666666,7.505553499465067,13,0,55.878902,4,79,55.878902,21.136087036132814,107.07879409790038,23.121097564697266,23.121097564697266,XGBoost,4
2025-10-01,Neulasta,TER-01,70,265766.98,3,3860.8433333333337,10,4,2025,2,0,79.0,52.0,67.0,58.333333333333336,18.33939293797188,13,0,57.74839,4,70,57.74839,11.907456970214843,116.89626007080078,12.251609802246094,12.251609802246094,XGBoost,4
2025-11-01,Neulasta,TER-01,50,181994.46,3,3630.0866666666666,11,4,2025,5,0,70.0,44.0,57.0,64.33333333333333,18.175074506954104,13,0,59.75545,4,50,59.75545,23.667137145996097,117.74794502258301,-9.755451202392578,9.755451202392578,XGBoost,4
2025-12-01,Neulasta,TER-01,75,270034.59,2,3581.645,12,4,2025,0,0,50.0,79.0,59.0,66.33333333333333,14.843629385474872,13,0,64.21314,4,75,64.21314,21.547183990478516,112.15639724731439,10.786857604980469,10.786857604980469,XGBoost,4
2025-05-01,Neulasta,TER-02,71,264390.87,3,3745.9166666666665,5,2,2025,3,0,42.0,67.0,46.0,59.0,14.730919862656233,13,1,53.425064,4,71,53.425064,9.798242187500001,104.19645195007324,17.574935913085938,17.574935913085938,XGBoost,4
2025-06-01,Neulasta,TER-02,59,218619.77,2,3692.7,6,2,2025,6,0,71.0,68.0,73.0,60.333333333333336,15.947831618540912,13,1,60.83085,4,59,60.83085,23.254557037353518,112.56805114746093,-1.8308486938476562,1.8308486938476562,XGBoost,4
2025-07-01,Neulasta,TER-02,52,189579.0,1,3645.75,7,3,2025,1,0,59.0,42.0,68.0,57.333333333333336,14.571661996262929,13,1,49.063366,4,52,49.063366,15.681270599365234,108.14248046875,2.936634063720703,2.936634063720703,XGBoost,4
2025-08-01,Neulasta,TER-02,54,207149.71,4,3831.31,8,3,2025,4,0,52.0,71.0,67.0,60.66666666666666,9.609023536933044,13,1,53.480927,4,54,53.480927,12.977304077148442,104.71216125488277,0.519073486328125,0.519073486328125,XGBoost,4
2025-09-01,Neulasta,TER-02,53,205550.53,2,3779.705,9,3,2025,0,0,54.0,59.0,68.0,55.0,3.6055512754639714,13,1,54.405155,4,53,54.405155,15.452633666992188,106.24346656799315,-1.4051551818847656,1.4051551818847656,XGBoost,4
2025-10-01,Neulasta,TER-02,69,281410.31,2,3914.805,10,4,2025,2,0,53.0,52.0,42.0,53.0,0.999999999999936,13,1,45.934124,4,69,45.934124,4.147870635986329,99.91351432800293,23.065876007080078,23.065876007080078,XGBoost,4
2025-11-01,Neulasta,TER-02,42,170030.78,4,3846.63,11,4,2025,5,0,69.0,54.0,71.0,58.66666666666666,8.962886439832495,13,1,50.71402,4,42,50.71402,3.4540512084960944,100.45597152709959,-8.714019775390625,8.714019775390625,XGBoost,4
2025-12-01,Neulasta,TER-02,51,197370.91,4,3898.3475,12,4,2025,0,0,42.0,53.0,59.0,54.66666666666666,13.576941236277529,13,1,48.372025,4,51,48.372025,12.736967086791994,101.20489501953122,2.6279754638671875,2.6279754638671875,XGBoost,4
2025-05-01,Neulasta,TER-03,47,184974.14,1,3935.62,5,2,2025,3,0,37.0,58.0,50.0,46.0,10.816653826391963,13,2,50.4507,4,47,50.4507,11.481367492675785,105.21399993896483,-3.4506988525390625,3.4506988525390625,XGBoost,4
2025-06-01,Neulasta,TER-03,62,230594.74,1,3719.27,6,2,2025,6,0,47.0,43.0,49.0,42.333333333333336,5.033222956847156,13,2,51.91624,4,62,51.91624,8.075244903564457,101.2135835647583,10.083759307861328,10.083759307861328,XGBoost,4
2025-07-01,Neulasta,TER-03,29,117326.34,3,4017.0033333333336,7,3,2025,1,0,62.0,37.0,64.0,48.66666666666666,12.583057392117912,13,2,43.054317,4,29,43.054317,4.267296218872071,95.03421859741209,-14.054317474365234,14.054317474365234,XGBoost,4
2025-08-01,Neulasta,TER-03,44,160542.08,3,3705.6866666666665,8,3,2025,4,0,29.0,47.0,58.0,46.0,16.522711641858304,13,2,46.617664,4,44,46.617664,6.174587249755862,96.33303871154784,-2.617664337158203,2.617664337158203,XGBoost,4
2025-09-01,Neulasta,TER-03,37,139647.02000000002,2,3765.985,9,3,2025,0,0,44.0,62.0,43.0,45.0,16.522711641858304,13,2,48.283348,4,37,48.283348,8.342527008056646,94.97646636962888,-11.283348083496094,11.283348083496094,XGBoost,4
2025-10-01,Neulasta,TER-03,61,227943.16,3,3789.4466666666663,10,4,2025,2,0,37.0,29.0,37.0,36.66666666666666,7.505553499465131,13,2,46.972305,4,61,46.972305,8.185284042358399,106.60561523437494,14.027694702148438,14.027694702148438,XGBoost,4
2025-11-01,Neulasta,TER-03,34,131257.56,4,3787.3175,11,4,2025,5,0,61.0,44.0,47.0,47.333333333333336,12.342339054382409,13,2,51.079636,4,34,51.079636,12.090398406982425,99.27371559143066,-17.079635620117188,17.079635620117188,XGBoost,4
2025-12-01,Neulasta,TER-03,71,262838.12,4,3737.72,12,4,2025,0,0,34.0,37.0,62.0,44.0,14.79864858694874,13,2,47.23748,4,71,47.23748,10.6496395111084,97.39078445434565,23.76251983642578,23.76251983642578,XGBoost,4
2025-05-01,Neulasta,TER-04,58,216886.6,2,3733.7,5,2,2025,3,0,38.0,37.0,38.0,43.0,9.53939201416946,13,3,46.02558,4,58,46.02558,7.052516174316409,96.56927566528319,11.974418640136719,11.974418640136719,XGBoost,4
2025-06-01,Neulasta,TER-04,58,209243.86,4,3593.31,6,2,2025,6,0,58.0,54.0,66.0,50.0,10.583005244258365,13,3,50.351494,4,58,50.351494,9.527774047851565,105.21315078735351,7.648506164550781,7.648506164550781,XGBoost,4
2025-07-01,Neulasta,TER-04,47,186117.61,3,3901.646666666667,7,3,2025,1,0,58.0,38.0,63.0,51.333333333333336,11.547005383792516,13,3,39.21454,4,47,39.21454,0.0,91.17557067871086,7.78546142578125,7.78546142578125,XGBoost,4
2025-08-01,Neulasta,TER-04,30,112448.92,4,3806.1475,8,3,2025,4,0,47.0,58.0,37.0,54.333333333333336,6.350852961085884,13,3,43.19374,4,30,43.19374,3.295715713500979,96.23880882263181,-13.193740844726562,13.193740844726562,XGBoost,4
2025-09-01,Neulasta,TER-04,45,170362.1,2,3784.195,9,3,2025,0,0,30.0,58.0,54.0,45.0,14.106735979665885,13,3,44.92982,4,45,44.92982,0.0,98.97926979064935,0.07017898559570312,0.07017898559570312,XGBoost,4
2025-10-01,Neulasta,TER-04,48,185184.12,2,3827.655,10,4,2025,2,0,45.0,47.0,38.0,40.66666666666666,9.29157324317757,13,3,47.37119,4,48,47.37119,7.342298507690434,96.44358386993407,0.6288108825683594,0.6288108825683594,XGBoost,4
2025-11-01,Neulasta,TER-04,41,159209.24,3,3859.103333333333,11,4,2025,5,0,48.0,30.0,58.0,41.0,9.643650760992957,13,3,48.252567,4,41,48.252567,6.242839813232427,95.15283126831054,-7.252567291259766,7.252567291259766,XGBoost,4
2025-12-01,Neulasta,TER-04,36,139270.25,3,3909.103333333334,12,4,2025,0,0,41.0,45.0,58.0,44.66666666666666,3.511884584284245,13,3,44.37992,4,36,44.37992,8.52369422912598,98.38630104064937,-8.379920959472656,8.379920959472656,XGBoost,4
2025-05-01,Neulasta,TER-05,33,130302.1,3,3938.57,5,2,2025,3,0,30.0,47.0,49.0,47.333333333333336,17.50238079043344,13,4,41.38161,4,33,41.38161,2.883083343505862,86.94566421508789,-8.381610870361328,8.381610870361328,XGBoost,4
2025-06-01,Neulasta,TER-05,33,131880.54,1,3996.38,6,2,2025,6,0,33.0,65.0,38.0,42.66666666666666,19.399312702601957,13,4,45.897144,4,33,45.897144,13.603206634521484,102.74566802978514,-12.897144317626953,12.897144317626953,XGBoost,4
2025-07-01,Neulasta,TER-05,42,160582.24,4,3777.1225,7,3,2025,1,0,33.0,30.0,61.0,32.0,1.7320508075689114,13,4,29.918472,4,42,29.918472,0.0,81.652827835083,12.081527709960938,12.081527709960938,XGBoost,4
2025-08-01,Neulasta,TER-05,43,166421.54,4,3808.045,8,3,2025,4,0,42.0,33.0,47.0,36.0,5.19615242270665,13,4,36.550232,4,43,36.550232,0.0,90.94713764190674,6.44976806640625,6.44976806640625,XGBoost,4
2025-09-01,Neulasta,TER-05,49,197510.2,3,3956.3866666666663,9,3,2025,0,0,43.0,33.0,65.0,39.333333333333336,5.507570547286128,13,4,41.78511,4,49,41.78511,0.0,93.14382095336913,7.2148895263671875,7.2148895263671875,XGBoost,4
2025-10-01,Neulasta,TER-05,49,181675.34,1,3707.66,10,4,2025,2,0,49.0,42.0,30.0,44.66666666666666,3.785938897200241,13,4,42.67408,4,49,42.67408,0.0357040405273438,95.67567481994627,6.325920104980469,6.325920104980469,XGBoost,4
2025-11-01,Neulasta,TER-05,39,155233.26,1,3980.34,11,4,2025,5,0,49.0,43.0,33.0,47.0,3.464101615137827,13,4,44.921703,4,39,44.921703,0.0,100.58729324340813,-5.921703338623047,5.921703338623047,XGBoost,4
2025-12-01,Neulasta,TER-05,53,214138.55,1,4040.35,12,4,2025,0,0,39.0,49.0,33.0,45.66666666666666,5.773502691896297,13,4,38.839973,4,53,38.839973,2.7754508972167984,96.44025497436523,14.160026550292969,14.160026550292969,XGBoost,4
2025-05-01,Neulasta,TER-06,53,192928.7,3,3655.9833333333336,5,2,2025,3,0,36.0,48.0,26.0,41.333333333333336,6.110100926607796,13,5,36.84862,4,53,36.84862,0.0,91.90391197204588,16.151378631591797,16.151378631591797,XGBoost,4
2025-06-01,Neulasta,TER-06,32,122619.6,2,3916.55,6,2,2025,6,0,53.0,40.0,48.0,43.0,8.888194417315596,13,5,44.234985,4,32,44.234985,0.0,95.47969474792478,-12.2349853515625,12.2349853515625,XGBoost,4
2025-07-01,Neulasta,TER-06,24,89742.0,1,3739.25,7,3,2025,1,0,32.0,36.0,49.0,40.333333333333336,11.150485789118491,13,5,30.027664,4,24,30.027664,0.0,80.623705291748,-6.0276641845703125,6.0276641845703125,XGBoost,4
2025-08-01,Neulasta,TER-06,39,144808.61,2,3687.59,8,3,2025,4,0,24.0,53.0,48.0,36.333333333333336,14.977761292440652,13,5,37.40716,4,39,37.40716,0.0,89.22998046875,1.5928382873535156,1.5928382873535156,XGBoost,4
2025-09-01,Neulasta,TER-06,34,127248.32,4,3864.2425,9,3,2025,0,0,39.0,32.0,40.0,31.666666666666668,7.505553499465146,13,5,35.948982,4,34,35.948982,4.115581130981447,90.81109619140615,-1.9489822387695312,1.9489822387695312,XGBoost,4
2025-10-01,Neulasta,TER-06,56,205706.47,4,3667.56,10,4,2025,2,0,34.0,24.0,36.0,32.333333333333336,7.637626158259745,13,5,38.428577,4,56,38.428577,0.0,91.22646026611328,17.571422576904297,17.571422576904297,XGBoost,4
2025-11-01,Neulasta,TER-06,46,176642.84,4,3728.56,11,4,2025,5,0,56.0,39.0,53.0,43.0,11.532562594670804,13,5,44.321533,4,46,44.321533,4.477130889892579,101.09854354858398,1.678466796875,1.678466796875,XGBoost,4
2025-12-01,Neulasta,TER-06,35,127594.83,2,3698.915,12,4,2025,0,0,46.0,34.0,32.0,45.333333333333336,11.015141094572211,13,5,37.465553,4,35,37.465553,5.462555694580079,94.40928268432614,-2.4655532836914062,2.4655532836914062,XGBoost,4
2025-05-01,Neulasta,TER-07,34,110716.61,2,3308.525,5,2,2025,3,0,31.0,31.0,42.0,38.66666666666666,13.279056191361397,13,6,39.514107,4,34,39.514107,2.3313053131103527,96.91301689147949,-5.514106750488281,5.514106750488281,XGBoost,4
2025-06-01,Neulasta,TER-07,37,146246.76,2,3895.65,6,2,2025,6,0,34.0,54.0,50.0,39.66666666666666,12.503332889007371,13,6,40.933983,4,37,40.933983,0.0,88.33527221679687,-3.9339828491210938,3.9339828491210938,XGBoost,4
2025-07-01,Neulasta,TER-07,30,110540.53,2,3657.555,7,3,2025,1,0,37.0,31.0,26.0,34.0,3.000000000000005,13,6,34.445873,4,30,34.445873,0.0,84.30625114440917,-4.445873260498047,4.445873260498047,XGBoost,4
2025-08-01,Neulasta,TER-07,34,126628.0,2,3908.575,8,3,2025,4,0,30.0,34.0,31.0,33.666666666666664,3.511884584284249,13,6,33.436752,4,34,33.436752,0.0,82.86743469238279,0.5632476806640625,0.5632476806640625,XGBoost,4
2025-09-01,Neulasta,TER-07,36,121126.5,2,3336.075,9,3,2025,0,0,34.0,37.0,54.0,33.666666666666664,3.511884584284249,13,6,37.989464,4,36,37.989464,0.0,88.52598381042479,-1.9894638061523438,1.9894638061523438,XGBoost,4
2025-10-01,Neulasta,TER-07,50,183522.5,1,3670.45,10,4,2025,2,0,36.0,30.0,31.0,33.333333333333336,3.055050463303897,13,6,40.179504,4,50,40.179504,1.8670700073242201,94.19216499328611,9.82049560546875,9.82049560546875,XGBoost,4
2025-11-01,Neulasta,TER-07,39,138941.79,1,3562.61,11,4,2025,5,0,50.0,34.0,34.0,40.0,8.717797887081355,13,6,45.445656,4,39,45.445656,2.2384368896484377,101.44645328521725,-6.445655822753906,6.445655822753906,XGBoost,4
2025-12-01,Neulasta,TER-07,52,203773.32,4,3856.4825,12,4,2025,0,0,39.0,36.0,37.0,41.66666666666666,7.371114795832004,13,6,35.823578,4,52,35.823578,0.0,90.23368854522704,16.176422119140625,16.176422119140625,XGBoost,4
2025-05-01,Neulasta,TER-08,35,133117.19,4,3791.0375,5,2,2025,3,0,35.0,40.0,44.0,42.333333333333336,8.736894948054102,13,7,34.47076,4,35,34.47076,0.0,92.12995948791502,0.5292396545410156,0.5292396545410156,XGBoost,4
2025-06-01,Neulasta,TER-08,53,214482.52,1,4046.84,6,2,2025,6,0,35.0,52.0,46.0,40.66666666666666,9.814954576223634,13,7,42.728493,4,53,42.728493,3.3332122802734396,101.66604614257812,10.271507263183594,10.271507263183594,XGBoost,4
2025-07-01,Neulasta,TER-08,23,80233.64,2,3591.4700000000003,7,3,2025,1,0,53.0,35.0,34.0,41.0,10.39230484541326,13,7,34.469345,4,23,34.469345,0.0,82.68219909667967,-11.469345092773438,11.469345092773438,XGBoost,4
2025-08-01,Neulasta,TER-08,38,138888.32,3,3749.21,8,3,2025,4,0,23.0,35.0,40.0,37.0,15.099668870541496,13,7,36.035065,4,38,36.035065,2.5052127838134766,91.0201934814453,1.964935302734375,1.964935302734375,XGBoost,4
2025-09-01,Neulasta,TER-08,52,208938.6,1,4018.05,9,3,2025,0,0,38.0,53.0,52.0,38.0,14.999999999999996,13,7,38.484573,4,52,38.484573,0.0,91.39013633728023,13.515426635742188,13.515426635742188,XGBoost,4
2025-10-01,Neulasta,TER-08,33,126346.39,2,3798.465,10,4,2025,2,0,52.0,23.0,35.0,37.66666666666666,14.50287327853806,13,7,39.116726,4,33,39.116726,0.17959995269775444,88.40800094604491,-6.116725921630859,6.116725921630859,XGBoost,4
2025-11-01,Neulasta,TER-08,53,211216.73,2,3989.505,11,4,2025,5,0,33.0,38.0,35.0,41.0,9.848857801796102,13,7,42.774082,4,53,42.774082,6.100295639038088,100.46570205688477,10.22591781616211,10.22591781616211,XGBoost,4
2025-12-01,Neulasta,TER-08,65,247625.95,1,3809.63,12,4,2025,0,0,53.0,52.0,53.0,46.0,11.269427669584642,13,7,41.298515,4,65,41.298515,0.4988384246826187,93.69420318603515,23.70148468017578,23.70148468017578,XGBoost,4
2025-05-01,Neulasta,TER-09,46,177373.21,4,3931.2175,5,2,2025,3,0,26.0,45.0,44.0,35.333333333333336,9.504384952922166,13,8,32.83478,4,46,32.83478,0.0,84.04992599487302,13.165218353271484,13.165218353271484,XGBoost,4
2025-06-01,Neulasta,TER-09,51,185698.63,3,3711.17,6,2,2025,6,0,46.0,35.0,37.0,35.666666666666664,10.016652800877807,13,8,38.782738,4,51,38.782738,0.0,96.79472579956052,12.217262268066406,12.217262268066406,XGBoost,4
2025-07-01,Neulasta,TER-09,29,129699.02,1,4472.38,7,3,2025,1,0,51.0,26.0,37.0,41.0,13.228756555322947,13,8,30.210659,4,29,30.210659,0.0,85.33718452453606,-1.2106590270996094,1.2106590270996094,XGBoost,4
2025-08-01,Neulasta,TER-09,22,85576.92,1,3889.86,8,3,2025,4,0,29.0,46.0,45.0,42.0,11.532562594670786,13,8,37.095325,4,22,37.095325,0.0,86.91483840942374,-15.095325469970703,15.095325469970703,XGBoost,4
2025-09-01,Neulasta,TER-09,47,170767.40000000002,2,3689.17,9,3,2025,0,0,22.0,51.0,35.0,34.0,15.132745950421556,13,8,42.14544,4,47,42.14544,6.082262420654298,93.97115707397461,4.854560852050781,4.854560852050781,XGBoost,4
2025-10-01,Neulasta,TER-09,31,111126.01,1,3584.71,10,4,2025,2,0,47.0,29.0,26.0,32.666666666666664,12.897028081435405,13,8,40.806732,4,31,40.806732,0.0,94.78612251281739,-9.806732177734375,9.806732177734375,XGBoost,4
2025-11-01,Neulasta,TER-09,49,187830.44,3,3841.476666666667,11,4,2025,5,0,31.0,22.0,46.0,33.333333333333336,12.662279942148386,13,8,39.705875,4,49,39.705875,2.0980392456054693,84.1194366455078,9.294124603271484,9.294124603271484,XGBoost,4
2025-12-01,Neulasta,TER-09,33,116181.45,1,3520.65,12,4,2025,0,0,49.0,47.0,51.0,42.333333333333336,9.865765724632494,13,8,40.939022,4,33,40.939022,3.3232765197753915,94.96981163024898,-7.939022064208984,7.939022064208984,XGBoost,4
2025-05-01,Neulasta,TER-10,31,120377.34,1,3883.14,5,2,2025,3,0,34.0,54.0,56.0,45.0,10.148891565092224,13,9,40.951748,4,31,40.951748,0.0,92.31091651916502,-9.95174789428711,9.95174789428711,XGBoost,4
2025-06-01,Neulasta,TER-10,40,163325.47,4,3921.2325,6,2,2025,6,0,31.0,47.0,54.0,37.333333333333336,8.504900548115387,13,9,40.14776,4,40,40.14776,2.5598388671875028,91.82504425048825,-0.14775848388671875,0.14775848388671875,XGBoost,4
2025-07-01,Neulasta,TER-10,38,155337.16,1,4087.82,7,3,2025,1,0,40.0,34.0,43.0,35.0,4.58257569495585,13,9,29.781507,4,38,29.781507,0.0,85.79492397308344,8.21849250793457,8.21849250793457,XGBoost,4
2025-08-01,Neulasta,TER-10,40,149559.54,2,3748.485,8,3,2025,4,0,38.0,31.0,54.0,36.333333333333336,4.725815626252617,13,9,36.603027,4,40,36.603027,0.0,89.49965553283687,3.39697265625,3.39697265625,XGBoost,4
2025-09-01,Neulasta,TER-10,34,130430.81,3,3821.743333333333,9,3,2025,0,0,40.0,40.0,47.0,39.333333333333336,1.154700538379282,13,9,33.903492,4,34,33.903492,0.5858039855957031,93.23110809326171,0.09650802612304688,0.09650802612304688,XGBoost,4
2025-10-01,Neulasta,TER-10,47,172202.34999999998,3,3760.57,10,4,2025,2,0,34.0,38.0,34.0,37.333333333333336,3.055050463303906,13,9,36.973564,4,47,36.973564,0.0,88.95649909973142,10.026435852050781,10.026435852050781,XGBoost,4
2025-11-01,Neulasta,TER-10,49,176812.09,1,3608.41,11,4,2025,5,0,47.0,40.0,31.0,40.333333333333336,6.506407098647717,13,9,45.403572,4,49,45.403572,7.643143463134768,95.11267547607422,3.5964279174804688,3.5964279174804688,XGBoost,4
2025-12-01,Neulasta,TER-10,58,209745.39,4,3631.7675,12,4,2025,0,0,49.0,34.0,40.0,43.333333333333336,8.14452781524708,13,9,39.444256,4,58,39.444256,0.018638038635253963,87.16047172546385,18.555744171142578,18.555744171142578,XGBoost,4
2025-05-01,Neulasta,TER-11,42,158309.41999999998,3,3791.5866666666666,5,2,2025,3,0,52.0,46.0,53.0,52.333333333333336,6.50640709864771,13,10,40.593323,4,42,40.593323,0.0,88.35311317443842,1.40667724609375,1.40667724609375,XGBoost,4
2025-06-01,Neulasta,TER-11,45,176615.64,4,3935.8325,6,2,2025,6,0,42.0,59.0,41.0,51.0,8.54400374531753,13,10,51.366104,4,45,51.366104,10.54988594055176,105.32379035949707,-6.3661041259765625,6.3661041259765625,XGBoost,4
2025-07-01,Neulasta,TER-11,43,156438.24,3,3756.366666666667,7,3,2025,1,0,45.0,52.0,42.0,46.333333333333336,5.131601439446881,13,10,33.951096,4,43,33.951096,0.0,86.52706451416012,9.048904418945312,9.048904418945312,XGBoost,4
2025-08-01,Neulasta,TER-11,45,165800.52,3,3695.0,8,3,2025,4,0,43.0,42.0,46.0,43.333333333333336,1.5275252316519423,13,10,40.278427,4,45,40.278427,0.0,90.0085292816162,4.7215728759765625,4.7215728759765625,XGBoost,4
2025-09-01,Neulasta,TER-11,38,148978.18,4,3947.3025,9,3,2025,0,0,45.0,45.0,59.0,44.333333333333336,1.154700538379244,13,10,41.133472,4,38,41.133472,2.8445343017578124,91.20526504516602,-3.133472442626953,3.133472442626953,XGBoost,4
2025-10-01,Neulasta,TER-11,46,178087.15,4,3902.87,10,4,2025,2,0,38.0,43.0,52.0,42.0,3.605551275463987,13,10,37.72194,4,46,37.72194,1.1304595947265639,91.76217651367188,8.278060913085938,8.278060913085938,XGBoost,4
2025-11-01,Neulasta,TER-11,47,161469.32,4,3711.7825,11,4,2025,5,0,46.0,45.0,42.0,43.0,4.358898943540672,13,10,46.260624,4,47,46.260624,6.070949554443361,95.53481369018554,0.7393760681152344,0.7393760681152344,XGBoost,4
2025-12-01,Neulasta,TER-11,60,225288.0,1,3754.8,12,4,2025,0,0,47.0,38.0,45.0,43.66666666666666,4.932882862316246,13,10,35.84682,4,60,35.84682,0.0,91.45336132049559,24.153179168701172,24.153179168701172,XGBoost,4
2025-05-01,Neulasta,TER-12,33,119286.63,4,3690.5075,5,2,2025,3,0,30.0,38.0,32.0,43.0,16.09347693943108,13,11,38.611607,4,33,38.611607,0.0,92.9915189743042,-5.611606597900391,5.611606597900391,XGBoost,4
2025-06-01,Neulasta,TER-12,43,167995.26,3,3914.3133333333335,6,2,2025,6,0,33.0,61.0,53.0,41.333333333333336,17.097758137642884,13,11,45.778847,4,43,45.778847,3.3203704833984387,90.94745101928706,-2.7788467407226562,2.7788467407226562,XGBoost,4
2025-07-01,Neulasta,TER-12,23,87184.57999999999,3,3884.16,7,3,2025,1,0,43.0,30.0,36.0,35.333333333333336,6.806859285554056,13,11,27.949677,4,23,27.949677,0.0,79.29372787475586,-4.949676513671875,4.949676513671875,XGBoost,4
2025-08-01,Neulasta,TER-12,23,88730.32,1,3857.84,8,3,2025,4,0,23.0,33.0,38.0,33.0,10.000000000000009,13,11,34.508293,4,23,34.508293,0.0,88.1003795623779,-11.508293151855469,11.508293151855469,XGBoost,4
2025-09-01,Neulasta,TER-12,42,173747.28,1,4136.84,9,3,2025,0,0,23.0,43.0,61.0,29.666666666666668,11.547005383792522,13,11,33.839874,4,42,33.839874,0.0,88.23811645507811,8.160125732421875,8.160125732421875,XGBoost,4
2025-10-01,Neulasta,TER-12,36,135645.74,4,3788.4175,10,4,2025,2,0,42.0,23.0,30.0,29.33333333333333,10.969655114602896,13,11,34.87599,4,36,34.87599,0.0,90.1776168823242,1.1240081787109375,1.1240081787109375,XGBoost,4
2025-11-01,Neulasta,TER-12,44,168905.58,3,3893.48,11,4,2025,5,0,36.0,23.0,33.0,33.666666666666664,9.71253485622232,13,11,37.92706,4,44,37.92706,2.320327377319336,96.89421920776367,6.072940826416016,6.072940826416016,XGBoost,4
2025-12-01,Neulasta,TER-12,32,124322.4,3,3834.9,12,4,2025,0,0,44.0,42.0,43.0,40.66666666666666,4.163331998932292,13,11,32.086853,4,32,32.086853,0.0,82.1606086730957,-0.08685302734375,0.08685302734375,XGBoost,4
2025-05-01,Neulasta,TER-13,39,146900.85,4,3800.335,5,2,2025,3,0,47.0,29.0,28.0,45.333333333333336,15.56705923844749,13,12,34.467777,4,39,34.467777,0.0,86.88537979125974,4.532222747802734,4.532222747802734,XGBoost,4
2025-06-01,Neulasta,TER-13,56,202399.12,1,3614.27,6,2,2025,6,0,39.0,60.0,39.0,48.66666666666666,10.598742063723094,13,12,48.66877,4,56,48.66877,3.7893379211425806,106.73596153259277,7.331230163574219,7.331230163574219,XGBoost,4
2025-07-01,Neulasta,TER-13,21,76091.58,2,3611.23,7,3,2025,1,0,56.0,47.0,31.0,47.333333333333336,8.504900548115376,13,12,33.31457,4,21,33.31457,1.2338523864746094,88.11442565917964,-12.314571380615234,12.314571380615234,XGBoost,4
2025-08-01,Neulasta,TER-13,33,126020.54,2,3799.695,8,3,2025,4,0,21.0,39.0,29.0,38.66666666666666,17.502380790433435,13,12,34.816486,4,33,34.816486,0.0,86.25862045288085,-1.8164863586425781,1.8164863586425781,XGBoost,4
2025-09-01,Neulasta,TER-13,33,122556.44,4,3733.23,9,3,2025,0,0,33.0,56.0,60.0,36.66666666666666,17.785762095938797,13,12,41.201954,4,33,41.201954,0.0,98.01812286376949,-8.201953887939453,8.201953887939453,XGBoost,4
2025-10-01,Neulasta,TER-13,33,126637.17,1,3837.49,10,4,2025,2,0,33.0,21.0,47.0,29.0,6.928203230275498,13,12,37.000576,4,33,37.000576,0.0,86.7178268432617,-4.000576019287109,4.000576019287109,XGBoost,4
2025-11-01,Neulasta,TER-13,34,136257.02,2,4099.63,11,4,2025,5,0,33.0,33.0,39.0,33.0,0.0,13,12,37.112453,4,34,37.112453,1.3658435821533206,88.99400825500489,-3.1124534606933594,3.1124534606933594,XGBoost,4
2025-12-01,Neulasta,TER-13,44,165687.02000000002,2,3757.56,12,4,2025,0,0,34.0,33.0,56.0,33.333333333333336,0.5773502691895427,13,12,38.045696,4,44,38.045696,0.0,92.90735321044922,5.954303741455078,5.954303741455078,XGBoost,4
2025-05-01,Neulasta,TER-14,46,181523.82,1,3946.17,5,2,2025,3,0,45.0,52.0,35.0,47.66666666666666,3.785938897200245,13,13,32.663937,4,46,32.663937,0.0,85.6874561309814,13.336063385009766,13.336063385009766,XGBoost,4
2025-06-01,Neulasta,TER-14,45,155868.03,2,3581.115,6,2,2025,6,0,46.0,46.0,28.0,45.66666666666666,0.5773502691899883,13,13,41.83125,4,45,41.83125,3.542311096191406,91.24251098632811,3.168750762939453,3.168750762939453,XGBoost,4
2025-07-01,Neulasta,TER-14,17,65983.16,3,3872.76,7,3,2025,1,0,45.0,45.0,37.0,45.333333333333336,0.5773502691899796,13,13,29.338413,4,17,29.338413,0.0,86.98275184631348,-12.33841323852539,12.33841323852539,XGBoost,4
2025-08-01,Neulasta,TER-14,19,70578.16,1,3714.64,8,3,2025,4,0,17.0,46.0,52.0,36.0,16.462077633154333,13,13,36.032326,4,19,36.032326,0.0,88.57986030578613,-17.032325744628906,17.032325744628906,XGBoost,4
2025-09-01,Neulasta,TER-14,39,143013.62,2,3723.33,9,3,2025,0,0,19.0,45.0,46.0,27.0,15.620499351813308,13,13,33.91154,4,39,33.91154,0.0,88.89395523071289,5.088459014892578,5.088459014892578,XGBoost,4
2025-10-01,Neulasta,TER-14,45,178571.12,3,3930.126666666667,10,4,2025,2,0,39.0,17.0,45.0,25.0,12.165525060596435,13,13,29.750544,4,45,29.750544,0.0,84.15998764038083,15.249456405639648,15.249456405639648,XGBoost,4
2025-11-01,Neulasta,TER-14,29,103197.66,1,3558.54,11,4,2025,5,0,45.0,19.0,46.0,34.333333333333336,13.613718571108096,13,13,40.3856,4,29,40.3856,4.638991165161133,93.18969192504882,-11.385601043701172,11.385601043701172,XGBoost,4
2025-12-01,Neulasta,TER-14,43,153908.8,4,3601.98,12,4,2025,0,0,29.0,39.0,45.0,37.66666666666666,8.08290376865477,13,13,35.863255,4,43,35.863255,2.3353511810302745,91.42770690917969,7.136745452880859,7.136745452880859,XGBoost,4
2025-05-01,Neulasta,TER-15,34,134431.92,1,3953.88,5,2,2025,3,0,23.0,44.0,28.0,36.0,11.357816691600547,13,14,34.184933,4,34,34.184933,0.0,88.22471466064448,-0.18493270874023438,0.18493270874023438,XGBoost,4
2025-06-01,Neulasta,TER-15,41,150618.30000000002,2,3860.85,6,2,2025,6,0,34.0,41.0,41.0,32.666666666666664,9.07377172587747,13,14,36.122513,4,41,36.122513,0.0,93.72273330688476,4.8774871826171875,4.8774871826171875,XGBoost,4
2025-07-01,Neulasta,TER-15,28,105322.84,1,3761.53,7,3,2025,1,0,41.0,23.0,38.0,32.666666666666664,9.07377172587747,13,14,27.436106,4,28,27.436106,0.0,80.45962524414058,0.5638942718505859,0.5638942718505859,XGBoost,4
2025-08-01,Neulasta,TER-15,23,93539.16,1,4066.92,8,3,2025,4,0,28.0,34.0,44.0,34.333333333333336,6.506407098647719,13,14,31.863207,4,23,31.863207,0.0,78.2771835327148,-8.86320686340332,8.86320686340332,XGBoost,4
2025-09-01,Neulasta,TER-15,25,97272.21,3,4026.4566666666665,9,3,2025,0,0,23.0,41.0,41.0,30.666666666666668,9.291573243177574,13,14,33.380695,4,25,33.380695,0.0,87.89938011169431,-8.380695343017578,8.380695343017578,XGBoost,4
2025-10-01,Neulasta,TER-15,30,116780.34,2,3882.93,10,4,2025,2,0,25.0,28.0,23.0,25.33333333333333,2.516611478423603,13,14,30.583103,4,30,30.583103,0.0,81.83763618469233,-0.5831031799316406,0.5831031799316406,XGBoost,4
2025-11-01,Neulasta,TER-15,42,149254.92,3,3671.75,11,4,2025,5,0,30.0,23.0,34.0,26.0,3.6055512754640016,13,14,38.101936,4,42,38.101936,2.488031387329102,89.46848716735838,3.8980636596679688,3.8980636596679688,XGBoost,4
2025-12-01,Neulasta,TER-15,50,159931.4,2,3370.46,12,4,2025,0,0,42.0,25.0,41.0,32.333333333333336,8.73689494805411,13,14,35.381203,4,50,35.381203,0.0,84.07247257232663,14.618797302246094,14.618797302246094,XGBoost,4
2025-05-01,Neulasta,TER-16,24,91090.68,2,3795.445,5,2,2025,3,0,30.0,43.0,32.0,43.0,13.000000000000004,13,15,36.337395,4,24,36.337395,0.0,93.70179901123043,-12.337394714355469,12.337394714355469,XGBoost,4
2025-06-01,Neulasta,TER-16,33,123971.91,2,3755.71,6,2,2025,6,0,24.0,56.0,46.0,36.66666666666666,17.009801096230767,13,15,39.064163,4,33,39.064163,0.0,94.48155517578124,-6.0641632080078125,6.0641632080078125,XGBoost,4
2025-07-01,Neulasta,TER-16,25,93299.0,1,3731.96,7,3,2025,1,0,33.0,30.0,29.0,29.0,4.582575694955842,13,15,27.891396,4,25,27.891396,0.0,82.39337463378895,-2.8913955688476562,2.8913955688476562,XGBoost,4
2025-08-01,Neulasta,TER-16,38,151466.86,1,3985.97,8,3,2025,4,0,25.0,24.0,43.0,27.33333333333333,4.932882862316247,13,15,30.994236,4,38,30.994236,0.0,85.39247817993163,7.005764007568359,7.005764007568359,XGBoost,4
2025-09-01,Neulasta,TER-16,53,184763.83,1,3486.11,9,3,2025,0,0,38.0,33.0,56.0,32.0,6.557438524302005,13,15,39.23748,4,53,39.23748,1.4782768249511722,94.12451553344715,13.762519836425781,13.762519836425781,XGBoost,4
2025-10-01,Neulasta,TER-16,45,157201.81,3,3463.07,10,4,2025,2,0,53.0,25.0,30.0,38.66666666666666,14.011899704655804,13,15,36.20574,4,45,36.20574,0.0,94.21183166503904,8.794258117675781,8.794258117675781,XGBoost,4
2025-11-01,Neulasta,TER-16,36,118997.48,2,3646.94,11,4,2025,5,0,45.0,38.0,24.0,45.333333333333336,7.505553499465145,13,15,43.06435,4,36,43.06435,0.0,92.77267837524414,-7.064350128173828,7.064350128173828,XGBoost,4
2025-12-01,Neulasta,TER-16,43,168135.18,4,3933.6125,12,4,2025,0,0,36.0,53.0,33.0,44.66666666666666,8.50490054811539,13,15,35.628246,4,43,35.628246,0.0,94.9653968811035,7.371753692626953,7.371753692626953,XGBoost,4
2025-05-01,Neulasta,TER-17,33,113723.28,1,3446.16,5,2,2025,3,0,28.0,45.0,32.0,40.333333333333336,10.78579312490895,13,16,33.056763,4,33,33.056763,0.0,90.09742126464842,-0.0567626953125,0.0567626953125,XGBoost,4
2025-06-01,Neulasta,TER-17,25,94263.93,4,3812.035,6,2,2025,6,0,33.0,48.0,25.0,36.333333333333336,10.408329997330656,13,16,34.33896,4,25,34.33896,0.0,86.07616119384765,-9.338958740234375,9.338958740234375,XGBoost,4
2025-07-01,Neulasta,TER-17,31,118793.54,4,3745.08,7,3,2025,1,0,25.0,28.0,36.0,28.666666666666668,4.041451884327373,13,16,24.653376,4,31,24.653376,0.0,77.65497055053709,6.346624374389648,6.346624374389648,XGBoost,4
2025-08-01,Neulasta,TER-17,24,99039.12,1,4126.63,8,3,2025,4,0,31.0,33.0,45.0,29.666666666666668,4.163331998932258,13,16,29.044327,4,24,29.044327,0.0,75.95941085815427,-5.0443267822265625,5.0443267822265625,XGBoost,4
2025-09-01,Neulasta,TER-17,45,166837.08000000002,4,3716.1,9,3,2025,0,0,24.0,25.0,48.0,26.666666666666668,3.785938897200175,13,16,30.219046,4,45,30.219046,0.0,79.9428768157959,14.780954360961914,14.780954360961914,XGBoost,4
2025-10-01,Neulasta,TER-17,39,149178.64,3,3729.9833333333336,10,4,2025,2,0,45.0,31.0,28.0,33.333333333333336,10.692676621563622,13,16,33.87706,4,39,33.87706,0.0,83.96454315185547,5.1229400634765625,5.1229400634765625,XGBoost,4
2025-11-01,Neulasta,TER-17,37,139313.91,3,3818.816666666667,11,4,2025,5,0,39.0,24.0,33.0,36.0,10.816653826391963,13,16,36.7439,4,37,36.7439,0.0,94.37782592773436,0.2560997009277344,0.2560997009277344,XGBoost,4
2025-12-01,Neulasta,TER-17,26,93184.85,4,3585.065,12,4,2025,0,0,37.0,45.0,25.0,40.333333333333336,4.163331998932256,13,16,33.23003,4,26,33.23003,0.0,84.96438560485839,-7.230030059814453,7.230030059814453,XGBoost,4
2025-05-01,Neulasta,TER-18,47,173487.81,1,3691.23,5,2,2025,3,0,26.0,25.0,42.0,31.0,9.539392014169454,13,17,32.22349,4,47,32.22349,0.0,87.91178741455069,14.776508331298828,14.776508331298828,XGBoost,4
2025-06-01,Neulasta,TER-18,37,138550.63,2,3747.085,6,2,2025,6,0,47.0,42.0,33.0,38.333333333333336,10.969655114602888,13,17,36.249275,4,37,36.249275,0.0,81.37668914794921,0.7507247924804688,0.7507247924804688,XGBoost,4
2025-07-01,Neulasta,TER-18,20,74748.0,1,3737.4,7,3,2025,1,0,37.0,26.0,28.0,36.66666666666666,10.503967504392484,13,17,29.111109,4,20,29.111109,0.0,79.90118064880369,-9.111108779907227,9.111108779907227,XGBoost,4
2025-08-01,Neulasta,TER-18,18,68737.32,3,3813.49,8,3,2025,4,0,20.0,47.0,25.0,34.666666666666664,13.650396819628844,13,17,29.691969,4,18,29.691969,0.0,77.43023300170896,-11.69196891784668,11.69196891784668,XGBoost,4
2025-09-01,Neulasta,TER-18,48,176723.68,4,3741.6025,9,3,2025,0,0,18.0,37.0,42.0,25.0,10.440306508910544,13,17,32.093357,4,48,32.093357,0.0,76.78233413696285,15.90664291381836,15.90664291381836,XGBoost,4
2025-10-01,Neulasta,TER-18,47,181231.06,1,3855.98,10,4,2025,2,0,48.0,20.0,26.0,28.666666666666668,16.772994167212165,13,17,35.073437,4,47,35.073437,0.0,84.4922695159912,11.926563262939453,11.926563262939453,XGBoost,4
2025-11-01,Neulasta,TER-18,39,152325.15,3,3810.46,11,4,2025,5,0,47.0,18.0,47.0,37.66666666666666,17.03917055884274,13,17,38.44629,4,39,38.44629,0.0,90.63229942321776,0.5537109375,0.5537109375,XGBoost,4
2025-12-01,Neulasta,TER-18,41,152808.33,4,3770.14,12,4,2025,0,0,39.0,48.0,37.0,44.66666666666666,4.93288286231624,13,17,32.42553,4,41,32.42553,0.0,84.98822784423817,8.574470520019531,8.574470520019531,XGBoost,4
2025-05-01,Neulasta,TER-19,33,126825.93,1,3843.21,5,2,2025,3,0,42.0,37.0,24.0,37.333333333333336,4.5092497528229,13,18,32.43605,4,33,32.43605,0.0,87.59022636413563,0.5639495849609375,0.5639495849609375,XGBoost,4
2025-06-01,Neulasta,TER-19,34,131141.74,1,3857.11,6,2,2025,6,0,33.0,33.0,45.0,36.0,5.196152422706636,13,18,37.48512,4,34,37.48512,0.0,90.04153366088865,-3.485118865966797,3.485118865966797,XGBoost,4
2025-07-01,Neulasta,TER-19,20,75550.6,1,3777.53,7,3,2025,1,0,34.0,42.0,39.0,36.333333333333336,4.932882862316252,13,18,27.38277,4,20,27.38277,0.0,78.6912601470947,-7.382770538330078,7.382770538330078,XGBoost,4
2025-08-01,Neulasta,TER-19,20,77371.16,3,3855.613333333333,8,3,2025,4,0,20.0,33.0,37.0,29.0,7.810249675906658,13,18,31.397987,4,20,31.397987,0.0,84.2020782470703,-11.397987365722656,11.397987365722656,XGBoost,4
2025-09-01,Neulasta,TER-19,28,110003.9,2,3977.375,9,3,2025,0,0,20.0,34.0,33.0,24.666666666666668,8.082903768654765,13,18,29.381098,4,28,29.381098,0.0,80.66371955871577,-1.3810977935791016,1.3810977935791016,XGBoost,4
2025-10-01,Neulasta,TER-19,35,144318.64,3,4190.7266666666665,10,4,2025,2,0,28.0,20.0,42.0,22.666666666666668,4.618802153517013,13,18,28.297152,4,35,28.297152,0.0,90.23320655822754,6.702848434448242,6.702848434448242,XGBoost,4
2025-11-01,Neulasta,TER-19,37,138527.97,2,3781.455,11,4,2025,5,0,35.0,20.0,33.0,27.666666666666668,7.505553499465138,13,18,33.541897,4,37,33.541897,0.0,86.59953765869137,3.4581031799316406,3.4581031799316406,XGBoost,4
2025-12-01,Neulasta,TER-19,30,121375.42,2,4044.43,12,4,2025,0,0,37.0,28.0,34.0,33.333333333333336,4.725815626252613,13,18,29.332996,4,30,29.332996,0.0,81.88053092956542,0.6670036315917969,0.6670036315917969,XGBoost,4
2025-05-01,Neulasta,TER-20,22,90943.57,4,4032.6875,5,2,2025,3,0,28.0,37.0,43.0,35.666666666666664,7.094598884597585,13,19,30.218159,4,22,30.218159,0.0,82.67007980346678,-8.218158721923828,8.218158721923828,XGBoost,4
2025-06-01,Neulasta,TER-20,48,184334.75,3,3947.8566666666666,6,2,2025,6,0,22.0,42.0,25.0,30.666666666666668,10.263202878893772,13,19,33.294853,4,48,33.294853,0.0,83.05955429077144,14.705146789550781,14.705146789550781,XGBoost,4
2025-07-01,Neulasta,TER-20,31,123453.47,1,3982.37,7,3,2025,1,0,48.0,28.0,28.0,32.666666666666664,13.613718571108093,13,19,28.609022,4,31,28.609022,0.0,84.29351692199695,2.3909778594970703,2.3909778594970703,XGBoost,4
2025-08-01,Neulasta,TER-20,18,70851.65,3,3909.2,8,3,2025,4,0,31.0,22.0,37.0,33.666666666666664,13.203534880225572,13,19,30.207401,4,18,30.207401,0.0,81.45679855346677,-12.207401275634766,12.207401275634766,XGBoost,4
2025-09-01,Neulasta,TER-20,25,89315.5,1,3572.62,9,3,2025,0,0,18.0,48.0,42.0,32.333333333333336,15.044378795195676,13,19,38.415367,4,25,38.415367,4.510633468627931,96.41179733276367,-13.415367126464844,13.415367126464844,XGBoost,4
2025-10-01,Neulasta,TER-20,24,93316.1,4,3882.8425,10,4,2025,2,0,25.0,31.0,28.0,24.666666666666668,6.506407098647727,13,19,28.852232,4,24,28.852232,0.0,86.68592643737787,-4.852231979370117,4.852231979370117,XGBoost,4
2025-11-01,Neulasta,TER-20,34,136812.94,1,4023.91,11,4,2025,5,0,24.0,18.0,22.0,22.33333333333333,3.785938897200216,13,19,32.74726,4,34,32.74726,0.0,85.6528240203857,1.2527389526367188,1.2527389526367188,XGBoost,4
2025-12-01,Neulasta,TER-20,42,153339.16999999998,4,3634.07,12,4,2025,0,0,34.0,25.0,48.0,27.666666666666668,5.507570547286112,13,19,34.177414,4,42,34.177414,0.0,93.89263534545897,7.8225860595703125,7.8225860595703125,XGBoost,4
2025-05-01,Nexium,TER-01,377,105807.08,3,280.3333333333333,5,2,2025,3,0,217.0,424.0,283.0,379.3333333333333,145.24576872781296,14,0,276.09366,4,377,276.09366,232.80095520019532,327.8555782318115,100.90634155273438,100.90634155273438,XGBoost,4
2025-06-01,Nexium,TER-01,390,107841.9,2,282.115,6,2,2025,6,0,377.0,497.0,396.0,363.6666666666667,140.47538337136982,14,0,364.04626,4,390,364.04626,327.9735763549805,423.34212532043455,25.9537353515625,25.9537353515625,XGBoost,4
2025-07-01,Nexium,TER-01,242,69156.58,3,292.0833333333333,7,3,2025,1,0,390.0,217.0,355.0,328.0,96.34832639957996,14,0,280.4118,4,242,280.4118,237.6307373046875,332.9705070495605,-38.41180419921875,38.41180419921875,XGBoost,4
2025-08-01,Nexium,TER-01,293,81207.12,3,278.8066666666667,8,3,2025,4,0,242.0,377.0,424.0,336.3333333333333,81.9532386994762,14,0,264.61713,4,293,264.61713,225.64323654174805,318.6257801055908,28.38287353515625,28.38287353515625,XGBoost,4
2025-09-01,Nexium,TER-01,217,61178.87,3,276.19666666666666,9,3,2025,0,0,293.0,390.0,497.0,308.3333333333333,75.18200139217713,14,0,240.28369,4,217,240.28369,204.0234603881836,285.70953979492185,-23.28369140625,23.28369140625,XGBoost,4
2025-10-01,Nexium,TER-01,275,79249.5,1,288.18,10,4,2025,2,0,217.0,242.0,217.0,250.66666666666663,38.734136537856656,14,0,256.82214,4,275,256.82214,218.56436424255372,308.2601181030273,18.1778564453125,18.1778564453125,XGBoost,4
2025-11-01,Nexium,TER-01,273,78676.56999999999,3,283.37333333333333,11,4,2025,5,0,275.0,293.0,377.0,261.6666666666667,39.71565602295047,14,0,335.05878,4,273,335.05878,296.0975154876709,387.86284599304196,-62.05877685546875,62.05877685546875,XGBoost,4
2025-12-01,Nexium,TER-01,383,107680.82,4,279.7025,12,4,2025,0,0,273.0,217.0,390.0,255.0,32.92415526630849,14,0,294.504,4,383,294.504,254.62452125549316,345.1560607910156,88.49600219726562,88.49600219726562,XGBoost,4
2025-05-01,Nexium,TER-02,296,82470.39,3,281.3733333333334,5,2,2025,3,0,259.0,380.0,241.0,362.3333333333333,95.73052456418137,14,1,242.0889,4,296,242.0889,200.20027923583984,296.96441421508786,53.911102294921875,53.911102294921875,XGBoost,4
2025-06-01,Nexium,TER-02,355,107581.8,2,296.28,6,2,2025,6,0,296.0,448.0,322.0,334.3333333333333,100.161536196952,14,1,356.85205,4,355,356.85205,318.5523319244385,404.6506568908691,-1.85205078125,1.85205078125,XGBoost,4
2025-07-01,Nexium,TER-02,200,58048.01,3,293.87666666666667,7,3,2025,1,0,355.0,259.0,209.0,303.3333333333333,48.4183160935335,14,1,226.54582,4,200,226.54582,184.64284133911133,273.8118209838867,-26.545822143554688,26.545822143554688,XGBoost,4
2025-08-01,Nexium,TER-02,274,76169.66,4,279.865,8,3,2025,4,0,200.0,296.0,380.0,283.6666666666667,78.23255929172538,14,1,265.328,4,274,265.328,225.0880310058594,315.04453125,8.6719970703125,8.6719970703125,XGBoost,4
2025-09-01,Nexium,TER-02,200,55466.0,1,277.33,9,3,2025,0,0,274.0,355.0,448.0,276.3333333333333,77.52633961005334,14,1,229.49054,4,200,229.49054,191.57272415161134,283.05193290710446,-29.49053955078125,29.49053955078125,XGBoost,4
2025-10-01,Nexium,TER-02,336,100235.52,1,298.32,10,4,2025,2,0,200.0,200.0,259.0,224.66666666666663,42.7239199200322,14,1,229.56316,4,336,229.56316,189.62580604553224,281.4871437072753,106.43684387207031,106.43684387207031,XGBoost,4
2025-11-01,Nexium,TER-02,244,69885.26,4,284.415,11,4,2025,5,0,336.0,274.0,296.0,270.0,68.08817812219674,14,1,286.6654,4,244,286.6654,248.00540657043456,332.64639282226557,-42.6654052734375,42.6654052734375,XGBoost,4
2025-12-01,Nexium,TER-02,297,81457.22,4,271.525,12,4,2025,0,0,244.0,200.0,355.0,260.0,69.39740629158982,14,1,194.985,4,297,194.985,158.38890380859374,253.4623077392578,102.01499938964844,102.01499938964844,XGBoost,4
2025-05-01,Nexium,TER-03,338,96956.92,3,287.55,5,2,2025,3,0,274.0,199.0,180.0,222.0,45.133136385587,14,2,223.59691,4,338,223.59691,185.34140663146974,271.90460777282715,114.40309143066406,114.40309143066406,XGBoost,4
2025-06-01,Nexium,TER-03,261,66344.28,2,268.78000000000003,6,2,2025,6,0,338.0,193.0,199.0,268.3333333333333,72.66590213665094,14,2,241.24112,4,261,241.24112,196.39187088012696,296.86783142089837,19.758880615234375,19.758880615234375,XGBoost,4
2025-07-01,Nexium,TER-03,191,58689.61,3,290.90000000000003,7,3,2025,1,0,261.0,274.0,342.0,291.0,41.2189276910499,14,2,223.89693,4,191,223.89693,185.56458015441893,277.37668800354004,-32.89692687988281,32.89692687988281,XGBoost,4
2025-08-01,Nexium,TER-03,203,50253.47,2,242.665,8,3,2025,4,0,191.0,338.0,199.0,263.3333333333333,73.5277725307474,14,2,255.2059,4,203,255.2059,219.36451148986816,306.9580429077148,-52.205902099609375,52.205902099609375,XGBoost,4
2025-09-01,Nexium,TER-03,274,80660.76999999999,2,298.735,9,3,2025,0,0,203.0,261.0,193.0,218.33333333333331,37.43438704364383,14,2,202.58209,4,274,202.58209,159.77556877136232,260.2412914276123,71.41790771484375,71.41790771484375,XGBoost,4
2025-10-01,Nexium,TER-03,305,87065.3,1,285.46,10,4,2025,2,0,274.0,191.0,274.0,222.66666666666663,44.85903847981284,14,2,246.32281,4,305,246.32281,210.18071060180665,301.3858455657959,58.67718505859375,58.67718505859375,XGBoost,4
2025-11-01,Nexium,TER-03,184,52452.88,1,285.07,11,4,2025,5,0,305.0,203.0,338.0,260.6666666666667,52.290853247325465,14,2,238.24385,4,184,238.24385,206.0387798309326,289.60770721435546,-54.24385070800781,54.24385070800781,XGBoost,4
2025-12-01,Nexium,TER-03,287,80598.21,1,280.83,12,4,2025,0,0,184.0,274.0,261.0,254.33333333333331,62.85167725155255,14,2,210.00955,4,287,210.00955,170.14947967529298,271.46460266113274,76.99044799804688,76.99044799804688,XGBoost,4
2025-05-01,Nexium,TER-04,227,67325.93,1,296.59,5,2,2025,3,0,279.0,238.0,333.0,243.33333333333331,33.321664624285134,14,3,235.8664,4,227,235.8664,197.3567039489746,295.4369583129883,-8.86639404296875,8.86639404296875,XGBoost,4
2025-06-01,Nexium,TER-04,191,49475.04,2,257.265,6,2,2025,6,0,227.0,213.0,258.0,239.66666666666663,34.77547028198663,14,3,258.41046,4,191,258.41046,217.59771423339845,312.8608140945434,-67.41046142578125,67.41046142578125,XGBoost,4
2025-07-01,Nexium,TER-04,254,68704.19,3,271.71,7,3,2025,1,0,191.0,279.0,358.0,232.33333333333331,44.24176006143218,14,3,245.931,4,254,245.931,198.42694396972655,296.5047943115234,8.069000244140625,8.069000244140625,XGBoost,4
2025-08-01,Nexium,TER-04,258,76664.7,1,297.15,8,3,2025,4,0,254.0,227.0,238.0,224.0,31.60696125855826,14,3,228.00107,4,258,228.00107,192.79353866577148,280.18790702819825,29.998931884765625,29.998931884765625,XGBoost,4
2025-09-01,Nexium,TER-04,273,79040.43000000001,2,285.95,9,3,2025,0,0,258.0,191.0,213.0,234.33333333333331,37.58102358017056,14,3,244.98457,4,273,244.98457,212.82558975219726,298.48721313476557,28.015426635742188,28.015426635742188,XGBoost,4
2025-10-01,Nexium,TER-04,341,101051.94,1,296.34,10,4,2025,2,0,273.0,254.0,279.0,261.6666666666667,10.016652800877909,14,3,237.34709,4,341,237.34709,194.544766998291,294.5006294250488,103.65290832519531,103.65290832519531,XGBoost,4
2025-11-01,Nexium,TER-04,309,81934.44,1,265.16,11,4,2025,5,0,341.0,258.0,227.0,290.6666666666667,44.23045707805125,14,3,260.89145,4,309,260.89145,222.34238891601564,312.67453765869135,48.108551025390625,48.108551025390625,XGBoost,4
2025-12-01,Nexium,TER-04,342,94913.44,2,273.765,12,4,2025,0,0,309.0,273.0,191.0,307.6666666666667,34.019602192461534,14,3,230.26569,4,342,230.26569,184.25607833862304,282.14315032958984,111.73431396484375,111.73431396484375,XGBoost,4
2025-05-01,Nexium,TER-05,210,60054.0,4,274.16,5,2,2025,3,0,274.0,258.0,187.0,269.3333333333333,9.865765724632476,14,4,234.15817,4,210,234.15817,190.9477512359619,280.1223014831543,-24.158172607421875,24.158172607421875,XGBoost,4
2025-06-01,Nexium,TER-05,248,63895.87,3,269.5266666666667,6,2,2025,6,0,210.0,276.0,247.0,253.33333333333331,37.5410886008029,14,4,254.8279,4,248,254.8279,218.15895881652833,312.10548706054675,-6.8278961181640625,6.8278961181640625,XGBoost,4
2025-07-01,Nexium,TER-05,171,46482.69,3,272.76666666666665,7,3,2025,1,0,248.0,274.0,166.0,244.0,32.18695387886217,14,4,212.79718,4,171,212.79718,178.46525344848632,260.198469543457,-41.79718017578125,41.79718017578125,XGBoost,4
2025-08-01,Nexium,TER-05,147,44537.12,4,282.415,8,3,2025,4,0,171.0,210.0,258.0,209.66666666666663,38.501082235871415,14,4,220.03708,4,147,220.03708,181.45239334106446,267.4413330078125,-73.03707885742188,73.03707885742188,XGBoost,4
2025-09-01,Nexium,TER-05,254,73454.02,2,282.97,9,3,2025,0,0,147.0,248.0,276.0,188.66666666666663,52.76678248039512,14,4,218.88168,4,254,218.88168,172.62914123535157,274.2978401184082,35.118316650390625,35.118316650390625,XGBoost,4
2025-10-01,Nexium,TER-05,199,55017.68,4,278.495,10,4,2025,2,0,254.0,171.0,274.0,190.66666666666663,56.145643939074496,14,4,192.82927,4,199,192.82927,156.99116859436035,250.1608123779297,6.1707305908203125,6.1707305908203125,XGBoost,4
2025-11-01,Nexium,TER-05,197,52769.2,3,273.5433333333333,11,4,2025,5,0,199.0,147.0,210.0,200.0,53.50700888668698,14,4,231.39952,4,197,231.39952,191.99866943359376,280.68949584960933,-34.39952087402344,34.39952087402344,XGBoost,4
2025-12-01,Nexium,TER-05,314,85290.55,4,276.7975,12,4,2025,0,0,197.0,254.0,248.0,216.66666666666663,32.34707611722168,14,4,187.60893,4,314,187.60893,149.33257675170898,232.44367980957028,126.39106750488281,126.39106750488281,XGBoost,4
2025-05-01,Nexium,TER-06,178,49992.82,4,280.2675,5,2,2025,3,0,145.0,223.0,183.0,210.66666666666663,60.45108215187989,14,5,211.63112,4,178,211.63112,174.42978782653807,268.4012145996094,-33.63111877441406,33.63111877441406,XGBoost,4
2025-06-01,Nexium,TER-06,280,81381.28,3,291.14000000000004,6,2,2025,6,0,178.0,264.0,134.0,195.66666666666663,61.435603141283885,14,5,217.20264,4,280,217.20264,174.84776611328124,265.60315551757805,62.79736328125,62.79736328125,XGBoost,4
2025-07-01,Nexium,TER-06,146,41679.54,3,279.95666666666665,7,3,2025,1,0,280.0,145.0,250.0,201.0,70.3775532396516,14,5,157.14551,4,146,157.14551,113.80522918701172,203.49734268188476,-11.1455078125,11.1455078125,XGBoost,4
2025-08-01,Nexium,TER-06,150,39960.44,4,271.7,8,3,2025,4,0,146.0,178.0,223.0,201.33333333333331,69.98094978873415,14,5,207.61067,4,150,207.61067,173.2104393005371,265.79237976074216,-57.61067199707031,57.61067199707031,XGBoost,4
2025-09-01,Nexium,TER-06,237,66492.75,2,284.385,9,3,2025,0,0,150.0,280.0,264.0,192.0,76.23647421018364,14,5,218.14413,4,237,218.14413,171.46193580627443,272.1620780944824,18.855865478515625,18.855865478515625,XGBoost,4
2025-10-01,Nexium,TER-06,171,53821.67999999999,2,307.08000000000004,10,4,2025,2,0,237.0,146.0,145.0,177.66666666666666,51.42308171758408,14,5,216.47398,4,171,216.47398,176.4365020751953,266.3569988250732,-45.47398376464844,45.47398376464844,XGBoost,4
2025-11-01,Nexium,TER-06,223,64114.0,3,291.74666666666667,11,4,2025,5,0,171.0,150.0,178.0,186.0,45.39823785126464,14,5,226.49075,4,223,226.49075,186.08362731933593,277.6836700439453,-3.490753173828125,3.490753173828125,XGBoost,4
2025-12-01,Nexium,TER-06,288,71601.35,3,264.43666666666667,12,4,2025,0,0,223.0,237.0,280.0,210.33333333333331,34.775470281986564,14,5,198.89816,4,288,198.89816,162.8584861755371,249.8058624267578,89.10183715820312,89.10183715820312,XGBoost,4
2025-05-01,Nexium,TER-07,159,41948.97,1,263.83,5,2,2025,3,0,180.0,204.0,232.0,247.0,96.01562372864116,14,6,167.83826,4,159,167.83826,124.3959846496582,222.62021713256834,-8.8382568359375,8.8382568359375,XGBoost,4
2025-06-01,Nexium,TER-07,201,54200.55,3,268.2333333333333,6,2,2025,6,0,159.0,357.0,240.0,232.0,108.76120631916513,14,6,240.79762,4,201,240.79762,203.30479469299317,284.88363723754884,-39.79762268066406,39.79762268066406,XGBoost,4
2025-07-01,Nexium,TER-07,210,54139.82,2,258.42,7,3,2025,1,0,201.0,180.0,264.0,180.0,21.0,14,6,176.3513,4,210,176.3513,130.51182403564454,228.74195861816406,33.64869689941406,33.64869689941406,XGBoost,4
2025-08-01,Nexium,TER-07,140,43034.23,3,292.81333333333333,8,3,2025,4,0,210.0,159.0,204.0,190.0,27.2213151776324,14,6,171.30943,4,140,171.30943,135.91220512390137,223.7419204711914,-31.309432983398438,31.309432983398438,XGBoost,4
2025-09-01,Nexium,TER-07,180,46463.58,3,263.56666666666666,9,3,2025,0,0,140.0,201.0,357.0,183.66666666666663,38.08324215889888,14,6,197.05698,4,180,197.05698,157.63233947753906,251.03642082214353,-17.056976318359375,17.056976318359375,XGBoost,4
2025-10-01,Nexium,TER-07,170,45578.7,1,268.11,10,4,2025,2,0,180.0,210.0,180.0,176.66666666666666,35.118845842842454,14,6,208.41689,4,170,208.41689,165.97775497436524,262.0078538894653,-38.41688537597656,38.41688537597656,XGBoost,4
2025-11-01,Nexium,TER-07,278,76996.7,3,277.21333333333337,11,4,2025,5,0,170.0,140.0,159.0,163.33333333333334,20.816659994661308,14,6,211.57104,4,278,211.57104,173.9757911682129,260.3760274887085,66.428955078125,66.428955078125,XGBoost,4
2025-12-01,Nexium,TER-07,208,56762.66,4,272.6625,12,4,2025,0,0,278.0,180.0,201.0,209.33333333333331,59.67690787342565,14,6,162.54344,4,208,162.54344,127.94612121582031,213.33040351867675,45.45655822753906,45.45655822753906,XGBoost,4
2025-05-01,Nexium,TER-08,155,43006.94,3,277.00666666666666,5,2,2025,3,0,302.0,224.0,154.0,285.0,54.52522352086236,14,7,257.84387,4,155,257.84387,214.4827350616455,309.57822761535647,-102.8438720703125,102.8438720703125,XGBoost,4
2025-06-01,Nexium,TER-08,200,59986.69,3,285.2333333333333,6,2,2025,6,0,155.0,329.0,319.0,262.0,93.64293886887576,14,7,258.5281,4,200,258.5281,216.05465812683104,312.5859212875366,-58.528106689453125,58.528106689453125,XGBoost,4
2025-07-01,Nexium,TER-08,172,45960.92999999999,4,267.785,7,3,2025,1,0,200.0,302.0,258.0,219.0,75.3193202306022,14,7,210.84251,4,172,210.84251,170.88714294433595,260.6250717163085,-38.84251403808594,38.84251403808594,XGBoost,4
2025-08-01,Nexium,TER-08,121,34406.520000000004,3,286.18666666666667,8,3,2025,4,0,172.0,155.0,224.0,175.66666666666666,22.72296928953905,14,7,200.1611,4,121,200.1611,161.3646453857422,250.95408821105954,-79.16110229492188,79.16110229492188,XGBoost,4
2025-09-01,Nexium,TER-08,203,55858.43,3,289.28000000000003,9,3,2025,0,0,121.0,200.0,329.0,164.33333333333334,40.0541300409001,14,7,182.39673,4,203,182.39673,142.44863739013672,232.135493850708,20.603271484375,20.603271484375,XGBoost,4
2025-10-01,Nexium,TER-08,268,67014.04999999999,2,250.975,10,4,2025,2,0,203.0,172.0,302.0,165.33333333333334,41.40450861118069,14,7,211.2513,4,268,211.2513,175.4185703277588,265.0605094909668,56.74870300292969,56.74870300292969,XGBoost,4
2025-11-01,Nexium,TER-08,253,67163.91,1,265.47,11,4,2025,5,0,268.0,121.0,155.0,197.33333333333331,73.66365001364876,14,7,208.44748,4,253,208.44748,165.8609718322754,262.95988616943356,44.552520751953125,44.552520751953125,XGBoost,4
2025-12-01,Nexium,TER-08,233,66119.73,4,280.21,12,4,2025,0,0,253.0,203.0,200.0,241.33333333333331,34.03429642777025,14,7,161.72792,4,233,161.72792,118.9554458618164,209.4192352294922,71.27207946777344,71.27207946777344,XGBoost,4
2025-05-01,Nexium,TER-09,211,62972.95,1,298.45,5,2,2025,3,0,263.0,244.0,127.0,269.3333333333333,29.02297940138705,14,8,226.35455,4,211,226.35455,192.80000991821288,274.0549774169922,-15.35455322265625,15.35455322265625,XGBoost,4
2025-06-01,Nexium,TER-09,211,59380.56,4,288.06,6,2,2025,6,0,211.0,301.0,215.0,258.3333333333333,45.18111699961984,14,8,268.385,4,211,268.385,222.90679931640625,320.77559700012205,-57.385009765625,57.385009765625,XGBoost,4
2025-07-01,Nexium,TER-09,101,29859.480000000003,3,288.82,7,3,2025,1,0,211.0,263.0,233.0,228.33333333333331,30.022213997860568,14,8,167.50188,4,101,167.50188,129.23169441223143,221.89878253936766,-66.50187683105469,66.50187683105469,XGBoost,4
2025-08-01,Nexium,TER-09,214,60788.84,1,284.06,8,3,2025,4,0,101.0,211.0,244.0,174.33333333333334,63.50852961085882,14,8,184.46536,4,214,184.46536,145.37462387084963,236.29572525024415,29.534637451171875,29.534637451171875,XGBoost,4
2025-09-01,Nexium,TER-09,246,68090.34,1,276.79,9,3,2025,0,0,214.0,211.0,301.0,175.33333333333334,64.39202849214593,14,8,148.40607,4,246,148.40607,106.76922416687012,200.23642959594727,97.59393310546875,97.59393310546875,XGBoost,4
2025-10-01,Nexium,TER-09,170,46689.3,2,275.235,10,4,2025,2,0,246.0,101.0,263.0,187.0,76.1774244773345,14,8,138.55013,4,170,138.55013,96.68134689331055,200.58570861816406,31.449874877929688,31.449874877929688,XGBoost,4
2025-11-01,Nexium,TER-09,160,47551.58,2,296.105,11,4,2025,5,0,170.0,214.0,211.0,210.0,38.15756805667786,14,8,245.70538,4,160,245.70538,199.87350463867188,296.3107299804687,-85.70538330078125,85.70538330078125,XGBoost,4
2025-12-01,Nexium,TER-09,254,77709.26999999999,4,300.915,12,4,2025,0,0,160.0,246.0,211.0,192.0,47.0319040652194,14,8,176.65388,4,254,176.65388,135.07428436279298,229.55051307678218,77.34611511230469,77.34611511230469,XGBoost,4
2025-05-01,Nexium,TER-10,257,75772.70999999999,3,293.72,5,2,2025,3,0,270.0,165.0,150.0,213.0,53.07541803886241,14,9,230.29524,4,257,230.29524,191.98961944580077,292.809610748291,26.704757690429688,26.704757690429688,XGBoost,4
2025-06-01,Nexium,TER-10,251,67443.7,1,268.7,6,2,2025,6,0,257.0,204.0,277.0,243.66666666666663,34.96188400720611,14,9,258.01627,4,251,258.01627,216.03217849731445,317.32214546203613,-7.016265869140625,7.016265869140625,XGBoost,4
2025-07-01,Nexium,TER-10,170,47040.22,3,284.32,7,3,2025,1,0,251.0,270.0,275.0,259.3333333333333,9.712534856222376,14,9,170.75525,4,170,170.75525,128.8882972717285,223.1593971252441,-0.7552490234375,0.7552490234375,XGBoost,4
2025-08-01,Nexium,TER-10,160,40714.380000000005,3,254.25,8,3,2025,4,0,170.0,257.0,165.0,226.0,48.59012245302536,14,9,253.3966,4,160,253.3966,215.0676300048828,304.0382545471191,-93.3966064453125,93.3966064453125,XGBoost,4
2025-09-01,Nexium,TER-10,191,52642.89,4,274.3025,9,3,2025,0,0,160.0,251.0,204.0,193.66666666666663,49.903239707791805,14,9,185.58624,4,191,185.58624,145.73428840637206,235.61318397521973,5.41375732421875,5.41375732421875,XGBoost,4
2025-10-01,Nexium,TER-10,208,61164.37,4,295.375,10,4,2025,2,0,191.0,170.0,270.0,173.66666666666666,15.821925715074212,14,9,189.13556,4,208,189.13556,151.35520782470704,239.89977264404297,18.86444091796875,18.86444091796875,XGBoost,4
2025-11-01,Nexium,TER-10,213,68149.7,2,296.915,11,4,2025,5,0,208.0,160.0,257.0,186.33333333333331,24.33789911502898,14,9,207.58249,4,213,207.58249,161.28836669921876,254.51093826293942,5.417510986328125,5.417510986328125,XGBoost,4
2025-12-01,Nexium,TER-10,233,63532.48,4,278.9775,12,4,2025,0,0,213.0,191.0,251.0,204.0,11.532562594670669,14,9,150.85515,4,233,150.85515,107.86236572265625,201.43027496337888,82.14485168457031,82.14485168457031,XGBoost,4
2025-05-01,Nexium,TER-11,158,43236.26,2,274.235,5,2,2025,3,0,188.0,307.0,182.0,263.6666666666667,65.75966342168527,14,10,231.82939,4,158,231.82939,195.16269073486328,281.9709487915039,-73.82939147949219,73.82939147949219,XGBoost,4
2025-06-01,Nexium,TER-11,310,85685.22,4,281.18,6,2,2025,6,0,158.0,296.0,231.0,214.0,72.58098924649624,14,10,258.81882,4,310,258.81882,222.77722244262696,316.4494232177734,51.181182861328125,51.181182861328125,XGBoost,4
2025-07-01,Nexium,TER-11,186,50446.92,1,271.22,7,3,2025,1,0,310.0,188.0,150.0,218.66666666666663,80.50672849727117,14,10,199.31264,4,186,199.31264,163.56927719116212,254.9361984252929,-13.312637329101562,13.312637329101562,XGBoost,4
2025-08-01,Nexium,TER-11,182,50534.12,1,277.66,8,3,2025,4,0,186.0,158.0,307.0,218.0,80.89499366462674,14,10,195.7683,4,182,195.7683,158.13533134460448,248.56619987487792,-13.768295288085938,13.768295288085938,XGBoost,4
2025-09-01,Nexium,TER-11,186,52219.5,1,280.75,9,3,2025,0,0,182.0,310.0,296.0,226.0,72.773621594641,14,10,196.90123,4,186,196.90123,151.11946334838868,252.2663497924804,-10.901229858398438,10.901229858398438,XGBoost,4
2025-10-01,Nexium,TER-11,244,68321.86,2,282.35,10,4,2025,2,0,186.0,186.0,188.0,184.66666666666663,2.309401076759272,14,10,177.93782,4,244,177.93782,134.1600254058838,232.43209838867188,66.06217956542969,66.06217956542969,XGBoost,4
2025-11-01,Nexium,TER-11,161,41565.9,2,259.125,11,4,2025,5,0,244.0,182.0,158.0,204.0,34.698703145794966,14,10,257.289,4,161,257.289,217.8429962158203,306.08241844177246,-96.28900146484375,96.28900146484375,XGBoost,4
2025-12-01,Nexium,TER-11,206,54394.3,1,264.05,12,4,2025,0,0,161.0,186.0,310.0,197.0,42.579337712087565,14,10,201.87471,4,206,201.87471,159.11383056640625,255.34665679931638,4.1252899169921875,4.1252899169921875,XGBoost,4
2025-05-01,Nexium,TER-12,160,42750.36,2,266.005,5,2,2025,3,0,209.0,245.0,189.0,245.33333333333331,36.50114153466071,14,11,193.02505,4,160,193.02505,160.30868759155274,248.0968532562255,-33.025054931640625,33.025054931640625,XGBoost,4
2025-06-01,Nexium,TER-12,239,63899.04,1,267.36,6,2,2025,6,0,160.0,282.0,244.0,217.0,61.39218191268331,14,11,257.64658,4,239,257.64658,215.21875,306.4560577392578,-18.646575927734375,18.646575927734375,XGBoost,4
2025-07-01,Nexium,TER-12,114,34329.69,4,298.8125,7,3,2025,1,0,239.0,209.0,271.0,202.66666666666663,39.878983604567125,14,11,157.51923,4,114,157.51923,119.60466575622559,208.96650619506835,-43.51922607421875,43.51922607421875,XGBoost,4
2025-08-01,Nexium,TER-12,195,53743.2,4,284.4125,8,3,2025,4,0,114.0,160.0,245.0,171.0,63.221831672294975,14,11,159.98813,4,195,159.98813,120.99889144897462,219.06609916687012,35.011871337890625,35.011871337890625,XGBoost,4
2025-09-01,Nexium,TER-12,271,73137.49,2,269.275,9,3,2025,0,0,195.0,239.0,282.0,182.66666666666663,63.40609855000805,14,11,126.2463,4,271,126.2463,86.22088012695313,181.66245651245117,144.75370025634766,144.75370025634766,XGBoost,4
2025-10-01,Nexium,TER-12,184,48721.36,1,264.79,10,4,2025,2,0,271.0,114.0,209.0,193.33333333333331,78.51326851770554,14,11,161.0059,4,184,161.0059,124.19464683532715,214.39160156249997,22.994094848632812,22.994094848632812,XGBoost,4
2025-11-01,Nexium,TER-12,220,60947.48,2,276.42,11,4,2025,5,0,184.0,195.0,160.0,216.66666666666663,47.37439533475157,14,11,197.85596,4,220,197.85596,158.3946044921875,247.15329990386962,22.14404296875,22.14404296875,XGBoost,4
2025-12-01,Nexium,TER-12,249,69383.95,4,280.56,12,4,2025,0,0,220.0,271.0,239.0,225.0,43.71498598878876,14,11,180.10098,4,249,180.10098,143.46045684814453,225.56864624023433,68.89901733398438,68.89901733398438,XGBoost,4
2025-05-01,Nexium,TER-13,250,66530.31,3,270.72,5,2,2025,3,0,131.0,130.0,142.0,185.66666666666663,95.55277773740193,14,12,196.95549,4,250,196.95549,159.41288986206055,247.59580612182614,53.04450988769531,53.04450988769531,XGBoost,4
2025-06-01,Nexium,TER-13,215,57910.240000000005,3,275.24,6,2,2025,6,0,250.0,296.0,237.0,225.66666666666663,85.14888920786537,14,12,222.8922,4,215,222.8922,184.4098129272461,280.5890632629395,-7.8921966552734375,7.8921966552734375,XGBoost,4
2025-07-01,Nexium,TER-13,108,30213.18,2,276.295,7,3,2025,1,0,215.0,131.0,239.0,198.66666666666663,61.15826463637872,14,12,130.38776,4,108,130.38776,94.75470123291015,179.8523372650146,-22.38775634765625,22.38775634765625,XGBoost,4
2025-08-01,Nexium,TER-13,169,49401.0,3,288.91,8,3,2025,4,0,108.0,250.0,130.0,191.0,73.97972695272671,14,12,166.01636,4,169,166.01636,127.48085365295411,218.5508575439453,2.983642578125,2.983642578125,XGBoost,4
2025-09-01,Nexium,TER-13,144,40362.03,4,277.6025,9,3,2025,0,0,169.0,215.0,296.0,164.0,53.67494760127856,14,12,167.65189,4,144,167.65189,127.37491149902344,220.53123359680174,-23.651885986328125,23.651885986328125,XGBoost,4
2025-10-01,Nexium,TER-13,156,43911.26,3,284.4166666666667,10,4,2025,2,0,144.0,108.0,131.0,140.33333333333334,30.66485501895177,14,12,187.7596,4,156,187.7596,144.62911262512208,240.15528564453123,-31.759597778320312,31.759597778320312,XGBoost,4
2025-11-01,Nexium,TER-13,260,71611.58,4,273.57,11,4,2025,5,0,156.0,169.0,250.0,156.33333333333334,12.503332889007282,14,12,232.20819,4,260,232.20819,192.82825775146483,290.14583053588854,27.79180908203125,27.79180908203125,XGBoost,4
2025-12-01,Nexium,TER-13,157,38874.69,3,276.18333333333334,12,4,2025,0,0,260.0,144.0,215.0,186.66666666666663,63.79132647416365,14,12,129.72343,4,157,129.72343,89.8871021270752,187.55712890624994,27.276565551757812,27.276565551757812,XGBoost,4
2025-05-01,Nexium,TER-14,205,51927.45,2,259.515,5,2,2025,3,0,177.0,205.0,182.0,216.0,45.50824101193105,14,13,164.21523,4,205,164.21523,126.4955825805664,218.62936401367188,40.78477478027344,40.78477478027344,XGBoost,4
2025-06-01,Nexium,TER-14,154,45006.06,2,290.77,6,2,2025,6,0,205.0,266.0,146.0,216.0,45.50824101193105,14,13,192.28229,4,154,192.28229,152.44677734375,243.48656997680663,-38.28228759765625,38.28228759765625,XGBoost,4
2025-07-01,Nexium,TER-14,191,50059.61,2,263.595,7,3,2025,1,0,154.0,177.0,137.0,178.66666666666666,25.54081700598741,14,13,145.02115,4,191,145.02115,102.23800201416016,196.84182739257812,45.978851318359375,45.978851318359375,XGBoost,4
2025-08-01,Nexium,TER-14,151,42346.44,1,280.44,8,3,2025,4,0,191.0,205.0,205.0,183.33333333333331,26.35020556529561,14,13,146.19579,4,151,146.19579,102.83680953979493,198.63337364196778,4.8042144775390625,4.8042144775390625,XGBoost,4
2025-09-01,Nexium,TER-14,137,40478.92,4,300.5075,9,3,2025,0,0,151.0,154.0,266.0,165.33333333333334,22.27853974867599,14,13,161.06245,4,137,161.06245,123.50503311157226,219.3935852050781,-24.062454223632812,24.062454223632812,XGBoost,4
2025-10-01,Nexium,TER-14,197,57847.08,1,293.64,10,4,2025,2,0,137.0,191.0,177.0,159.66666666666666,28.023799409311646,14,13,159.18843,4,197,159.18843,120.88871192932129,209.73316116333007,37.81156921386719,37.81156921386719,XGBoost,4
2025-11-01,Nexium,TER-14,126,35711.36,3,281.75666666666666,11,4,2025,5,0,197.0,151.0,205.0,161.66666666666666,31.39001964531618,14,13,188.79935,4,126,188.79935,148.8791931152344,246.21932716369625,-62.799346923828125,62.799346923828125,XGBoost,4
2025-12-01,Nexium,TER-14,134,33990.44,1,253.66,12,4,2025,0,0,126.0,137.0,154.0,153.33333333333334,38.21430796617068,14,13,202.10577,4,134,202.10577,162.2507137298584,254.6079483032226,-68.10577392578125,68.10577392578125,XGBoost,4
2025-05-01,Nexium,TER-15,165,44940.21,2,274.23,5,2,2025,3,0,214.0,216.0,236.0,221.66666666666663,11.590225767142387,14,14,165.69215,4,165,165.69215,125.85581893920899,223.3849334716797,-0.6921539306640625,0.6921539306640625,XGBoost,4
2025-06-01,Nexium,TER-15,233,64142.37,2,292.66,6,2,2025,6,0,165.0,235.0,160.0,204.66666666666663,35.92121007612816,14,14,214.72528,4,233,214.72528,174.68779907226562,269.1045684814453,18.27471923828125,18.27471923828125,XGBoost,4
2025-07-01,Nexium,TER-15,177,50876.67,4,291.24,7,3,2025,1,0,233.0,214.0,175.0,204.0,35.08560958569763,14,14,154.6315,4,177,154.6315,116.17805480957031,204.80445709228508,22.368499755859375,22.368499755859375,XGBoost,4
2025-08-01,Nexium,TER-15,108,30150.0,2,293.58000000000004,8,3,2025,4,0,177.0,165.0,216.0,191.66666666666663,36.29508690350984,14,14,198.77728,4,108,198.77728,161.2377166748047,252.23665657043458,-90.77728271484375,90.77728271484375,XGBoost,4
2025-09-01,Nexium,TER-15,155,47496.79,2,282.7,9,3,2025,0,0,108.0,233.0,235.0,172.66666666666666,62.612565299094165,14,14,162.69716,4,155,162.69716,125.20500526428222,212.67253761291494,-7.6971588134765625,7.6971588134765625,XGBoost,4
2025-10-01,Nexium,TER-15,143,39313.8,2,273.845,10,4,2025,2,0,155.0,177.0,214.0,146.66666666666666,35.2467492590924,14,14,190.20934,4,143,190.20934,156.6794834136963,244.6459199905395,-47.20933532714844,47.20933532714844,XGBoost,4
2025-11-01,Nexium,TER-15,146,40013.29,4,272.8025,11,4,2025,5,0,143.0,108.0,165.0,135.33333333333334,24.419937209856418,14,14,198.39905,4,146,198.39905,155.73877487182617,249.0102996826172,-52.3990478515625,52.3990478515625,XGBoost,4
2025-12-01,Nexium,TER-15,261,65064.09,2,250.425,12,4,2025,0,0,146.0,155.0,233.0,148.0,6.244997998398116,14,14,176.79588,4,261,176.79588,135.19256668090821,233.63846588134766,84.20411682128906,84.20411682128906,XGBoost,4
2025-05-01,Nexium,TER-16,138,40026.03,3,289.3,5,2,2025,3,0,239.0,145.0,180.0,217.33333333333331,64.29878174066236,14,15,182.3086,4,138,182.3086,150.7446731567383,237.78824539184563,-44.30859375,44.30859375,XGBoost,4
2025-06-01,Nexium,TER-16,244,67517.35,3,280.41333333333336,6,2,2025,6,0,138.0,268.0,245.0,215.0,68.24221567329127,14,15,231.0073,4,244,231.0073,184.15606689453125,278.1033290863037,12.992706298828125,12.992706298828125,XGBoost,4
2025-07-01,Nexium,TER-16,103,29733.64,2,286.92999999999995,7,3,2025,1,0,244.0,239.0,192.0,207.0,59.808026217222725,14,15,181.51913,4,103,181.51913,139.53060760498047,231.59092712402344,-78.51913452148438,78.51913452148438,XGBoost,4
2025-08-01,Nexium,TER-16,189,55253.56,3,300.18333333333334,8,3,2025,4,0,103.0,138.0,145.0,161.66666666666666,73.41888948583555,14,15,157.13863,4,189,157.13863,118.60394439697266,210.70895423889158,31.861373901367188,31.861373901367188,XGBoost,4
2025-09-01,Nexium,TER-16,261,75538.62,1,289.42,9,3,2025,0,0,189.0,244.0,268.0,178.66666666666666,71.06569730420813,14,15,155.18947,4,261,155.18947,116.90832595825195,206.00665016174312,105.81053161621094,105.81053161621094,XGBoost,4
2025-10-01,Nexium,TER-16,261,75745.14,3,281.3333333333333,10,4,2025,2,0,261.0,103.0,239.0,184.33333333333331,79.10330797971304,14,15,144.37279,4,261,144.37279,102.39566192626953,202.0644073486328,116.62721252441406,116.62721252441406,XGBoost,4
2025-11-01,Nexium,TER-16,251,69121.78,2,275.21,11,4,2025,5,0,261.0,189.0,138.0,237.0,41.56921938165304,14,15,207.60918,4,251,207.60918,164.4803440093994,262.378755569458,43.39082336425781,43.39082336425781,XGBoost,4
2025-12-01,Nexium,TER-16,214,58819.98,4,281.33,12,4,2025,0,0,251.0,261.0,244.0,257.6666666666667,5.773502691896187,14,15,124.619865,4,214,124.619865,82.68122177124023,173.9172082901001,89.38013458251953,89.38013458251953,XGBoost,4
2025-05-01,Nexium,TER-17,240,63432.100000000006,2,270.29999999999995,5,2,2025,3,0,170.0,126.0,111.0,173.0,48.56953777832356,14,16,142.85834,4,240,142.85834,104.38276519775391,201.3643722534179,97.14166259765625,97.14166259765625,XGBoost,4
2025-06-01,Nexium,TER-17,237,75825.78,1,319.94,6,2,2025,6,0,240.0,223.0,169.0,211.0,36.51027252705735,14,16,175.63144,4,237,175.63144,134.81869201660157,227.61216888427734,61.368560791015625,61.368560791015625,XGBoost,4
2025-07-01,Nexium,TER-17,146,38536.33,2,259.595,7,3,2025,1,0,237.0,170.0,139.0,215.66666666666663,39.57692930652065,14,16,170.98561,4,146,170.98561,123.73669128417968,224.44027709960938,-24.985610961914062,24.985610961914062,XGBoost,4
2025-08-01,Nexium,TER-17,163,46788.16,4,286.4325,8,3,2025,4,0,146.0,240.0,126.0,207.66666666666663,53.42596122984904,14,16,184.49098,4,163,184.49098,144.27922973632812,242.08639526367188,-21.490982055664062,21.490982055664062,XGBoost,4
2025-09-01,Nexium,TER-17,121,37229.69,3,299.91333333333336,9,3,2025,0,0,163.0,237.0,223.0,182.0,48.38388161361177,14,16,142.20642,4,121,142.20642,107.7614974975586,199.0825187683105,-21.2064208984375,21.2064208984375,XGBoost,4
2025-10-01,Nexium,TER-17,154,42105.240000000005,3,279.75,10,4,2025,2,0,121.0,146.0,170.0,143.33333333333334,21.12660250332108,14,16,162.69127,4,154,162.69127,126.77299499511719,217.99289398193358,-8.691268920898438,8.691268920898438,XGBoost,4
2025-11-01,Nexium,TER-17,118,33551.3,4,283.37,11,4,2025,5,0,154.0,163.0,240.0,146.0,22.113344387495964,14,16,226.7499,4,118,226.7499,183.33233337402345,280.8309616088867,-108.74989318847656,108.74989318847656,XGBoost,4
2025-12-01,Nexium,TER-17,242,66554.88,4,279.08500000000004,12,4,2025,0,0,118.0,121.0,237.0,131.0,19.97498435543816,14,16,147.41084,4,242,147.41084,109.08388748168946,197.94736289978027,94.58915710449219,94.58915710449219,XGBoost,4
2025-05-01,Nexium,TER-18,115,33233.06,4,287.515,5,2,2025,3,0,173.0,120.0,188.0,186.33333333333331,73.90759997005269,14,17,171.13101,4,115,171.13101,134.27709617614747,225.53417816162107,-56.131011962890625,56.131011962890625,XGBoost,4
2025-06-01,Nexium,TER-18,133,36496.98,4,282.2275,6,2,2025,6,0,115.0,266.0,214.0,184.66666666666663,76.17304860207008,14,17,207.14691,4,133,207.14691,163.93906936645507,258.0762092590332,-74.14691162109375,74.14691162109375,XGBoost,4
2025-07-01,Nexium,TER-18,171,45706.59,1,267.29,7,3,2025,1,0,133.0,173.0,187.0,140.33333333333334,29.68725877094971,14,17,148.76921,4,171,148.76921,106.00732192993163,200.49770851135253,22.230789184570312,22.230789184570312,XGBoost,4
2025-08-01,Nexium,TER-18,115,31965.4,1,277.96,8,3,2025,4,0,171.0,115.0,120.0,139.66666666666666,28.589042189855373,14,17,153.70082,4,115,153.70082,121.37171745300293,210.7292381286621,-38.70082092285156,38.70082092285156,XGBoost,4
2025-09-01,Nexium,TER-18,231,60475.8,1,261.8,9,3,2025,0,0,115.0,133.0,266.0,139.66666666666666,28.589042189855373,14,17,148.24855,4,231,148.24855,111.37576408386231,200.22845153808592,82.75144958496094,82.75144958496094,XGBoost,4
2025-10-01,Nexium,TER-18,150,39346.41,4,261.8825,10,4,2025,2,0,231.0,171.0,173.0,172.33333333333334,58.01149311415221,14,17,172.71953,4,150,172.71953,137.2990852355957,232.6998207092285,-22.719528198242188,22.719528198242188,XGBoost,4
2025-11-01,Nexium,TER-18,196,55651.38,3,286.38,11,4,2025,5,0,150.0,115.0,115.0,165.33333333333334,59.50070027599112,14,17,181.11728,4,196,181.11728,138.09464645385742,225.0972068786621,14.882720947265625,14.882720947265625,XGBoost,4
2025-12-01,Nexium,TER-18,148,42366.66,4,282.535,12,4,2025,0,0,196.0,231.0,133.0,192.33333333333331,40.62429486567525,14,17,147.63042,4,148,147.63042,115.64064025878906,204.65883407592773,0.3695831298828125,0.3695831298828125,XGBoost,4
2025-05-01,Nexium,TER-19,157,45415.39,1,289.27,5,2,2025,3,0,187.0,131.0,187.0,193.33333333333331,65.7292426042879,14,18,169.98235,4,157,169.98235,128.0937271118164,221.84927864074706,-12.982345581054688,12.982345581054688,XGBoost,4
2025-06-01,Nexium,TER-19,124,36499.4,1,294.35,6,2,2025,6,0,157.0,262.0,219.0,202.0,54.08326913195986,14,18,207.26587,4,124,207.26587,168.42402038574218,256.0708517074585,-83.265869140625,83.265869140625,XGBoost,4
2025-07-01,Nexium,TER-19,149,37592.7,1,252.3,7,3,2025,1,0,124.0,187.0,185.0,156.0,31.51190251317749,14,18,142.88701,4,149,142.88701,100.4357078552246,194.7076873779297,6.1129913330078125,6.1129913330078125,XGBoost,4
2025-08-01,Nexium,TER-19,136,39039.04,4,284.7975,8,3,2025,4,0,149.0,157.0,131.0,143.33333333333334,17.214335111567195,14,18,157.00237,4,136,157.00237,121.38407516479492,208.3061668395996,-21.002365112304688,21.002365112304688,XGBoost,4
2025-09-01,Nexium,TER-19,169,52168.61,1,308.69,9,3,2025,0,0,136.0,124.0,262.0,136.33333333333334,12.503332889007444,14,18,156.32753,4,169,156.32753,118.4129695892334,210.13715934753418,12.672470092773438,12.672470092773438,XGBoost,4
2025-10-01,Nexium,TER-19,194,58115.76,2,298.77,10,4,2025,2,0,169.0,149.0,187.0,151.33333333333334,16.62327685305563,14,18,174.62285,4,194,174.62285,133.38714942932128,229.05419921874997,19.377151489257812,19.377151489257812,XGBoost,4
2025-11-01,Nexium,TER-19,234,68966.94,4,294.32,11,4,2025,5,0,194.0,136.0,157.0,166.33333333333334,29.09180869821151,14,18,175.43962,4,234,175.43962,136.620845413208,227.99603576660155,58.56037902832031,58.56037902832031,XGBoost,4
2025-12-01,Nexium,TER-19,153,41245.51,2,275.28,12,4,2025,0,0,234.0,169.0,124.0,199.0,32.78719262151002,14,18,150.78368,4,153,150.78368,110.22354888916016,209.75852317810057,2.2163238525390625,2.2163238525390625,XGBoost,4
2025-05-01,Nexium,TER-20,157,42334.48,3,270.56666666666666,5,2,2025,3,0,188.0,144.0,145.0,161.66666666666666,23.2450711621482,14,19,164.5592,4,157,164.5592,130.6312397003174,218.5994415283203,-7.5592041015625,7.5592041015625,XGBoost,4
2025-06-01,Nexium,TER-20,211,54151.04,1,256.64,6,2,2025,6,0,157.0,153.0,220.0,166.0,19.157244060668035,14,19,231.13432,4,211,231.13432,185.64545669555665,283.0290073394775,-20.134323120117188,20.134323120117188,XGBoost,4
2025-07-01,Nexium,TER-20,98,27317.15,4,283.52250000000004,7,3,2025,1,0,211.0,188.0,233.0,185.33333333333331,27.098585448936888,14,19,149.9669,4,98,149.9669,111.03923034667969,205.61393356323237,-51.96690368652344,51.96690368652344,XGBoost,4
2025-08-01,Nexium,TER-20,114,30465.74,4,276.59000000000003,8,3,2025,4,0,98.0,157.0,144.0,155.33333333333334,56.51843357112204,14,19,142.53911,4,114,142.53911,104.2813289642334,195.19452590942373,-28.539108276367188,28.539108276367188,XGBoost,4
2025-09-01,Nexium,TER-20,189,50175.72,1,265.48,9,3,2025,0,0,114.0,211.0,153.0,141.0,61.147362984841806,14,19,137.28589,4,189,137.28589,97.19520874023438,191.36203308105465,51.714111328125,51.714111328125,XGBoost,4
2025-10-01,Nexium,TER-20,181,54779.560000000005,2,309.21000000000004,10,4,2025,2,0,189.0,98.0,188.0,133.66666666666666,48.583261863869694,14,19,172.97217,4,181,172.97217,131.41224670410156,226.45346641540525,8.02783203125,8.02783203125,XGBoost,4
2025-11-01,Nexium,TER-20,118,31915.37,3,290.07,11,4,2025,5,0,181.0,114.0,157.0,161.33333333333334,41.18656738954262,14,19,195.84268,4,118,195.84268,157.93252563476562,250.70853157043456,-77.84268188476562,77.84268188476562,XGBoost,4
2025-12-01,Nexium,TER-20,190,56597.65,3,299.5233333333333,12,4,2025,0,0,118.0,189.0,211.0,162.66666666666666,38.88873015840624,14,19,148.74733,4,190,148.74733,109.36739654541016,204.35387020111082,41.25267028808594,41.25267028808594,XGBoost,4
2025-05-01,Opdivo,TER-01,24,168156.53,3,7066.443333333334,5,2,2025,3,0,47.0,51.0,31.0,51.333333333333336,4.509249752822928,15,0,37.2566,4,24,37.2566,0.0,97.01180648803707,-13.256599426269531,13.256599426269531,XGBoost,4
2025-06-01,Opdivo,TER-01,39,290026.84,2,7345.005,6,2,2025,6,0,24.0,56.0,33.0,42.333333333333336,16.502525059315417,15,0,40.244595,4,39,40.244595,1.7744770050048837,97.94030151367187,-1.2445945739746094,1.2445945739746094,XGBoost,4
2025-07-01,Opdivo,TER-01,32,231649.28000000003,4,7275.875,7,3,2025,1,0,39.0,47.0,28.0,36.66666666666666,11.67618659209132,15,0,31.913984,4,32,31.913984,0.0,84.0902156829834,0.08601570129394531,0.08601570129394531,XGBoost,4
2025-08-01,Opdivo,TER-01,25,173554.24,3,7031.586666666666,8,3,2025,4,0,32.0,24.0,51.0,31.666666666666668,7.505553499465113,15,0,30.344936,4,25,30.344936,0.0,89.31909942626952,-5.344936370849609,5.344936370849609,XGBoost,4
2025-09-01,Opdivo,TER-01,49,358154.19,4,7275.2875,9,3,2025,0,0,25.0,39.0,56.0,32.0,6.999999999999976,15,0,36.323837,4,49,36.323837,0.0,83.01695556640622,12.676162719726562,12.676162719726562,XGBoost,4
2025-10-01,Opdivo,TER-01,37,269314.54000000004,2,7339.66,10,4,2025,2,0,49.0,32.0,47.0,35.333333333333336,12.342339054382402,15,0,38.036964,4,37,38.036964,9.51279754638672,82.76088485717766,-1.0369644165039062,1.0369644165039062,XGBoost,4
2025-11-01,Opdivo,TER-01,43,327835.44,1,7624.08,11,4,2025,5,0,37.0,25.0,24.0,37.0,11.999999999999991,15,0,40.239655,4,43,40.239655,1.2630432128906286,90.35979576110837,2.760345458984375,2.760345458984375,XGBoost,4
2025-12-01,Opdivo,TER-01,52,375565.91,3,7315.759999999999,12,4,2025,0,0,43.0,49.0,39.0,43.0,5.999999999999996,15,0,37.463116,4,52,37.463116,0.0,91.50464248657221,14.536884307861328,14.536884307861328,XGBoost,4
2025-05-01,Opdivo,TER-02,47,331649.08,2,6973.755,5,2,2025,3,0,35.0,40.0,30.0,43.0,9.848857801796106,15,1,32.203785,4,47,32.203785,0.0,85.1373970031737,14.796215057373047,14.796215057373047,XGBoost,4
2025-06-01,Opdivo,TER-02,31,222922.71,4,7162.1625,6,2,2025,6,0,47.0,54.0,42.0,45.333333333333336,9.609023536933051,15,1,41.51336,4,31,41.51336,0.0,89.20003356933591,-10.513359069824219,10.513359069824219,XGBoost,4
2025-07-01,Opdivo,TER-02,34,260444.08,1,7660.12,7,3,2025,1,0,31.0,35.0,43.0,37.66666666666666,8.326663997864534,15,1,32.656303,4,34,32.656303,0.0,92.38784561157223,1.3436965942382812,1.3436965942382812,XGBoost,4
2025-08-01,Opdivo,TER-02,29,217294.97,2,7346.68,8,3,2025,4,0,34.0,47.0,40.0,37.333333333333336,8.504900548115385,15,1,29.466436,4,29,29.466436,0.0,83.87859497070309,-0.46643638610839844,0.46643638610839844,XGBoost,4
2025-09-01,Opdivo,TER-02,53,371608.44,1,7011.48,9,3,2025,0,0,29.0,31.0,54.0,31.33333333333333,2.516611478423597,15,1,35.84976,4,53,35.84976,0.0,85.93241157531733,17.15024185180664,17.15024185180664,XGBoost,4
2025-10-01,Opdivo,TER-02,30,211185.29,3,7084.53,10,4,2025,2,0,53.0,34.0,35.0,38.66666666666666,12.66227994214839,15,1,37.265896,4,30,37.265896,0.0,92.87243633270262,-7.265895843505859,7.265895843505859,XGBoost,4
2025-11-01,Opdivo,TER-02,35,248492.74,4,7051.155,11,4,2025,5,0,30.0,29.0,47.0,37.333333333333336,13.576941236277538,15,1,36.657444,4,35,36.657444,0.0,90.07383346557613,-1.6574440002441406,1.6574440002441406,XGBoost,4
2025-12-01,Opdivo,TER-02,29,210201.61,4,7464.8625,12,4,2025,0,0,35.0,53.0,31.0,39.333333333333336,12.09683154108271,15,1,35.454094,4,29,35.454094,0.0,82.78977508544915,-6.454093933105469,6.454093933105469,XGBoost,4
2025-05-01,Opdivo,TER-03,26,193104.49,2,7312.805,5,2,2025,3,0,41.0,25.0,32.0,39.0,13.114877048603995,15,2,31.88122,4,26,31.88122,0.0,89.478955078125,-5.881219863891602,5.881219863891602,XGBoost,4
2025-06-01,Opdivo,TER-03,24,183580.05,3,7476.349999999999,6,2,2025,6,0,26.0,51.0,45.0,39.333333333333336,12.583057392117912,15,2,37.178875,4,24,37.178875,0.0,91.59702072143554,-13.178874969482422,13.178874969482422,XGBoost,4
2025-07-01,Opdivo,TER-03,20,143115.4,3,7129.63,7,3,2025,1,0,24.0,41.0,37.0,30.33333333333333,9.291573243177565,15,2,26.80678,4,20,26.80678,0.0,82.05471534729003,-6.806779861450195,6.806779861450195,XGBoost,4
2025-08-01,Opdivo,TER-03,22,165325.97,3,7491.683333333333,8,3,2025,4,0,20.0,26.0,25.0,23.33333333333333,3.0550504633038766,15,2,25.893917,4,22,25.893917,0.0,74.73788223266595,-3.8939170837402344,3.8939170837402344,XGBoost,4
2025-09-01,Opdivo,TER-03,38,267145.68,2,7024.68,9,3,2025,0,0,22.0,24.0,51.0,22.0,1.9999999999999736,15,2,28.513327,4,38,28.513327,0.0,82.89261436462402,9.486673355102539,9.486673355102539,XGBoost,4
2025-10-01,Opdivo,TER-03,44,315039.46,3,7205.46,10,4,2025,2,0,38.0,20.0,41.0,26.666666666666668,9.865765724632489,15,2,30.826374,4,44,30.826374,0.0,82.75660133361806,13.173625946044922,13.173625946044922,XGBoost,4
2025-11-01,Opdivo,TER-03,22,155066.47999999998,4,7028.385,11,4,2025,5,0,44.0,22.0,26.0,34.666666666666664,11.37248140615465,15,2,34.927715,4,22,34.927715,0.0,87.1437747955322,-12.927715301513672,12.927715301513672,XGBoost,4
2025-12-01,Opdivo,TER-03,29,216591.85,4,7477.7525,12,4,2025,0,0,22.0,38.0,24.0,34.666666666666664,11.37248140615465,15,2,33.797455,4,29,33.797455,0.0,87.1705783843994,-4.797454833984375,4.797454833984375,XGBoost,4
2025-05-01,Opdivo,TER-04,40,289272.1,2,7302.345,5,2,2025,3,0,45.0,37.0,38.0,43.333333333333336,5.686240703077328,15,3,33.015827,4,40,33.015827,0.0,85.81101608276367,6.984172821044922,6.984172821044922,XGBoost,4
2025-06-01,Opdivo,TER-04,46,322079.60000000003,4,7344.62,6,2,2025,6,0,40.0,48.0,46.0,44.333333333333336,4.041451884327381,15,3,38.520863,4,46,38.520863,0.0,91.57850341796872,7.479137420654297,7.479137420654297,XGBoost,4
2025-07-01,Opdivo,TER-04,29,214514.67,4,7116.8625,7,3,2025,1,0,46.0,45.0,39.0,43.66666666666666,3.2145502536643216,15,3,29.198648,4,29,29.198648,0.0,79.75820121765135,-0.19864845275878906,0.19864845275878906,XGBoost,4
2025-08-01,Opdivo,TER-04,32,225448.82,2,7046.87,8,3,2025,4,0,29.0,40.0,37.0,38.333333333333336,8.62167810425171,15,3,30.25275,4,32,30.25275,0.0,88.24918060302734,1.7472496032714844,1.7472496032714844,XGBoost,4
2025-09-01,Opdivo,TER-04,26,190838.12,3,7341.59,9,3,2025,0,0,32.0,46.0,48.0,35.666666666666664,9.073771725877467,15,3,32.240482,4,26,32.240482,0.0,86.63338108062744,-6.240482330322266,6.240482330322266,XGBoost,4
2025-10-01,Opdivo,TER-04,41,289453.85,2,7122.295,10,4,2025,2,0,26.0,29.0,45.0,29.0,2.999999999999995,15,3,33.02195,4,41,33.02195,0.0,81.74973831176752,7.978050231933594,7.978050231933594,XGBoost,4
2025-11-01,Opdivo,TER-04,46,316716.42,2,6973.825,11,4,2025,5,0,41.0,32.0,40.0,33.0,7.549834435270752,15,3,36.039913,4,46,36.039913,0.20872936248779358,92.05332965850825,9.960086822509766,9.960086822509766,XGBoost,4
2025-12-01,Opdivo,TER-04,36,243229.68,1,6756.38,12,4,2025,0,0,46.0,26.0,46.0,37.66666666666666,10.408329997330672,15,3,34.302673,4,36,34.302673,0.0,86.12549209594727,1.69732666015625,1.69732666015625,XGBoost,4
2025-05-01,Opdivo,TER-05,34,234684.7,2,6980.32,5,2,2025,3,0,30.0,38.0,31.0,36.333333333333336,5.686240703077325,15,4,28.972921,4,34,28.972921,0.0,70.1189720153808,5.027078628540039,5.027078628540039,XGBoost,4
2025-06-01,Opdivo,TER-05,47,332248.17,1,7069.11,6,2,2025,6,0,34.0,41.0,31.0,35.0,5.567764362830021,15,4,31.660315,4,47,31.660315,0.0,92.71392860412597,15.339685440063477,15.339685440063477,XGBoost,4
2025-07-01,Opdivo,TER-05,29,212467.92,1,7326.48,7,3,2025,1,0,47.0,30.0,33.0,37.0,8.888194417315589,15,4,27.73511,4,29,27.73511,0.0,87.01833992004394,1.2648906707763672,1.2648906707763672,XGBoost,4
2025-08-01,Opdivo,TER-05,18,129635.61,2,7201.935,8,3,2025,4,0,29.0,34.0,38.0,36.66666666666666,9.291573243177568,15,4,30.680931,4,18,30.680931,0.0,81.87346649169922,-12.680931091308594,12.680931091308594,XGBoost,4
2025-09-01,Opdivo,TER-05,32,232931.62,4,7324.48,9,3,2025,0,0,18.0,47.0,41.0,31.33333333333333,14.6401275039985,15,4,29.737162,4,32,29.737162,0.0,79.00685214996338,2.262838363647461,2.262838363647461,XGBoost,4
2025-10-01,Opdivo,TER-05,29,204117.08,1,7038.52,10,4,2025,2,0,32.0,29.0,30.0,26.33333333333333,7.371114795831993,15,4,29.428091,4,29,29.428091,0.0,78.7418165206909,-0.42809104919433594,0.42809104919433594,XGBoost,4
2025-11-01,Opdivo,TER-05,39,289594.5,1,7425.5,11,4,2025,5,0,29.0,18.0,34.0,26.33333333333333,7.371114795831993,15,4,31.121033,4,39,31.121033,0.0,86.42807693481438,7.87896728515625,7.87896728515625,XGBoost,4
2025-12-01,Opdivo,TER-05,45,320862.59,4,7238.962500000001,12,4,2025,0,0,39.0,32.0,47.0,33.333333333333336,5.131601439446881,15,4,31.931704,4,45,31.931704,0.0,83.81325836181641,13.068296432495117,13.068296432495117,XGBoost,4
2025-05-01,Opdivo,TER-06,20,151059.1,2,7336.13,5,2,2025,3,0,28.0,26.0,18.0,30.33333333333333,5.859465277082314,15,5,24.535927,4,20,24.535927,0.0,76.45144004821773,-4.535926818847656,4.535926818847656,XGBoost,4
2025-06-01,Opdivo,TER-06,34,249564.91,4,7419.585,6,2,2025,6,0,20.0,37.0,25.0,28.33333333333333,8.504900548115382,15,5,28.545221,4,34,28.545221,0.0,85.31846809387207,5.454778671264648,5.454778671264648,XGBoost,4
2025-07-01,Opdivo,TER-06,15,108957.19,4,7203.1625,7,3,2025,1,0,34.0,28.0,27.0,27.33333333333333,7.023769168568491,15,5,20.769611,4,15,20.769611,0.0,74.72771453857422,-5.769611358642578,5.769611358642578,XGBoost,4
2025-08-01,Opdivo,TER-06,24,171917.09,4,7264.925,8,3,2025,4,0,15.0,20.0,26.0,23.0,9.848857801796104,15,5,22.572437,4,24,22.572437,0.0,75.08112869262689,1.4275627136230469,1.4275627136230469,XGBoost,4
2025-09-01,Opdivo,TER-06,35,251972.49,3,7197.55,9,3,2025,0,0,24.0,34.0,37.0,24.33333333333333,9.504384952922166,15,5,25.868822,4,35,25.868822,0.0,76.46045036315913,9.13117790222168,9.13117790222168,XGBoost,4
2025-10-01,Opdivo,TER-06,30,218849.26,3,7101.41,10,4,2025,2,0,35.0,15.0,28.0,24.666666666666668,10.01665280087781,15,5,25.996399,4,30,25.996399,0.0,73.30856475830073,4.00360107421875,4.00360107421875,XGBoost,4
2025-11-01,Opdivo,TER-06,25,184308.0,1,7372.32,11,4,2025,5,0,30.0,24.0,20.0,29.666666666666668,5.507570547286097,15,5,31.165678,4,25,31.165678,0.0,77.68967170715318,-6.165678024291992,6.165678024291992,XGBoost,4
2025-12-01,Opdivo,TER-06,31,227270.61,1,7331.31,12,4,2025,0,0,25.0,35.0,34.0,30.0,4.999999999999994,15,5,31.941177,4,31,31.941177,0.0,83.18542861938474,-0.9411773681640625,0.9411773681640625,XGBoost,4
2025-05-01,Opdivo,TER-07,29,208439.53,1,7187.57,5,2,2025,3,0,30.0,34.0,24.0,32.333333333333336,2.0816659994661184,15,6,29.543587,4,29,29.543587,0.0,87.85055084228514,-0.5435867309570312,0.5435867309570312,XGBoost,4
2025-06-01,Opdivo,TER-07,34,253461.52,2,7569.775,6,2,2025,6,0,29.0,33.0,21.0,30.666666666666668,2.081665999466121,15,6,30.787045,4,34,30.787045,0.0,86.78784198760982,3.2129554748535156,3.2129554748535156,XGBoost,4
2025-07-01,Opdivo,TER-07,26,193770.8,3,7363.166666666667,7,3,2025,1,0,34.0,30.0,32.0,31.0,2.645751311064582,15,6,23.551558,4,26,23.551558,0.0,72.8212480545044,2.4484424591064453,2.4484424591064453,XGBoost,4
2025-08-01,Opdivo,TER-07,23,177976.34,2,7741.235,8,3,2025,4,0,26.0,29.0,34.0,29.666666666666668,4.041451884327375,15,6,24.225853,4,23,24.225853,0.0,73.36420326232903,-1.2258529663085938,1.2258529663085938,XGBoost,4
2025-09-01,Opdivo,TER-07,23,179368.72,1,7798.64,9,3,2025,0,0,23.0,34.0,33.0,27.666666666666668,5.686240703077323,15,6,29.78049,4,23,29.78049,0.0,82.36570701599116,-6.780490875244141,6.780490875244141,XGBoost,4
2025-10-01,Opdivo,TER-07,19,132039.88,4,6952.4075,10,4,2025,2,0,23.0,26.0,30.0,24.0,1.732050807568867,15,6,25.950237,4,19,25.950237,0.0,81.95418567657467,-6.950237274169922,6.950237274169922,XGBoost,4
2025-11-01,Opdivo,TER-07,19,140164.71,1,7377.09,11,4,2025,5,0,19.0,23.0,29.0,21.666666666666668,2.309401076758496,15,6,29.140102,4,19,29.140102,0.0,81.32611274719237,-10.14010238647461,10.14010238647461,XGBoost,4
2025-12-01,Opdivo,TER-07,38,298723.08,2,7632.299999999999,12,4,2025,0,0,19.0,23.0,34.0,20.33333333333333,2.309401076758496,15,6,25.14977,4,38,25.14977,0.0,77.55849304199216,12.850229263305664,12.850229263305664,XGBoost,4
2025-05-01,Opdivo,TER-08,31,217947.05,1,7030.55,5,2,2025,3,0,30.0,21.0,24.0,33.666666666666664,14.84362938547488,15,7,29.707373,4,31,29.707373,0.0,87.05697746276854,1.2926273345947266,1.2926273345947266,XGBoost,4
2025-06-01,Opdivo,TER-08,25,184586.38,3,7429.386666666666,6,2,2025,6,0,31.0,50.0,30.0,37.0,11.269427669584644,15,7,34.09525,4,25,34.09525,0.0,86.53283729553222,-9.09524917602539,9.09524917602539,XGBoost,4
2025-07-01,Opdivo,TER-08,24,179211.24,2,7303.74,7,3,2025,1,0,25.0,30.0,36.0,28.666666666666668,3.214550253664319,15,7,22.942305,4,24,22.942305,0.0,80.74306297302243,1.0576953887939453,1.0576953887939453,XGBoost,4
2025-08-01,Opdivo,TER-08,15,109538.88,3,7306.28,8,3,2025,4,0,24.0,31.0,21.0,26.666666666666668,3.7859388972001833,15,7,24.438442,4,15,24.438442,0.0,74.57016983032224,-9.43844223022461,9.43844223022461,XGBoost,4
2025-09-01,Opdivo,TER-08,37,280242.89,2,7505.92,9,3,2025,0,0,15.0,25.0,50.0,21.33333333333333,5.507570547286103,15,7,25.221468,4,37,25.221468,0.0,77.59410743713379,11.778532028198242,11.778532028198242,XGBoost,4
2025-10-01,Opdivo,TER-08,33,239632.43,2,7129.17,10,4,2025,2,0,37.0,24.0,30.0,25.33333333333333,11.06044001535804,15,7,30.11758,4,33,30.11758,0.0,80.14009475708008,2.8824195861816406,2.8824195861816406,XGBoost,4
2025-11-01,Opdivo,TER-08,39,289092.21,3,7386.769999999999,11,4,2025,5,0,33.0,15.0,31.0,28.33333333333333,11.718930554164633,15,7,31.441032,4,39,31.441032,0.0,80.5134271621704,7.558967590332031,7.558967590332031,XGBoost,4
2025-12-01,Opdivo,TER-08,44,329297.84,3,7182.400000000001,12,4,2025,0,0,39.0,37.0,25.0,36.333333333333336,3.055050463303897,15,7,32.207436,4,44,32.207436,0.0,85.76882896423339,11.792564392089844,11.792564392089844,XGBoost,4
2025-05-01,Opdivo,TER-09,25,188566.62,3,7532.38,5,2,2025,3,0,29.0,33.0,28.0,35.333333333333336,7.767453465154028,15,8,27.403284,4,25,27.403284,0.0,79.78322944641113,-2.4032840728759766,2.4032840728759766,XGBoost,4
2025-06-01,Opdivo,TER-09,25,174960.5,1,6998.42,6,2,2025,6,0,25.0,44.0,20.0,32.666666666666664,10.016652800877813,15,8,32.105545,4,25,32.105545,0.0,86.095503616333,-7.1055450439453125,7.1055450439453125,XGBoost,4
2025-07-01,Opdivo,TER-09,24,172270.8,1,7177.95,7,3,2025,1,0,25.0,29.0,34.0,26.33333333333333,2.30940107675849,15,8,22.018003,4,24,22.018003,0.0,74.20401382446288,1.9819965362548828,1.9819965362548828,XGBoost,4
2025-08-01,Opdivo,TER-09,16,110738.34,2,7024.155,8,3,2025,4,0,24.0,25.0,33.0,24.666666666666668,0.5773502691895717,15,8,22.525589,4,16,22.525589,0.0,73.44753036499021,-6.5255889892578125,6.5255889892578125,XGBoost,4
2025-09-01,Opdivo,TER-09,38,260873.74,2,7146.030000000001,9,3,2025,0,0,16.0,25.0,44.0,21.666666666666668,4.932882862316242,15,8,25.898325,4,38,25.898325,0.0,81.02861404418937,12.101675033569336,12.101675033569336,XGBoost,4
2025-10-01,Opdivo,TER-09,20,144159.43,2,7449.895,10,4,2025,2,0,38.0,24.0,29.0,26.0,11.13552872566004,15,8,28.451817,4,20,28.451817,0.0,79.66659851074216,-8.45181655883789,8.45181655883789,XGBoost,4
2025-11-01,Opdivo,TER-09,23,163833.31,4,7288.325,11,4,2025,5,0,20.0,16.0,25.0,24.666666666666668,11.71893055416463,15,8,27.603762,4,23,27.603762,0.0,86.01553688049309,-4.603761672973633,4.603761672973633,XGBoost,4
2025-12-01,Opdivo,TER-09,31,211805.89,4,6971.8225,12,4,2025,0,0,23.0,38.0,25.0,27.0,9.643650760992951,15,8,26.336113,4,31,26.336113,0.0,84.1101516723632,4.663887023925781,4.663887023925781,XGBoost,4
2025-05-01,Opdivo,TER-10,40,282167.6,1,7054.19,5,2,2025,3,0,33.0,36.0,28.0,33.0,3.0,15,9,29.893482,4,40,29.893482,0.0,84.31331653594968,10.106517791748047,10.106517791748047,XGBoost,4
2025-06-01,Opdivo,TER-10,26,184478.46,3,7050.093333333333,6,2,2025,6,0,40.0,30.0,23.0,34.333333333333336,5.131601439446883,15,9,31.146303,4,26,31.146303,0.0,85.92826347351073,-5.146303176879883,5.146303176879883,XGBoost,4
2025-07-01,Opdivo,TER-10,31,216853.43,2,7133.93,7,3,2025,1,0,26.0,33.0,19.0,33.0,6.999999999999998,15,9,25.508764,4,31,25.508764,0.0,80.49336814880368,5.491235733032227,5.491235733032227,XGBoost,4
2025-08-01,Opdivo,TER-10,21,150658.77,4,7186.63,8,3,2025,4,0,31.0,40.0,36.0,32.333333333333336,7.094598884597586,15,9,25.656168,4,21,25.656168,0.0,81.07232475280762,-4.656167984008789,4.656167984008789,XGBoost,4
2025-09-01,Opdivo,TER-10,39,270721.36,3,6981.513333333333,9,3,2025,0,0,21.0,26.0,30.0,26.0,5.000000000000003,15,9,25.793339,4,39,25.793339,0.0,79.6231916427612,13.206661224365234,13.206661224365234,XGBoost,4
2025-10-01,Opdivo,TER-10,24,182880.94,3,7560.486666666667,10,4,2025,2,0,39.0,31.0,33.0,30.33333333333333,9.018499505645789,15,9,31.305693,4,24,31.305693,0.0,83.2667247772216,-7.305692672729492,7.305692672729492,XGBoost,4
2025-11-01,Opdivo,TER-10,40,285820.45,4,7138.8325,11,4,2025,5,0,24.0,21.0,40.0,28.0,9.643650760992957,15,9,30.500902,4,40,30.500902,0.0,71.58648109436035,9.49909782409668,9.49909782409668,XGBoost,4
2025-12-01,Opdivo,TER-10,34,246285.8,1,7243.7,12,4,2025,0,0,40.0,39.0,26.0,34.333333333333336,8.962886439832497,15,9,32.822884,4,34,32.822884,0.0,85.06774444580071,1.1771163940429688,1.1771163940429688,XGBoost,4
2025-05-01,Opdivo,TER-11,26,192937.94,1,7420.69,5,2,2025,3,0,37.0,39.0,34.0,33.333333333333336,8.14452781524708,15,10,30.780567,4,26,30.780567,0.0,85.19560184478757,-4.780567169189453,4.780567169189453,XGBoost,4
2025-06-01,Opdivo,TER-11,40,282155.24,2,7189.51,6,2,2025,6,0,26.0,24.0,31.0,29.0,7.000000000000005,15,10,30.168098,4,40,30.168098,0.0,82.62001953124998,9.831901550292969,9.831901550292969,XGBoost,4
2025-07-01,Opdivo,TER-11,30,221041.6,3,7480.973333333332,7,3,2025,1,0,40.0,37.0,28.0,34.333333333333336,7.371114795831994,15,10,24.632013,4,30,24.632013,0.0,79.05332584381101,5.367986679077148,5.367986679077148,XGBoost,4
2025-08-01,Opdivo,TER-11,27,202370.4,4,7453.9825,8,3,2025,4,0,30.0,26.0,39.0,32.0,7.211102550927979,15,10,26.157171,4,27,26.157171,0.0,79.01157112121577,0.8428287506103516,0.8428287506103516,XGBoost,4
2025-09-01,Opdivo,TER-11,26,190700.61,3,7040.406666666667,9,3,2025,0,0,27.0,40.0,24.0,32.333333333333336,6.806859285554047,15,10,30.174915,4,26,30.174915,0.0,89.12163619995117,-4.174915313720703,4.174915313720703,XGBoost,4
2025-10-01,Opdivo,TER-11,25,181670.35,3,7327.829999999999,10,4,2025,2,0,26.0,30.0,37.0,27.666666666666668,2.081665999466145,15,10,29.562647,4,25,29.562647,0.0,88.84473342895508,-4.562646865844727,4.562646865844727,XGBoost,4
2025-11-01,Opdivo,TER-11,24,172206.33000000002,4,7196.0225,11,4,2025,5,0,25.0,27.0,26.0,26.0,1.000000000000028,15,10,29.65812,4,24,29.65812,0.0,82.20834770202636,-5.658119201660156,5.658119201660156,XGBoost,4
2025-12-01,Opdivo,TER-11,40,280294.31,4,7058.265,12,4,2025,0,0,24.0,26.0,40.0,25.0,1.000000000000028,15,10,25.567413,4,40,25.567413,0.0,85.55545959472654,14.432586669921875,14.432586669921875,XGBoost,4
2025-05-01,Opdivo,TER-12,17,112845.43,3,7040.776666666668,5,2,2025,3,0,16.0,26.0,31.0,29.33333333333333,15.275252316519468,15,11,23.400454,4,17,23.400454,0.0,77.0362258911132,-6.400453567504883,6.400453567504883,XGBoost,4
2025-06-01,Opdivo,TER-12,37,268143.81,1,7247.13,6,2,2025,6,0,17.0,46.0,36.0,26.33333333333333,17.03917055884274,15,11,30.824606,4,37,30.824606,0.0,82.06001091003417,6.175394058227539,6.175394058227539,XGBoost,4
2025-07-01,Opdivo,TER-12,24,174510.72,1,7271.28,7,3,2025,1,0,37.0,16.0,34.0,23.33333333333333,11.846237095944572,15,11,22.526743,4,24,22.526743,0.0,73.45312652587889,1.473257064819336,1.473257064819336,XGBoost,4
2025-08-01,Opdivo,TER-12,23,168811.07,2,7296.535,8,3,2025,4,0,24.0,17.0,26.0,26.0,10.148891565092216,15,11,22.241697,4,23,22.241697,0.0,76.22108764648438,0.7583026885986328,0.7583026885986328,XGBoost,4
2025-09-01,Opdivo,TER-12,25,187968.6,4,7449.09,9,3,2025,0,0,23.0,37.0,46.0,28.0,7.810249675906651,15,11,27.282185,4,25,27.282185,0.0,80.78308181762691,-2.282184600830078,2.282184600830078,XGBoost,4
2025-10-01,Opdivo,TER-12,20,155804.38,2,7438.4,10,4,2025,2,0,25.0,24.0,16.0,24.0,0.9999999999999788,15,11,24.915993,4,20,24.915993,0.0,80.16269302368163,-4.915992736816406,4.915992736816406,XGBoost,4
2025-11-01,Opdivo,TER-12,23,161590.05000000002,3,7117.783333333333,11,4,2025,5,0,20.0,23.0,17.0,22.666666666666668,2.516611478423575,15,11,26.02222,4,23,26.02222,0.0,77.76351356506346,-3.0222206115722656,3.0222206115722656,XGBoost,4
2025-12-01,Opdivo,TER-12,39,279623.8,3,7322.463333333333,12,4,2025,0,0,23.0,25.0,37.0,22.666666666666668,2.516611478423575,15,11,24.819597,4,39,24.819597,0.0,82.52618179321283,14.180402755737305,14.180402755737305,XGBoost,4
2025-05-01,Opdivo,TER-13,38,261839.38,1,6890.51,5,2,2025,3,0,26.0,24.0,26.0,24.666666666666668,1.1547005383792672,15,12,23.587793,4,38,23.587793,0.0,79.17086505889891,14.412206649780273,14.412206649780273,XGBoost,4
2025-06-01,Opdivo,TER-13,25,175684.75,1,7027.39,6,2,2025,6,0,38.0,24.0,20.0,29.33333333333333,7.571877794400367,15,12,29.978495,4,25,29.978495,0.0,81.41646919250488,-4.978494644165039,4.978494644165039,XGBoost,4
2025-07-01,Opdivo,TER-13,27,203010.7,3,7425.206666666666,7,3,2025,1,0,25.0,26.0,29.0,29.666666666666668,7.234178138070239,15,12,20.714724,4,27,20.714724,0.0,76.71552104949947,6.285276412963867,6.285276412963867,XGBoost,4
2025-08-01,Opdivo,TER-13,29,206596.41,3,7272.256666666667,8,3,2025,4,0,27.0,38.0,24.0,30.0,7.000000000000004,15,12,24.578604,4,29,24.578604,0.0,79.34818267822264,4.421396255493164,4.421396255493164,XGBoost,4
2025-09-01,Opdivo,TER-13,35,256031.86,3,7295.823333333334,9,3,2025,0,0,29.0,25.0,24.0,27.0,2.0000000000000124,15,12,24.501003,4,35,24.501003,0.0,78.3012809753418,10.49899673461914,10.49899673461914,XGBoost,4
2025-10-01,Opdivo,TER-13,31,224252.12,2,7331.52,10,4,2025,2,0,35.0,27.0,26.0,30.33333333333333,4.163331998932272,15,12,28.75242,4,31,28.75242,0.0,89.62072296142574,2.247579574584961,2.247579574584961,XGBoost,4
2025-11-01,Opdivo,TER-13,30,216821.91,3,7121.933333333333,11,4,2025,5,0,31.0,29.0,38.0,31.666666666666668,3.0550504633039024,15,12,29.278717,4,30,29.278717,0.0,79.07300262451164,0.721282958984375,0.721282958984375,XGBoost,4
2025-12-01,Opdivo,TER-13,21,152490.27,4,7425.1725,12,4,2025,0,0,30.0,35.0,25.0,32.0,2.6457513110646005,15,12,29.217394,4,21,29.217394,0.0,81.6680164337158,-8.21739387512207,8.21739387512207,XGBoost,4
2025-05-01,Opdivo,TER-14,17,118172.68,4,7196.01,5,2,2025,3,0,24.0,34.0,31.0,27.33333333333333,5.773502691896258,15,13,21.745255,4,17,21.745255,0.0,75.78503646850581,-4.7452545166015625,4.7452545166015625,XGBoost,4
2025-06-01,Opdivo,TER-14,17,125338.34,3,7269.59,6,2,2025,6,0,17.0,24.0,20.0,21.666666666666668,4.041451884327381,15,13,23.936022,4,17,23.936022,0.0,80.77860450744627,-6.93602180480957,6.93602180480957,XGBoost,4
2025-07-01,Opdivo,TER-14,18,129960.54,1,7220.03,7,3,2025,1,0,17.0,24.0,28.0,19.33333333333333,4.041451884327381,15,13,19.413767,4,18,19.413767,0.0,77.75514106750485,-1.413766860961914,1.413766860961914,XGBoost,4
2025-08-01,Opdivo,TER-14,25,172431.87,2,6801.1900000000005,8,3,2025,4,0,18.0,17.0,34.0,17.333333333333332,0.5773502691896263,15,13,20.113758,4,25,20.113758,0.0,74.545108795166,4.886241912841797,4.886241912841797,XGBoost,4
2025-09-01,Opdivo,TER-14,18,128900.24,3,7249.463333333333,9,3,2025,0,0,25.0,17.0,24.0,20.0,4.358898943540674,15,13,22.103958,4,18,22.103958,0.0,74.07408027648925,-4.1039581298828125,4.1039581298828125,XGBoost,4
2025-10-01,Opdivo,TER-14,23,167905.77000000002,3,7348.2,10,4,2025,2,0,18.0,18.0,24.0,20.33333333333333,4.041451884327381,15,13,23.448664,4,23,23.448664,0.0,73.99339408874512,-0.44866371154785156,0.44866371154785156,XGBoost,4
2025-11-01,Opdivo,TER-14,21,142340.31,2,7030.525,11,4,2025,5,0,23.0,25.0,17.0,22.0,3.605551275463989,15,13,24.615103,4,21,24.615103,0.0,79.56943130493164,-3.615102767944336,3.615102767944336,XGBoost,4
2025-12-01,Opdivo,TER-14,25,173522.0,1,6940.88,12,4,2025,0,0,21.0,18.0,17.0,20.666666666666668,2.516611478423583,15,13,23.811066,4,25,23.811066,0.0,78.27491836547847,1.188934326171875,1.188934326171875,XGBoost,4
2025-05-01,Opdivo,TER-15,17,127131.87,4,7330.9525,5,2,2025,3,0,31.0,34.0,23.0,28.666666666666668,6.806859285554047,15,14,24.60798,4,17,24.60798,0.0,76.49963111877439,-7.607980728149414,7.607980728149414,XGBoost,4
2025-06-01,Opdivo,TER-15,29,197274.52,3,6946.52,6,2,2025,6,0,17.0,21.0,18.0,23.0,7.21110255092798,15,14,24.289743,4,29,24.289743,0.0,75.53399467468259,4.710256576538086,4.710256576538086,XGBoost,4
2025-07-01,Opdivo,TER-15,25,179737.0,1,7189.48,7,3,2025,1,0,29.0,31.0,28.0,25.666666666666668,7.571877794400366,15,14,20.00096,4,25,20.00096,0.0,78.954683303833,4.999040603637695,4.999040603637695,XGBoost,4
2025-08-01,Opdivo,TER-15,21,147482.36,3,7142.31,8,3,2025,4,0,25.0,17.0,34.0,23.666666666666668,6.110100926607789,15,14,19.885809,4,21,19.885809,0.0,69.21795387268061,1.1141910552978516,1.1141910552978516,XGBoost,4
2025-09-01,Opdivo,TER-15,26,180512.47,3,6990.843333333333,9,3,2025,0,0,21.0,29.0,21.0,25.0,4.000000000000002,15,14,23.432106,4,26,23.432106,0.0,74.68262825012205,2.5678939819335938,2.5678939819335938,XGBoost,4
2025-10-01,Opdivo,TER-15,32,227090.28,3,7102.94,10,4,2025,2,0,26.0,25.0,31.0,24.0,2.6457513110645934,15,14,22.94949,4,32,22.94949,0.0,73.47486038208008,9.05051040649414,9.05051040649414,XGBoost,4
2025-11-01,Opdivo,TER-15,29,219985.01,1,7585.69,11,4,2025,5,0,32.0,21.0,17.0,26.33333333333333,5.507570547286104,15,14,26.333609,4,29,26.333609,0.0,83.93797721862792,2.666391372680664,2.666391372680664,XGBoost,4
2025-12-01,Opdivo,TER-15,31,212801.36,1,6864.56,12,4,2025,0,0,29.0,26.0,29.0,29.0,3.000000000000004,15,14,26.213818,4,31,26.213818,0.0,79.01172218322753,4.786182403564453,4.786182403564453,XGBoost,4
2025-05-01,Opdivo,TER-16,18,127768.1,2,7111.835,5,2,2025,3,0,33.0,29.0,22.0,32.0,2.645751311064588,15,15,25.048246,4,18,25.048246,0.0,83.430732345581,-7.048246383666992,7.048246383666992,XGBoost,4
2025-06-01,Opdivo,TER-16,26,191804.95,4,7216.4725,6,2,2025,6,0,18.0,34.0,22.0,28.33333333333333,8.9628864398325,15,15,27.603676,4,26,27.603676,0.0,75.26186828613281,-1.6036758422851562,1.6036758422851562,XGBoost,4
2025-07-01,Opdivo,TER-16,15,102175.5,1,6811.7,7,3,2025,1,0,26.0,33.0,20.0,25.666666666666668,7.505553499465133,15,15,21.79465,4,15,21.79465,0.0,76.84527626037588,-6.794649124145508,6.794649124145508,XGBoost,4
2025-08-01,Opdivo,TER-16,23,167918.69,3,7261.253333333334,8,3,2025,4,0,15.0,18.0,29.0,19.666666666666668,5.686240703077325,15,15,19.904867,4,23,19.904867,0.0,78.05650978088379,3.095132827758789,3.095132827758789,XGBoost,4
2025-09-01,Opdivo,TER-16,25,171827.98,3,7003.393333333333,9,3,2025,0,0,23.0,26.0,34.0,21.33333333333333,5.686240703077325,15,15,22.435387,4,25,22.435387,0.0,77.22023773193357,2.5646133422851562,2.5646133422851562,XGBoost,4
2025-10-01,Opdivo,TER-16,33,235968.15,1,7150.55,10,4,2025,2,0,25.0,15.0,33.0,21.0,5.291502622129179,15,15,23.278805,4,33,23.278805,0.0,76.07401657104492,9.721195220947266,9.721195220947266,XGBoost,4
2025-11-01,Opdivo,TER-16,32,227163.31,2,7096.145,11,4,2025,5,0,33.0,23.0,18.0,27.0,5.291502622129179,15,15,26.354446,4,32,26.354446,0.0,75.64572143554686,5.6455535888671875,5.6455535888671875,XGBoost,4
2025-12-01,Opdivo,TER-16,22,155847.13,3,6983.1466666666665,12,4,2025,0,0,32.0,25.0,26.0,30.0,4.358898943540671,15,15,28.43394,4,22,28.43394,0.0,80.96506576538077,-6.433940887451172,6.433940887451172,XGBoost,4
2025-05-01,Opdivo,TER-17,30,220647.69,3,7381.753333333333,5,2,2025,3,0,22.0,15.0,24.0,21.0,5.567764362830019,15,16,20.333794,4,30,20.333794,0.0,81.71235885620116,9.666206359863281,9.666206359863281,XGBoost,4
2025-06-01,Opdivo,TER-17,25,186063.61,3,7432.57,6,2,2025,6,0,30.0,26.0,26.0,26.0,3.999999999999996,15,16,23.951168,4,25,23.951168,0.0,77.94112663269043,1.0488319396972656,1.0488319396972656,XGBoost,4
2025-07-01,Opdivo,TER-17,22,149368.34,1,6789.47,7,3,2025,1,0,25.0,22.0,19.0,25.666666666666668,4.041451884327376,15,16,18.79101,4,22,18.79101,0.0,77.15732536315915,3.2089900970458984,3.2089900970458984,XGBoost,4
2025-08-01,Opdivo,TER-17,19,128975.09,2,7077.115,8,3,2025,4,0,22.0,30.0,15.0,25.666666666666668,4.041451884327376,15,16,20.873524,4,19,20.873524,0.0,68.56361846923825,-1.8735237121582031,1.8735237121582031,XGBoost,4
2025-09-01,Opdivo,TER-17,29,216297.99,3,7442.856666666667,9,3,2025,0,0,19.0,25.0,26.0,22.0,2.999999999999995,15,16,21.166286,4,29,21.166286,0.0,72.46547050476073,7.833713531494141,7.833713531494141,XGBoost,4
2025-10-01,Opdivo,TER-17,19,137091.08,1,7215.32,10,4,2025,2,0,29.0,22.0,22.0,23.33333333333333,5.131601439446882,15,16,22.644382,4,19,22.644382,0.0,70.97894573211666,-3.6443824768066406,3.6443824768066406,XGBoost,4
2025-11-01,Opdivo,TER-17,32,225964.16,1,7061.38,11,4,2025,5,0,19.0,19.0,30.0,22.33333333333333,5.773502691896256,15,16,23.48284,4,32,23.48284,0.0,75.9713914871215,8.517160415649414,8.517160415649414,XGBoost,4
2025-12-01,Opdivo,TER-17,23,168208.81,3,7395.45,12,4,2025,0,0,32.0,29.0,25.0,26.666666666666668,6.806859285554044,15,16,23.098042,4,23,23.098042,0.0,78.1107311248779,-0.09804153442382812,0.09804153442382812,XGBoost,4
2025-05-01,Opdivo,TER-18,19,129541.63,2,6961.685,5,2,2025,3,0,31.0,21.0,19.0,28.666666666666668,6.806859285554047,15,17,24.708513,4,19,24.708513,0.0,76.42962875366212,-5.708513259887695,5.708513259887695,XGBoost,4
2025-06-01,Opdivo,TER-18,20,142574.38999999998,3,7136.490000000001,6,2,2025,6,0,19.0,34.0,17.0,28.0,7.937253933193772,15,17,27.648811,4,20,27.648811,0.0,72.77718505859369,-7.648811340332031,7.648811340332031,XGBoost,4
2025-07-01,Opdivo,TER-18,16,117788.16,1,7361.76,7,3,2025,1,0,20.0,31.0,31.0,23.33333333333333,6.658328118479393,15,17,19.07323,4,16,19.07323,0.0,74.05564498901367,-3.073230743408203,3.073230743408203,XGBoost,4
2025-08-01,Opdivo,TER-18,21,146222.58,1,6962.98,8,3,2025,4,0,16.0,19.0,21.0,18.33333333333333,2.0816659994661304,15,17,21.377748,4,21,21.377748,0.0,73.27022743225095,-0.3777484893798828,0.3777484893798828,XGBoost,4
2025-09-01,Opdivo,TER-18,26,189386.91,4,7208.34,9,3,2025,0,0,21.0,20.0,34.0,19.0,2.645751311064589,15,17,21.34219,4,26,21.34219,0.0,75.99152450561509,4.657810211181641,4.657810211181641,XGBoost,4
2025-10-01,Opdivo,TER-18,25,171956.75,1,6878.27,10,4,2025,2,0,26.0,16.0,31.0,21.0,4.999999999999999,15,17,22.75428,4,25,22.75428,0.0,80.58689880371088,2.2457199096679688,2.2457199096679688,XGBoost,4
2025-11-01,Opdivo,TER-18,19,129114.82,2,7006.425,11,4,2025,5,0,25.0,21.0,19.0,24.0,2.6457513110645885,15,17,24.91219,4,19,24.91219,0.0,71.07344055175777,-5.912189483642578,5.912189483642578,XGBoost,4
2025-12-01,Opdivo,TER-18,16,114532.07,4,7187.1875,12,4,2025,0,0,19.0,26.0,20.0,23.33333333333333,3.78593889720018,15,17,22.43055,4,16,22.43055,0.0,73.3541290283203,-6.430549621582031,6.430549621582031,XGBoost,4
2025-05-01,Opdivo,TER-19,16,105510.24,1,6594.39,5,2,2025,3,0,16.0,17.0,21.0,18.666666666666668,3.7859388972001846,15,18,22.378138,4,16,22.378138,0.0,73.5827823638916,-6.378137588500977,6.378137588500977,XGBoost,4
2025-06-01,Opdivo,TER-19,21,156026.02,2,7342.825000000001,6,2,2025,6,0,16.0,23.0,22.0,18.33333333333333,4.041451884327382,15,18,23.206291,4,21,23.206291,0.0,81.39450225830073,-2.2062911987304688,2.2062911987304688,XGBoost,4
2025-07-01,Opdivo,TER-19,16,115887.94,3,7022.6033333333335,7,3,2025,1,0,21.0,16.0,24.0,17.666666666666668,2.886751345948131,15,18,18.333986,4,16,18.333986,0.0,73.33167266845702,-2.333986282348633,2.333986282348633,XGBoost,4
2025-08-01,Opdivo,TER-19,21,151250.82,3,7320.793333333334,8,3,2025,4,0,16.0,16.0,17.0,17.666666666666668,2.886751345948131,15,18,19.052828,4,21,19.052828,0.0,71.60305633544921,1.9471721649169922,1.9471721649169922,XGBoost,4
2025-09-01,Opdivo,TER-19,29,197107.14,4,6988.280000000001,9,3,2025,0,0,21.0,21.0,23.0,19.33333333333333,2.886751345948133,15,18,20.96457,4,29,20.96457,0.0,72.64178657531734,8.035430908203125,8.035430908203125,XGBoost,4
2025-10-01,Opdivo,TER-19,16,114482.96,2,7155.185,10,4,2025,2,0,29.0,16.0,16.0,22.0,6.557438524302002,15,18,21.770979,4,16,21.770979,0.0,76.18601360321043,-5.770978927612305,5.770978927612305,XGBoost,4
2025-11-01,Opdivo,TER-19,24,174851.16999999998,3,7261.956666666668,11,4,2025,5,0,16.0,21.0,16.0,22.0,6.557438524302002,15,18,22.843725,4,24,22.843725,0.0,73.37259712219237,1.1562747955322266,1.1562747955322266,XGBoost,4
2025-12-01,Opdivo,TER-19,30,212477.38,4,7101.3275,12,4,2025,0,0,24.0,29.0,21.0,23.0,6.557438524302002,15,18,21.668728,4,30,21.668728,0.0,73.43064765930173,8.33127212524414,8.33127212524414,XGBoost,4
2025-05-01,Opdivo,TER-20,31,220940.78,3,7059.553333333333,5,2,2025,3,0,18.0,34.0,20.0,26.0,8.0,15,19,22.497133,4,31,22.497133,0.0,74.48006820678708,8.502866744995117,8.502866744995117,XGBoost,4
2025-06-01,Opdivo,TER-20,23,166929.73,2,7328.995000000001,6,2,2025,6,0,31.0,26.0,27.0,25.0,6.557438524302,15,19,24.383598,4,23,24.383598,0.0,75.02555236816403,-1.3835983276367188,1.3835983276367188,XGBoost,4
2025-07-01,Opdivo,TER-20,17,121953.43,4,7184.16,7,3,2025,1,0,23.0,18.0,27.0,24.0,6.557438524302,15,19,18.145533,4,17,18.145533,0.0,72.20847206115721,-1.1455326080322266,1.1455326080322266,XGBoost,4
2025-08-01,Opdivo,TER-20,11,74947.69,3,6613.43,8,3,2025,4,0,17.0,31.0,34.0,23.666666666666668,7.023769168568493,15,19,20.84731,4,11,20.84731,0.0,79.81072921752929,-9.847309112548828,9.847309112548828,XGBoost,4
2025-09-01,Opdivo,TER-20,21,146877.03,4,6878.0,9,3,2025,0,0,11.0,23.0,26.0,17.0,6.000000000000001,15,19,21.780571,4,21,21.780571,0.0,73.00005416870117,-0.7805709838867188,0.7805709838867188,XGBoost,4
2025-10-01,Opdivo,TER-20,21,150910.16999999998,2,7240.01,10,4,2025,2,0,21.0,17.0,18.0,16.333333333333332,5.033222956847168,15,19,22.058737,4,21,22.058737,0.0,71.7741111755371,-1.058736801147461,1.058736801147461,XGBoost,4
2025-11-01,Opdivo,TER-20,16,113880.44,3,7350.563333333334,11,4,2025,5,0,21.0,11.0,31.0,17.666666666666668,5.77350269189626,15,19,22.066977,4,16,22.066977,0.0,77.05210533142089,-6.066976547241211,6.066976547241211,XGBoost,4
2025-12-01,Opdivo,TER-20,27,186681.71,4,7039.085,12,4,2025,0,0,16.0,21.0,23.0,19.33333333333333,2.886751345948136,15,19,21.116743,4,27,21.116743,0.0,79.10923690795899,5.883256912231445,5.883256912231445,XGBoost,4
2025-05-01,Remicade,TER-01,65,165002.66,2,2487.005,5,2,2025,3,0,62.0,109.0,96.0,93.66666666666669,27.42869543622761,16,0,67.44663,4,65,67.44663,27.471019744873054,121.44624614715575,-2.4466323852539062,2.4466323852539062,XGBoost,4
2025-06-01,Remicade,TER-01,73,182908.84,4,2514.1175000000003,6,2,2025,6,0,65.0,110.0,63.0,79.0,26.888659319497503,16,0,69.087364,4,73,69.087364,25.79323081970215,120.72944831848145,3.9126358032226562,3.9126358032226562,XGBoost,4
2025-07-01,Remicade,TER-01,60,146048.56,2,2439.945,7,3,2025,1,0,73.0,62.0,101.0,66.66666666666667,5.686240703077325,16,0,59.34145,4,60,59.34145,17.529750823974613,112.1393325805664,0.6585502624511719,0.6585502624511719,XGBoost,4
2025-08-01,Remicade,TER-01,68,176700.37,3,2566.516666666667,8,3,2025,4,0,60.0,65.0,109.0,66.0,6.557438524301998,16,0,62.8963,4,68,62.8963,25.418968582153322,116.4655090332031,5.10369873046875,5.10369873046875,XGBoost,4
2025-09-01,Remicade,TER-01,87,217332.61,4,2416.3825,9,3,2025,0,0,68.0,73.0,110.0,67.0,6.557438524301998,16,0,65.09929,4,87,65.09929,30.63944816589356,119.65125141143784,21.900711059570312,21.900711059570312,XGBoost,4
2025-10-01,Remicade,TER-01,70,184729.3,1,2638.99,10,4,2025,2,0,87.0,60.0,62.0,71.66666666666667,13.868429375143144,16,0,69.20321,4,70,69.20321,25.458166122436523,121.67713623046866,0.7967910766601562,0.7967910766601562,XGBoost,4
2025-11-01,Remicade,TER-01,80,200451.92,2,2548.245,11,4,2025,5,0,70.0,68.0,65.0,75.0,10.440306508910544,16,0,82.369316,4,80,82.369316,48.45011901855469,126.65121955871581,-2.3693161010742188,2.3693161010742188,XGBoost,4
2025-12-01,Remicade,TER-01,84,225987.72,1,2690.33,12,4,2025,0,0,80.0,87.0,73.0,79.0,8.544003745317525,16,0,68.26011,4,84,68.26011,29.30758743286133,118.39183654785154,15.739891052246094,15.739891052246094,XGBoost,4
2025-05-01,Remicade,TER-02,70,173043.71,2,2422.745,5,2,2025,3,0,81.0,70.0,83.0,89.66666666666667,25.1462389500564,16,1,71.989,4,70,71.989,35.87933883666992,122.89669799804688,-1.9889984130859375,1.9889984130859375,XGBoost,4
2025-06-01,Remicade,TER-02,108,268042.2,3,2499.2166666666667,6,2,2025,6,0,70.0,118.0,60.0,89.66666666666667,25.1462389500564,16,1,90.66811,4,108,90.66811,52.00174026489258,149.03335342407223,17.331886291503906,17.331886291503906,XGBoost,4
2025-07-01,Remicade,TER-02,56,135385.47,3,2465.7966666666666,7,3,2025,1,0,108.0,81.0,73.0,86.33333333333333,19.55334583474996,16,1,74.12243,4,56,74.12243,31.687738037109376,124.20508232116694,-18.12242889404297,18.12242889404297,XGBoost,4
2025-08-01,Remicade,TER-02,80,213213.44,3,2705.0766666666664,8,3,2025,4,0,56.0,70.0,70.0,78.0,26.907248094147427,16,1,60.57063,4,80,60.57063,25.43160629272461,109.03179702758779,19.429370880126953,19.429370880126953,XGBoost,4
2025-09-01,Remicade,TER-02,101,246689.37,2,2478.39,9,3,2025,0,0,80.0,108.0,118.0,81.33333333333333,26.025628394590854,16,1,61.46939,4,101,61.46939,21.602089309692385,112.86148757934565,39.530609130859375,39.530609130859375,XGBoost,4
2025-10-01,Remicade,TER-02,101,240549.28,3,2460.0333333333333,10,4,2025,2,0,101.0,56.0,81.0,79.0,22.51666049839541,16,1,78.67054,4,101,78.67054,43.905328369140626,129.88984374999998,22.32946014404297,22.32946014404297,XGBoost,4
2025-11-01,Remicade,TER-02,78,201230.81,3,2584.67,11,4,2025,5,0,101.0,80.0,70.0,94.0,12.12435565298215,16,1,97.58141,4,78,97.58141,59.65078353881836,146.6753925323486,-19.58141326904297,19.58141326904297,XGBoost,4
2025-12-01,Remicade,TER-02,85,212778.88000000003,4,2400.8450000000003,12,4,2025,0,0,78.0,101.0,108.0,93.33333333333331,13.279056191361398,16,1,78.61994,4,85,78.61994,41.3164005279541,127.04107437133783,6.380058288574219,6.380058288574219,XGBoost,4
2025-05-01,Remicade,TER-03,51,126006.56,4,2448.0775000000003,5,2,2025,3,0,66.0,82.0,79.0,76.66666666666667,9.237604307034012,16,2,74.37126,4,51,74.37126,40.327327728271484,126.91879730224608,-23.371261596679688,23.371261596679688,XGBoost,4
2025-06-01,Remicade,TER-03,83,205695.58,1,2478.26,6,2,2025,6,0,51.0,82.0,69.0,66.33333333333333,15.50268793897798,16,2,74.154045,4,83,74.154045,34.79895782470703,122.94746208190917,8.845954895019531,8.845954895019531,XGBoost,4
2025-07-01,Remicade,TER-03,50,124630.0,1,2492.6,7,3,2025,1,0,83.0,66.0,96.0,66.66666666666667,16.010413278030438,16,2,58.016605,4,50,58.016605,19.696979522705078,104.37934265136717,-8.016605377197266,8.016605377197266,XGBoost,4
2025-08-01,Remicade,TER-03,58,150919.94,3,2582.66,8,3,2025,4,0,50.0,51.0,82.0,61.333333333333336,18.770544300401447,16,2,58.089283,4,58,58.089283,10.822509765625,112.09619407653807,-0.08928298950195312,0.08928298950195312,XGBoost,4
2025-09-01,Remicade,TER-03,52,131165.28,2,2558.37,9,3,2025,0,0,58.0,83.0,82.0,63.66666666666666,17.21433511156714,16,2,62.23224,4,52,62.23224,24.94930763244629,111.97419052124022,-10.23223876953125,10.23223876953125,XGBoost,4
2025-10-01,Remicade,TER-03,87,214067.89,3,2524.81,10,4,2025,2,0,52.0,50.0,66.0,53.333333333333336,4.163331998932222,16,2,64.44616,4,87,64.44616,33.549723052978514,121.22316970825194,22.55384063720703,22.55384063720703,XGBoost,4
2025-11-01,Remicade,TER-03,74,192430.04,2,2577.735,11,4,2025,5,0,87.0,58.0,51.0,65.66666666666667,18.717193521821944,16,2,68.00792,4,74,68.00792,27.564842224121097,121.44644470214837,5.9920806884765625,5.9920806884765625,XGBoost,4
2025-12-01,Remicade,TER-03,60,144543.26,3,2461.57,12,4,2025,0,0,74.0,52.0,83.0,71.0,17.69180601295414,16,2,57.87351,4,60,57.87351,20.330908203125,112.87119483947752,2.1264915466308594,2.1264915466308594,XGBoost,4
2025-05-01,Remicade,TER-04,40,98380.64,3,2429.7366666666667,5,2,2025,3,0,46.0,86.0,92.0,64.0,20.297783130184435,16,3,55.829964,4,40,55.829964,18.25464973449707,108.30902061462398,-15.829963684082031,15.829963684082031,XGBoost,4
2025-06-01,Remicade,TER-04,97,239222.81,4,2420.8375,6,2,2025,6,0,40.0,60.0,70.0,48.66666666666666,10.26320287889376,16,3,58.392334,4,97,58.392334,19.7322021484375,106.13533935546873,38.607666015625,38.607666015625,XGBoost,4
2025-07-01,Remicade,TER-04,55,134414.69,3,2451.393333333333,7,3,2025,1,0,97.0,46.0,54.0,61.0,31.32091952673165,16,3,57.15507,4,55,57.15507,10.95680389404297,116.74407577514646,-2.155071258544922,2.155071258544922,XGBoost,4
2025-08-01,Remicade,TER-04,66,163617.11000000002,4,2471.9625,8,3,2025,4,0,55.0,40.0,86.0,64.0,29.546573405388312,16,3,46.349415,4,66,46.349415,3.1364894866943365,104.04512176513671,19.650585174560547,19.650585174560547,XGBoost,4
2025-09-01,Remicade,TER-04,87,227204.79,2,2633.02,9,3,2025,0,0,66.0,97.0,60.0,72.66666666666667,21.77919496522618,16,3,56.323746,4,87,56.323746,13.19491310119629,116.52822189331049,30.676254272460938,30.676254272460938,XGBoost,4
2025-10-01,Remicade,TER-04,62,149830.34,4,2422.665,10,4,2025,2,0,87.0,55.0,46.0,69.33333333333333,16.258331197676263,16,3,64.238785,4,62,64.238785,24.07426300048828,110.59061965942381,-2.2387847900390625,2.2387847900390625,XGBoost,4
2025-11-01,Remicade,TER-04,78,202102.58,2,2587.03,11,4,2025,5,0,62.0,66.0,40.0,71.66666666666667,13.428824718989118,16,3,63.18722,4,78,63.18722,22.947249603271487,120.82880783081052,14.81277847290039,14.81277847290039,XGBoost,4
2025-12-01,Remicade,TER-04,60,159540.17,4,2542.02,12,4,2025,0,0,78.0,87.0,97.0,75.66666666666667,12.662279942148375,16,3,62.672504,4,60,62.672504,21.43680534362793,116.6514778137207,-2.672504425048828,2.672504425048828,XGBoost,4
2025-05-01,Remicade,TER-05,49,132198.06,2,2595.165,5,2,2025,3,0,54.0,46.0,58.0,58.0,14.42220510185596,16,4,53.367767,4,49,53.367767,15.062144470214845,105.87887649536125,-4.367767333984375,4.367767333984375,XGBoost,4
2025-06-01,Remicade,TER-05,52,131186.96000000002,3,2524.63,6,2,2025,6,0,49.0,74.0,81.0,59.0,13.228756555322954,16,4,59.4037,4,52,59.4037,16.195859527587892,110.59623718261719,-7.4037017822265625,7.4037017822265625,XGBoost,4
2025-07-01,Remicade,TER-05,63,151209.65000000002,2,2401.085,7,3,2025,1,0,52.0,54.0,77.0,51.66666666666666,2.516611478423633,16,4,51.531315,4,63,51.531315,8.769425964355468,102.75061874389647,11.468685150146484,11.468685150146484,XGBoost,4
2025-08-01,Remicade,TER-05,57,154038.21000000002,2,2616.7,8,3,2025,4,0,63.0,49.0,46.0,54.66666666666666,7.371114795832004,16,4,56.984226,4,57,56.984226,21.057288360595702,112.6109382629394,0.015773773193359375,0.015773773193359375,XGBoost,4
2025-09-01,Remicade,TER-05,43,104990.09,2,2431.655,9,3,2025,0,0,57.0,52.0,74.0,57.333333333333336,5.507570547286108,16,4,54.670116,4,43,54.670116,13.383188629150395,113.0180183410644,-11.670116424560547,11.670116424560547,XGBoost,4
2025-10-01,Remicade,TER-05,73,179981.5,1,2465.5,10,4,2025,2,0,43.0,63.0,54.0,54.333333333333336,10.263202878893775,16,4,62.947224,4,73,62.947224,16.959715270996092,108.06988449096674,10.052776336669922,10.052776336669922,XGBoost,4
2025-11-01,Remicade,TER-05,66,172547.40000000002,2,2557.54,11,4,2025,5,0,73.0,57.0,49.0,57.66666666666666,15.011106998930272,16,4,62.732487,4,66,62.732487,22.70628433227539,116.69017295837402,3.2675132751464844,3.2675132751464844,XGBoost,4
2025-12-01,Remicade,TER-05,89,217995.0,4,2476.96,12,4,2025,0,0,66.0,43.0,52.0,60.66666666666666,15.69500982265807,16,4,54.49979,4,89,54.49979,9.313658142089846,114.64285659790039,34.50020980834961,34.50020980834961,XGBoost,4
2025-05-01,Remicade,TER-06,65,164781.5,1,2535.1,5,2,2025,3,0,59.0,69.0,68.0,70.33333333333333,12.055427546683406,16,5,54.912487,4,65,54.912487,12.212881469726563,102.03399887084959,10.087512969970703,10.087512969970703,XGBoost,4
2025-06-01,Remicade,TER-06,44,100026.64,2,2296.04,6,2,2025,6,0,65.0,83.0,43.0,69.0,12.489995996796788,16,5,61.611065,4,44,61.611065,22.203609466552738,111.65951499938963,-17.611064910888672,17.611064910888672,XGBoost,4
2025-07-01,Remicade,TER-06,47,122866.93,1,2614.19,7,3,2025,1,0,44.0,59.0,51.0,56.0,10.816653826391958,16,5,50.39997,4,47,50.39997,14.221717834472656,109.49827346801754,-3.3999710083007812,3.3999710083007812,XGBoost,4
2025-08-01,Remicade,TER-06,35,87182.37,4,2477.4825,8,3,2025,4,0,47.0,65.0,69.0,52.0,11.357816691600537,16,5,53.728535,4,35,53.728535,15.813974380493166,106.76889495849608,-18.728534698486328,18.728534698486328,XGBoost,4
2025-09-01,Remicade,TER-06,67,172244.65999999997,4,2585.1175000000003,9,3,2025,0,0,35.0,44.0,83.0,42.0,6.24499799839838,16,5,41.557713,4,67,41.557713,7.672184371948247,95.35799026489258,25.44228744506836,25.44228744506836,XGBoost,4
2025-10-01,Remicade,TER-06,57,143791.66999999998,4,2505.105,10,4,2025,2,0,67.0,47.0,59.0,49.66666666666666,16.165807537309515,16,5,54.901245,4,57,54.901245,11.687512969970703,105.07649459838859,2.0987548828125,2.0987548828125,XGBoost,4
2025-11-01,Remicade,TER-06,44,104674.08,3,2424.0333333333333,11,4,2025,5,0,57.0,35.0,65.0,53.0,16.370705543744894,16,5,60.13489,4,44,60.13489,20.126718902587893,114.64633865356433,-16.134891510009766,16.134891510009766,XGBoost,4
2025-12-01,Remicade,TER-06,84,204017.47,4,2492.2025,12,4,2025,0,0,44.0,67.0,44.0,56.0,11.532562594670788,16,5,50.911125,4,84,50.911125,10.346750640869145,110.18418083190917,33.08887481689453,33.08887481689453,XGBoost,4
2025-05-01,Remicade,TER-07,34,84368.57999999999,2,2505.8,5,2,2025,3,0,53.0,56.0,47.0,61.66666666666666,12.503332889007378,16,6,52.43399,4,34,52.43399,12.478619384765626,111.72687454223632,-18.433990478515625,18.433990478515625,XGBoost,4
2025-06-01,Remicade,TER-07,83,215591.67,1,2597.49,6,2,2025,6,0,34.0,76.0,60.0,54.333333333333336,21.031722072463147,16,6,57.480743,4,83,57.480743,25.732266998291017,115.15546760559079,25.519256591796875,25.519256591796875,XGBoost,4
2025-07-01,Remicade,TER-07,37,93353.15,3,2541.8,7,3,2025,1,0,83.0,53.0,69.0,56.66666666666666,24.70492528491705,16,6,44.744884,4,37,44.744884,4.156210327148443,93.11879272460935,-7.744884490966797,7.744884490966797,XGBoost,4
2025-08-01,Remicade,TER-07,61,147314.64,4,2442.8425,8,3,2025,4,0,37.0,34.0,56.0,51.333333333333336,27.46512940681936,16,6,48.834614,4,61,48.834614,2.54950294494629,101.28653488159178,12.165386199951172,12.165386199951172,XGBoost,4
2025-09-01,Remicade,TER-07,66,162612.12,1,2463.82,9,3,2025,0,0,61.0,83.0,76.0,60.333333333333336,23.007245235649872,16,6,59.821873,4,66,59.821873,19.471804809570315,106.22582626342768,6.178127288818359,6.178127288818359,XGBoost,4
2025-10-01,Remicade,TER-07,54,142117.68,3,2656.99,10,4,2025,2,0,66.0,37.0,53.0,54.66666666666666,15.502687938977994,16,6,57.075096,4,54,57.075096,16.757495117187503,102.53313140869136,-3.0750961303710938,3.0750961303710938,XGBoost,4
2025-11-01,Remicade,TER-07,45,106979.02,4,2391.8450000000003,11,4,2025,5,0,54.0,61.0,34.0,60.333333333333336,6.0277137733417465,16,6,59.19962,4,45,59.19962,20.731381225585938,117.35126190185547,-14.19961929321289,14.19961929321289,XGBoost,4
2025-12-01,Remicade,TER-07,74,174675.16,4,2398.7725,12,4,2025,0,0,45.0,66.0,83.0,55.0,10.53565375285276,16,6,56.178604,4,74,56.178604,13.417724609375,104.55128822326658,17.821395874023438,17.821395874023438,XGBoost,4
2025-05-01,Remicade,TER-08,54,129407.54,2,2500.59,5,2,2025,3,0,52.0,42.0,70.0,55.0,14.730919862656236,16,7,52.43505,4,54,52.43505,13.639258575439454,107.44650535583493,1.5649490356445312,1.5649490356445312,XGBoost,4
2025-06-01,Remicade,TER-08,81,200898.85,4,2465.0975,6,2,2025,6,0,54.0,71.0,59.0,59.0,10.440306508910554,16,7,57.518414,4,81,57.518414,10.846890640258788,111.57560348510741,23.481586456298828,23.481586456298828,XGBoost,4
2025-07-01,Remicade,TER-08,61,164273.0,1,2693.0,7,3,2025,1,0,81.0,52.0,64.0,62.333333333333336,16.196707484341797,16,7,49.026257,4,61,49.026257,8.195656585693362,102.39938011169433,11.973743438720703,11.973743438720703,XGBoost,4
2025-08-01,Remicade,TER-08,60,153819.6,1,2563.66,8,3,2025,4,0,61.0,54.0,42.0,65.33333333333333,14.011899704655814,16,7,54.01039,4,60,54.01039,10.66534423828125,99.59646682739255,5.9896087646484375,5.9896087646484375,XGBoost,4
2025-09-01,Remicade,TER-08,49,117046.79,2,2379.165,9,3,2025,0,0,60.0,81.0,71.0,67.33333333333333,11.846237095944591,16,7,59.46291,4,49,59.46291,13.18581771850586,109.20207519531246,-10.462909698486328,10.462909698486328,XGBoost,4
2025-10-01,Remicade,TER-08,55,136929.22,2,2498.45,10,4,2025,2,0,49.0,61.0,52.0,56.66666666666666,6.658328118479414,16,7,59.030006,4,55,59.030006,20.24298515319824,109.1381637573242,-4.030006408691406,4.030006408691406,XGBoost,4
2025-11-01,Remicade,TER-08,68,170729.81,2,2520.835,11,4,2025,5,0,55.0,60.0,54.0,54.66666666666666,5.507570547286126,16,7,61.764866,4,68,61.764866,18.95559997558594,106.16633987426758,6.235134124755859,6.235134124755859,XGBoost,4
2025-12-01,Remicade,TER-08,55,139401.96000000002,3,2550.0533333333333,12,4,2025,0,0,68.0,49.0,81.0,57.333333333333336,9.712534856222325,16,7,53.657463,4,55,53.657463,14.21228256225586,102.48273010253902,1.3425369262695312,1.3425369262695312,XGBoost,4
2025-05-01,Remicade,TER-09,54,136233.36,1,2522.84,5,2,2025,3,0,56.0,40.0,68.0,49.0,8.185352771872447,16,8,53.721954,4,54,53.721954,15.253716278076173,112.68911437988281,0.278045654296875,0.278045654296875,XGBoost,4
2025-06-01,Remicade,TER-09,67,164320.30000000002,2,2588.125,6,2,2025,6,0,54.0,51.0,74.0,53.66666666666666,2.516611478423572,16,8,55.302673,4,67,55.302673,10.460452270507815,109.7058395385742,11.69732666015625,11.69732666015625,XGBoost,4
2025-07-01,Remicade,TER-09,41,100442.66,2,2586.145,7,3,2025,1,0,67.0,56.0,50.0,59.0,6.9999999999999964,16,8,49.384605,4,41,49.384605,11.088337707519532,101.3377113342284,-8.384605407714844,8.384605407714844,XGBoost,4
2025-08-01,Remicade,TER-09,56,130390.04,2,2403.09,8,3,2025,4,0,41.0,54.0,40.0,54.0,12.999999999999998,16,8,54.35091,4,56,54.35091,18.123368453979495,107.1838024139404,1.6490898132324219,1.6490898132324219,XGBoost,4
2025-09-01,Remicade,TER-09,42,110045.04,2,2648.525,9,3,2025,0,0,56.0,67.0,51.0,54.66666666666666,13.05118130030126,16,8,49.80963,4,42,49.80963,13.667527008056641,102.66442642211909,-7.80963134765625,7.80963134765625,XGBoost,4
2025-10-01,Remicade,TER-09,76,180200.62,3,2473.13,10,4,2025,2,0,42.0,41.0,56.0,46.333333333333336,8.386497083606079,16,8,51.68492,4,76,51.68492,13.42714195251465,108.83572998046874,24.315078735351562,24.315078735351562,XGBoost,4
2025-11-01,Remicade,TER-09,48,124630.36,4,2596.175,11,4,2025,5,0,76.0,56.0,54.0,58.0,17.08800749063506,16,8,62.67729,4,48,62.67729,20.21881561279297,114.5778846740722,-14.677291870117188,14.677291870117188,XGBoost,4
2025-12-01,Remicade,TER-09,48,117039.6,2,2438.325,12,4,2025,0,0,48.0,42.0,67.0,55.333333333333336,18.14754345175493,16,8,54.503475,4,48,54.503475,17.33945083618164,112.12260131835937,-6.503475189208984,6.503475189208984,XGBoost,4
2025-05-01,Remicade,TER-10,69,166953.52,3,2472.9933333333333,5,2,2025,3,0,41.0,70.0,71.0,70.0,29.0,16,9,51.319855,4,69,51.319855,10.917404174804688,103.04550552368164,17.680145263671875,17.680145263671875,XGBoost,4
2025-06-01,Remicade,TER-10,51,133269.49,3,2540.523333333333,6,2,2025,6,0,69.0,99.0,81.0,69.66666666666667,29.00574655707612,16,9,71.42123,4,51,71.42123,25.14475021362305,121.25218505859365,-20.421226501464844,20.421226501464844,XGBoost,4
2025-07-01,Remicade,TER-10,37,92232.49,1,2492.77,7,3,2025,1,0,51.0,41.0,48.0,53.66666666666666,14.189197769195184,16,9,49.723526,4,37,49.723526,9.62937507629395,100.30467681884762,-12.723526000976562,12.723526000976562,XGBoost,4
2025-08-01,Remicade,TER-10,57,144849.75,3,2522.13,8,3,2025,4,0,37.0,69.0,70.0,52.333333333333336,16.041612554021295,16,9,56.66464,4,57,56.66464,22.722151947021487,110.64361190795898,0.3353614807128906,0.3353614807128906,XGBoost,4
2025-09-01,Remicade,TER-10,52,132685.28,1,2551.64,9,3,2025,0,0,57.0,51.0,99.0,48.333333333333336,10.26320287889378,16,9,51.822266,4,52,51.822266,4.1558380126953125,97.51613235473631,0.177734375,0.177734375,XGBoost,4
2025-10-01,Remicade,TER-10,78,197530.32,1,2532.44,10,4,2025,2,0,52.0,37.0,41.0,48.66666666666666,10.408329997330677,16,9,56.209625,4,78,56.209625,16.34227294921875,108.39563560485838,21.790374755859375,21.790374755859375,XGBoost,4
2025-11-01,Remicade,TER-10,74,196320.34,2,2632.885,11,4,2025,5,0,78.0,57.0,69.0,62.333333333333336,13.79613472438326,16,9,62.905148,4,74,62.905148,22.74062576293945,114.14939880371091,11.094852447509766,11.094852447509766,XGBoost,4
2025-12-01,Remicade,TER-10,52,131135.91,4,2487.2325,12,4,2025,0,0,74.0,52.0,51.0,68.0,14.000000000000009,16,9,54.381832,4,52,54.381832,11.930531311035157,104.90636825561523,-2.3818321228027344,2.3818321228027344,XGBoost,4
2025-05-01,Remicade,TER-11,53,135613.75,1,2558.75,5,2,2025,3,0,78.0,80.0,72.0,83.0,6.999999999999984,16,10,64.91475,4,53,64.91475,27.26612701416016,116.73527526855469,-11.914749145507812,11.914749145507812,XGBoost,4
2025-06-01,Remicade,TER-11,69,176029.51,2,2552.145,6,2,2025,6,0,53.0,91.0,62.0,74.0,19.31320791582796,16,10,65.59617,4,69,65.59617,22.465683364868163,124.8685401916504,3.4038314819335938,3.4038314819335938,XGBoost,4
2025-07-01,Remicade,TER-11,43,100975.61,1,2348.27,7,3,2025,1,0,69.0,78.0,41.0,66.66666666666667,12.662279942148375,16,10,58.879368,4,43,58.879368,14.523494720458986,111.47715682983393,-15.87936782836914,15.87936782836914,XGBoost,4
2025-08-01,Remicade,TER-11,60,148541.04,3,2489.193333333333,8,3,2025,4,0,43.0,53.0,80.0,55.0,13.114877048604,16,10,59.919582,4,60,59.919582,22.19203033447266,114.7854320526123,0.08041763305664062,0.08041763305664062,XGBoost,4
2025-09-01,Remicade,TER-11,83,216986.0,2,2593.885,9,3,2025,0,0,60.0,69.0,91.0,57.333333333333336,13.203534880225568,16,10,50.853657,4,83,50.853657,13.076560592651369,105.80798530578613,32.14634323120117,32.14634323120117,XGBoost,4
2025-10-01,Remicade,TER-11,64,162297.47,4,2486.77,10,4,2025,2,0,83.0,43.0,78.0,62.0,20.074859899884725,16,10,60.875725,4,64,60.875725,22.302643585205082,120.2063175201416,3.1242752075195312,3.1242752075195312,XGBoost,4
2025-11-01,Remicade,TER-11,46,114133.35,3,2487.5666666666666,11,4,2025,5,0,64.0,60.0,53.0,69.0,12.288205727444492,16,10,63.548576,4,46,63.548576,23.691989517211915,114.74113082885742,-17.54857635498047,17.54857635498047,XGBoost,4
2025-12-01,Remicade,TER-11,77,198567.48,4,2547.1825,12,4,2025,0,0,46.0,83.0,69.0,64.33333333333333,18.50225211517056,16,10,57.90151,4,77,57.90151,19.107580947875977,107.97526397705077,19.098491668701172,19.098491668701172,XGBoost,4
2025-05-01,Remicade,TER-12,66,171215.59999999998,3,2592.6766666666667,5,2,2025,3,0,61.0,56.0,61.0,67.0,14.933184523068096,16,11,51.281364,4,66,51.281364,12.938375473022463,101.36884765625,14.718635559082031,14.718635559082031,XGBoost,4
2025-06-01,Remicade,TER-12,54,138678.16,4,2536.895,6,2,2025,6,0,66.0,84.0,61.0,70.33333333333333,12.09683154108273,16,11,61.88018,4,54,61.88018,22.50107192993164,117.51065597534173,-7.880180358886719,7.880180358886719,XGBoost,4
2025-07-01,Remicade,TER-12,52,133384.06,2,2549.3050000000003,7,3,2025,1,0,54.0,61.0,64.0,60.333333333333336,6.027713773341717,16,11,47.021194,4,52,47.021194,11.190104293823243,106.5417610168457,4.9788055419921875,4.9788055419921875,XGBoost,4
2025-08-01,Remicade,TER-12,47,126427.7,3,2632.113333333333,8,3,2025,4,0,52.0,66.0,56.0,57.333333333333336,7.57187779440036,16,11,52.917633,4,47,52.917633,19.549656677246094,106.72990875244139,-5.917633056640625,5.917633056640625,XGBoost,4
2025-09-01,Remicade,TER-12,54,141834.81,2,2557.685,9,3,2025,0,0,47.0,54.0,84.0,51.0,3.60555127546393,16,11,45.991844,4,54,45.991844,6.155509185791016,104.93856506347656,8.008155822753906,8.008155822753906,XGBoost,4
2025-10-01,Remicade,TER-12,58,135372.58,1,2334.01,10,4,2025,2,0,54.0,52.0,61.0,51.0,3.60555127546393,16,11,57.67618,4,58,57.67618,16.426100921630862,111.53828086853022,0.3238182067871094,0.3238182067871094,XGBoost,4
2025-11-01,Remicade,TER-12,52,129534.4,3,2443.7899999999995,11,4,2025,5,0,58.0,47.0,66.0,53.0,5.567764362829995,16,11,59.129543,4,52,59.129543,18.597635650634768,110.86619148254394,-7.129543304443359,7.129543304443359,XGBoost,4
2025-12-01,Remicade,TER-12,62,153454.96,1,2475.08,12,4,2025,0,0,52.0,54.0,54.0,54.66666666666666,3.055050463303861,16,11,52.21561,4,62,52.21561,15.3912410736084,106.70988845825195,9.78438949584961,9.78438949584961,XGBoost,4
2025-05-01,Remicade,TER-13,65,155064.0,1,2385.6,5,2,2025,3,0,48.0,65.0,47.0,55.0,8.888194417315582,16,12,52.92769,4,65,52.92769,9.56655158996582,100.62812805175781,12.072311401367188,12.072311401367188,XGBoost,4
2025-06-01,Remicade,TER-13,74,181619.34000000003,2,2539.8,6,2,2025,6,0,65.0,52.0,62.0,55.0,8.888194417315582,16,12,56.607944,4,74,56.607944,17.631333160400395,108.2829566955566,17.39205551147461,17.39205551147461,XGBoost,4
2025-07-01,Remicade,TER-13,53,131222.01,3,2482.8033333333333,7,3,2025,1,0,74.0,48.0,43.0,62.333333333333336,13.203534880225568,16,12,48.16723,4,53,48.16723,9.847602844238281,102.12797813415527,4.832771301269531,4.832771301269531,XGBoost,4
2025-08-01,Remicade,TER-13,32,74886.48000000001,2,2323.735,8,3,2025,4,0,53.0,65.0,65.0,64.0,10.535653752852731,16,12,54.03648,4,32,54.03648,15.526472091674805,101.728955078125,-22.036479949951172,22.036479949951172,XGBoost,4
2025-09-01,Remicade,TER-13,73,186003.38,3,2523.7866666666664,9,3,2025,0,0,32.0,74.0,52.0,53.0,21.0,16,12,45.29345,4,73,45.29345,1.9073009490966806,102.06669616699219,27.70655059814453,27.70655059814453,XGBoost,4
2025-10-01,Remicade,TER-13,70,177999.16999999998,2,2594.025,10,4,2025,2,0,73.0,53.0,48.0,52.66666666666666,20.502032419575706,16,12,49.40231,4,70,49.40231,13.485671997070312,100.72843170166011,20.59769058227539,20.59769058227539,XGBoost,4
2025-11-01,Remicade,TER-13,65,159721.69999999998,4,2404.3225,11,4,2025,5,0,70.0,32.0,65.0,58.333333333333336,22.854612955229264,16,12,62.59784,4,65,62.59784,19.957340240478516,113.79075622558594,2.40216064453125,2.40216064453125,XGBoost,4
2025-12-01,Remicade,TER-13,67,167840.4,4,2531.38,12,4,2025,0,0,65.0,73.0,74.0,69.33333333333333,4.041451884327365,16,12,58.152515,4,67,58.152515,20.83851890563965,109.49656677246094,8.847484588623047,8.847484588623047,XGBoost,4
2025-05-01,Remicade,TER-14,64,160423.68,1,2506.62,5,2,2025,3,0,48.0,68.0,30.0,52.66666666666666,13.613718571108096,16,13,46.878838,4,64,46.878838,9.118408966064456,99.36714172363276,17.12116241455078,17.12116241455078,XGBoost,4
2025-06-01,Remicade,TER-14,57,155348.37,1,2725.41,6,2,2025,6,0,64.0,42.0,42.0,51.333333333333336,11.372481406154655,16,13,51.12044,4,57,51.12044,8.318149566650392,96.55895843505857,5.879558563232422,5.879558563232422,XGBoost,4
2025-07-01,Remicade,TER-14,27,69266.22,2,2581.985,7,3,2025,1,0,57.0,48.0,68.0,56.333333333333336,8.020806277010644,16,13,45.646305,4,27,45.646305,3.7539077758789077,96.22011871337888,-18.646305084228516,18.646305084228516,XGBoost,4
2025-08-01,Remicade,TER-14,30,74406.8,2,2388.5550000000003,8,3,2025,4,0,27.0,64.0,68.0,49.333333333333336,19.65536398374076,16,13,44.540398,4,30,44.540398,5.722570037841798,89.35853881835935,-14.540397644042969,14.540397644042969,XGBoost,4
2025-09-01,Remicade,TER-14,58,145075.49,2,2480.045,9,3,2025,0,0,30.0,57.0,42.0,38.0,16.522711641858308,16,13,43.28252,4,58,43.28252,11.995660781860352,90.51192893981921,14.717479705810547,14.717479705810547,XGBoost,4
2025-10-01,Remicade,TER-14,60,143921.71,3,2443.613333333333,10,4,2025,2,0,58.0,27.0,48.0,38.333333333333336,17.09775813764288,16,13,48.766766,4,60,48.766766,5.461587142944337,95.1757581710814,11.233234405517578,11.233234405517578,XGBoost,4
2025-11-01,Remicade,TER-14,53,137334.23,4,2544.3175,11,4,2025,5,0,60.0,30.0,64.0,49.333333333333336,16.772994167212165,16,13,52.240158,4,53,52.240158,13.940439224243166,107.74746017456046,0.7598419189453125,0.7598419189453125,XGBoost,4
2025-12-01,Remicade,TER-14,46,114900.02,4,2469.1875,12,4,2025,0,0,53.0,58.0,57.0,57.0,3.6055512754639816,16,13,44.908653,4,46,44.908653,1.0853881835937529,99.2879409790039,1.0913467407226562,1.0913467407226562,XGBoost,4
2025-05-01,Remicade,TER-15,61,148307.57,4,2422.9075000000003,5,2,2025,3,0,59.0,35.0,31.0,48.0,12.124355652982135,16,14,43.992023,4,61,43.992023,0.0,93.38993453979491,17.007976531982422,17.007976531982422,XGBoost,4
2025-06-01,Remicade,TER-15,56,137932.48,1,2463.08,6,2,2025,6,0,61.0,50.0,54.0,56.66666666666666,5.859465277082307,16,14,53.692783,4,56,53.692783,16.209566116333008,106.48797340393067,2.3072166442871094,2.3072166442871094,XGBoost,4
2025-07-01,Remicade,TER-15,43,111471.14,2,2591.155,7,3,2025,1,0,56.0,59.0,33.0,58.66666666666666,2.516611478423564,16,14,39.083626,4,43,39.083626,1.1680877685546887,85.4186019897461,3.9163742065429688,3.9163742065429688,XGBoost,4
2025-08-01,Remicade,TER-15,46,117932.84,4,2566.1825,8,3,2025,4,0,43.0,61.0,35.0,53.333333333333336,9.291573243177565,16,14,45.21619,4,46,45.21619,9.10360336303711,91.70401382446289,0.7838096618652344,0.7838096618652344,XGBoost,4
2025-09-01,Remicade,TER-15,45,112472.17,4,2501.6675,9,3,2025,0,0,46.0,56.0,50.0,48.333333333333336,6.806859285554041,16,14,44.586536,4,45,44.586536,2.983316802978518,95.81173782348633,0.4134635925292969,0.4134635925292969,XGBoost,4
2025-10-01,Remicade,TER-15,56,136108.5,4,2408.2375,10,4,2025,2,0,45.0,43.0,59.0,44.66666666666666,1.5275252316519303,16,14,46.79497,4,56,46.79497,3.7898971557617194,99.2495853424072,9.205028533935547,9.205028533935547,XGBoost,4
2025-11-01,Remicade,TER-15,56,140664.16,1,2511.86,11,4,2025,5,0,56.0,46.0,61.0,49.0,6.082762530298216,16,14,52.777103,4,56,52.777103,15.302804946899414,104.50692367553711,3.2228965759277344,3.2228965759277344,XGBoost,4
2025-12-01,Remicade,TER-15,58,148749.06,3,2570.11,12,4,2025,0,0,56.0,45.0,56.0,52.333333333333336,6.35085296108588,16,14,45.35258,4,58,45.35258,6.77457389831543,98.15048561096191,12.647418975830078,12.647418975830078,XGBoost,4
2025-05-01,Remicade,TER-16,49,111738.62,1,2280.38,5,2,2025,3,0,62.0,64.0,32.0,57.0,10.44030650891055,16,15,51.737514,4,49,51.737514,15.975929260253908,101.1322280883789,-2.7375144958496094,2.7375144958496094,XGBoost,4
2025-06-01,Remicade,TER-16,45,108577.8,1,2412.84,6,2,2025,6,0,49.0,45.0,52.0,52.0,8.88819441731559,16,15,53.60007,4,45,53.60007,17.679878997802735,105.786909866333,-8.60007095336914,8.60007095336914,XGBoost,4
2025-07-01,Remicade,TER-16,30,75292.81,4,2473.455,7,3,2025,1,0,45.0,62.0,38.0,52.0,8.88819441731559,16,15,42.216774,4,30,42.216774,4.289399337768556,99.94641189575192,-12.216773986816406,12.216773986816406,XGBoost,4
2025-08-01,Remicade,TER-16,30,78066.6,4,2534.8675000000003,8,3,2025,4,0,30.0,49.0,64.0,41.333333333333336,10.016652800877816,16,15,45.24289,4,30,45.24289,5.3909351348876955,103.57402038574216,-15.242889404296875,15.242889404296875,XGBoost,4
2025-09-01,Remicade,TER-16,40,105330.92,2,2567.9700000000003,9,3,2025,0,0,30.0,45.0,45.0,35.0,8.660254037844389,16,15,41.746376,4,40,41.746376,9.977109527587892,93.4748737335205,-1.7463760375976562,1.7463760375976562,XGBoost,4
2025-10-01,Remicade,TER-16,39,96634.48,2,2488.32,10,4,2025,2,0,40.0,30.0,62.0,33.333333333333336,5.773502691896262,16,15,49.345142,4,39,49.345142,14.18274726867676,110.97750701904292,-10.345142364501953,10.345142364501953,XGBoost,4
2025-11-01,Remicade,TER-16,57,137823.72,1,2417.96,11,4,2025,5,0,39.0,30.0,49.0,36.333333333333336,5.507570547286105,16,15,49.1936,4,57,49.1936,6.482398986816407,100.38813552856445,7.806400299072266,7.806400299072266,XGBoost,4
2025-12-01,Remicade,TER-16,44,113730.76,1,2584.79,12,4,2025,0,0,57.0,40.0,45.0,45.333333333333336,10.11599393699568,16,15,43.25964,4,44,43.25964,4.4443416595459,95.6772422790527,0.7403602600097656,0.7403602600097656,XGBoost,4
2025-05-01,Remicade,TER-17,34,81251.5,1,2389.75,5,2,2025,3,0,33.0,38.0,49.0,38.66666666666666,6.027713773341702,16,16,41.29461,4,34,41.29461,4.633933639526369,95.12446193695065,-7.294609069824219,7.294609069824219,XGBoost,4
2025-06-01,Remicade,TER-17,44,114314.58,2,2545.74,6,2,2025,6,0,34.0,45.0,63.0,37.333333333333336,6.658328118479388,16,16,49.234837,4,44,49.234837,12.615520477294925,103.6428024291992,-5.234836578369141,5.234836578369141,XGBoost,4
2025-07-01,Remicade,TER-17,44,115467.0,1,2624.25,7,3,2025,1,0,44.0,33.0,48.0,37.0,6.082762530298216,16,16,35.466328,4,44,35.466328,0.0,85.1964298248291,8.533672332763672,8.533672332763672,XGBoost,4
2025-08-01,Remicade,TER-17,29,72026.18,2,2418.9700000000003,8,3,2025,4,0,44.0,34.0,38.0,40.66666666666666,5.773502691896254,16,16,39.901085,4,29,39.901085,0.0,88.9619140625,-10.901084899902344,10.901084899902344,XGBoost,4
2025-09-01,Remicade,TER-17,35,94906.7,1,2711.62,9,3,2025,0,0,29.0,44.0,45.0,39.0,8.660254037844386,16,16,37.525272,4,35,37.525272,0.6899263381958028,95.23657569885252,-2.5252723693847656,2.5252723693847656,XGBoost,4
2025-10-01,Remicade,TER-17,36,84970.9,4,2365.615,10,4,2025,2,0,35.0,44.0,33.0,36.0,7.549834435270748,16,16,43.351776,4,36,43.351776,5.801589965820313,97.31252555847168,-7.351776123046875,7.351776123046875,XGBoost,4
2025-11-01,Remicade,TER-17,60,153651.6,1,2560.86,11,4,2025,5,0,36.0,29.0,34.0,33.333333333333336,3.785938897200178,16,16,42.5589,4,60,42.5589,2.526092529296876,101.87686157226562,17.44110107421875,17.44110107421875,XGBoost,4
2025-12-01,Remicade,TER-17,65,169295.1,1,2604.54,12,4,2025,0,0,60.0,35.0,44.0,43.66666666666666,14.153915830374764,16,16,40.798485,4,65,40.798485,1.8841018676757812,98.46140823364256,24.201515197753906,24.201515197753906,XGBoost,4
2025-05-01,Remicade,TER-18,41,98286.02,1,2397.22,5,2,2025,3,0,57.0,65.0,37.0,66.33333333333333,10.06644591369433,16,17,56.893017,4,41,56.893017,20.76230392456055,108.19636039733885,-15.893016815185547,15.893016815185547,XGBoost,4
2025-06-01,Remicade,TER-18,65,163212.63,3,2530.4666666666667,6,2,2025,6,0,41.0,77.0,68.0,58.333333333333336,18.036999011291577,16,17,56.77456,4,65,56.77456,13.48161735534668,111.8182716369628,8.225440979003906,8.225440979003906,XGBoost,4
2025-07-01,Remicade,TER-18,51,125849.34,2,2496.99,7,3,2025,1,0,65.0,57.0,32.0,54.333333333333336,12.220201853215574,16,17,43.714962,4,51,43.714962,5.194178771972657,102.20951538085934,7.285037994384766,7.285037994384766,XGBoost,4
2025-08-01,Remicade,TER-18,46,118812.94,1,2582.89,8,3,2025,4,0,51.0,41.0,65.0,52.333333333333336,12.055427546683418,16,17,49.827892,4,46,49.827892,6.228999328613281,102.2886924743652,-3.827892303466797,3.827892303466797,XGBoost,4
2025-09-01,Remicade,TER-18,42,106909.32,1,2545.46,9,3,2025,0,0,46.0,65.0,77.0,54.0,9.848857801796107,16,17,52.29021,4,42,52.29021,10.302501678466799,106.73276329040525,-10.290210723876953,10.290210723876953,XGBoost,4
2025-10-01,Remicade,TER-18,41,105485.24,4,2595.505,10,4,2025,2,0,42.0,51.0,57.0,46.333333333333336,4.5092497528229,16,17,45.392944,4,41,45.392944,4.889225006103521,91.3570732116699,-4.3929443359375,4.3929443359375,XGBoost,4
2025-11-01,Remicade,TER-18,55,138071.37,4,2529.7475,11,4,2025,5,0,41.0,46.0,41.0,43.0,2.645751311064602,16,17,47.19914,4,55,47.19914,8.846166610717779,101.96243972778319,7.800861358642578,7.800861358642578,XGBoost,4
2025-12-01,Remicade,TER-18,63,161716.54,4,2568.63,12,4,2025,0,0,55.0,42.0,65.0,46.0,7.810249675906658,16,17,41.30461,4,63,41.30461,3.9782608032226574,96.54357147216795,21.695388793945312,21.695388793945312,XGBoost,4
2025-05-01,Remicade,TER-19,43,100760.91,3,2404.7033333333334,5,2,2025,3,0,32.0,50.0,54.0,50.333333333333336,18.50225211517056,16,18,41.00009,4,43,41.00009,0.0,95.86594123840331,1.999908447265625,1.999908447265625,XGBoost,4
2025-06-01,Remicade,TER-19,67,165113.48,3,2452.09,6,2,2025,6,0,43.0,69.0,43.0,48.0,19.000000000000004,16,18,48.800087,4,67,48.800087,8.567616653442387,100.04948425292966,18.199913024902344,18.199913024902344,XGBoost,4
2025-07-01,Remicade,TER-19,27,67243.12,2,2521.255,7,3,2025,1,0,67.0,32.0,36.0,47.333333333333336,17.8978583448784,16,18,39.40619,4,27,39.40619,0.0,96.3145751953125,-12.40618896484375,12.40618896484375,XGBoost,4
2025-08-01,Remicade,TER-19,43,111429.85,3,2520.0033333333336,8,3,2025,4,0,27.0,43.0,50.0,45.66666666666666,20.13289182738867,16,18,42.93242,4,43,42.93242,2.906216430664063,96.76739654541012,0.0675811767578125,0.0675811767578125,XGBoost,4
2025-09-01,Remicade,TER-19,59,159197.75,2,2648.38,9,3,2025,0,0,43.0,67.0,69.0,45.66666666666666,20.13289182738867,16,18,44.72548,4,59,44.72548,4.886038208007813,96.54615783691406,14.274520874023438,14.274520874023438,XGBoost,4
2025-10-01,Remicade,TER-19,34,83343.52,3,2450.873333333333,10,4,2025,2,0,59.0,27.0,32.0,43.0,16.0,16,18,44.527283,4,34,44.527283,0.18688049316406305,96.2794235229492,-10.52728271484375,10.52728271484375,XGBoost,4
2025-11-01,Remicade,TER-19,45,107164.16,3,2377.333333333333,11,4,2025,5,0,34.0,43.0,43.0,45.333333333333336,12.662279942148388,16,18,50.6995,4,45,50.6995,8.26221160888672,112.39915771484374,-5.699501037597656,5.699501037597656,XGBoost,4
2025-12-01,Remicade,TER-19,45,114138.32,3,2497.846666666667,12,4,2025,0,0,45.0,59.0,67.0,46.0,12.52996408614167,16,18,48.413357,4,45,48.413357,5.985530853271484,102.4129705429077,-3.4133567810058594,3.4133567810058594,XGBoost,4
2025-05-01,Remicade,TER-20,41,105255.95,3,2568.55,5,2,2025,3,0,51.0,63.0,39.0,53.66666666666666,8.326663997864534,16,19,41.96892,4,41,41.96892,1.4087944030761754,91.39641761779782,-0.9689216613769531,0.9689216613769531,XGBoost,4
2025-06-01,Remicade,TER-20,35,90605.9,1,2588.74,6,2,2025,6,0,41.0,47.0,30.0,46.333333333333336,5.033222956847172,16,19,44.785553,4,35,44.785553,7.952927398681642,97.17620849609375,-9.785552978515625,9.785552978515625,XGBoost,4
2025-07-01,Remicade,TER-20,23,54916.2,4,2461.2925,7,3,2025,1,0,35.0,51.0,44.0,42.333333333333336,8.082903768654765,16,19,40.414104,4,23,40.414104,0.0,98.12540779113768,-17.414104461669922,17.414104461669922,XGBoost,4
2025-08-01,Remicade,TER-20,26,66118.06,3,2541.863333333333,8,3,2025,4,0,23.0,41.0,63.0,33.0,9.165151389911683,16,19,43.176044,4,26,43.176044,8.137238311767579,99.17999286651607,-17.176044464111328,17.176044464111328,XGBoost,4
2025-09-01,Remicade,TER-20,46,114729.82,2,2495.49,9,3,2025,0,0,26.0,35.0,47.0,28.0,6.244997998398405,16,19,37.117714,4,46,37.117714,3.6802288055419923,86.52950057983396,8.882286071777344,8.882286071777344,XGBoost,4
2025-10-01,Remicade,TER-20,29,73132.15,3,2531.36,10,4,2025,2,0,46.0,23.0,51.0,31.666666666666668,12.503332889007371,16,19,42.904217,4,29,42.904217,2.8780143737792976,100.59699630737305,-13.904216766357422,13.904216766357422,XGBoost,4
2025-11-01,Remicade,TER-20,34,83071.45999999999,3,2391.8366666666666,11,4,2025,5,0,29.0,26.0,41.0,33.666666666666664,10.78579312490896,16,19,45.9012,4,34,45.9012,3.9171119689941425,97.88110046386717,-11.901199340820312,11.901199340820312,XGBoost,4
2025-12-01,Remicade,TER-20,41,99701.42,4,2494.7575,12,4,2025,0,0,34.0,46.0,35.0,36.333333333333336,8.736894948054108,16,19,39.143612,4,41,39.143612,0.0,96.85885162353513,1.8563880920410156,1.8563880920410156,XGBoost,4
2025-05-01,Revlimid,TER-01,49,334864.04,1,6833.96,5,2,2025,3,0,31.0,42.0,31.0,43.333333333333336,13.051181300301268,17,0,35.74752,4,49,35.74752,0.0,88.783341217041,13.252479553222656,13.252479553222656,XGBoost,4
2025-06-01,Revlimid,TER-01,45,292068.29000000004,4,6635.5,6,2,2025,6,0,49.0,57.0,35.0,45.66666666666666,13.316656236958794,17,0,43.166054,4,45,43.166054,4.369596862792969,95.55664100646972,1.8339462280273438,1.8339462280273438,XGBoost,4
2025-07-01,Revlimid,TER-01,31,203702.94,3,6689.973333333332,7,3,2025,1,0,45.0,31.0,45.0,41.66666666666666,9.45163125250522,17,0,30.38971,4,31,30.38971,0.0,80.10508384704589,0.61029052734375,0.61029052734375,XGBoost,4
2025-08-01,Revlimid,TER-01,24,169763.26,2,7062.764999999999,8,3,2025,4,0,31.0,49.0,42.0,41.66666666666666,9.45163125250522,17,0,36.036705,4,24,36.036705,0.0,85.10909976959228,-12.036705017089844,12.036705017089844,XGBoost,4
2025-09-01,Revlimid,TER-01,53,379240.44,1,7155.48,9,3,2025,0,0,24.0,45.0,57.0,33.333333333333336,10.69267662156362,17,0,37.64746,4,53,37.64746,0.0,87.64670257568346,15.3525390625,15.3525390625,XGBoost,4
2025-10-01,Revlimid,TER-01,36,247604.99,4,7005.3175,10,4,2025,2,0,53.0,31.0,31.0,36.0,15.132745950421556,17,0,37.65308,4,36,37.65308,0.0,89.57912445068355,-1.6530799865722656,1.6530799865722656,XGBoost,4
2025-11-01,Revlimid,TER-01,47,327623.45,4,6906.91,11,4,2025,5,0,36.0,24.0,49.0,37.66666666666666,14.57166199626293,17,0,37.46328,4,47,37.46328,0.0,88.6578155517578,9.536720275878906,9.536720275878906,XGBoost,4
2025-12-01,Revlimid,TER-01,49,328412.38,3,6645.100000000001,12,4,2025,0,0,47.0,53.0,45.0,45.333333333333336,8.621678104251735,17,0,35.717358,4,49,35.717358,2.960647201538087,87.9033679962158,13.282642364501953,13.282642364501953,XGBoost,4
2025-05-01,Revlimid,TER-02,27,187948.06,3,6896.4766666666665,5,2,2025,3,0,28.0,43.0,39.0,41.333333333333336,12.583057392117915,17,1,31.21617,4,27,31.21617,0.0,81.78998298645017,-4.216169357299805,4.216169357299805,XGBoost,4
2025-06-01,Revlimid,TER-02,34,222646.64,2,6680.764999999999,6,2,2025,6,0,27.0,53.0,40.0,36.0,14.730919862656236,17,1,36.88013,4,34,36.88013,0.0,87.02170715332026,-2.8801307678222656,2.8801307678222656,XGBoost,4
2025-07-01,Revlimid,TER-02,35,225241.94,4,6627.31,7,3,2025,1,0,34.0,28.0,29.0,29.666666666666668,3.7859388972001855,17,1,27.683699,4,35,27.683699,0.0,74.10798225402827,7.316301345825195,7.316301345825195,XGBoost,4
2025-08-01,Revlimid,TER-02,32,216993.58,4,6757.737499999999,8,3,2025,4,0,35.0,27.0,43.0,32.0,4.358898943540676,17,1,27.863981,4,32,27.863981,0.0,89.25878410339354,4.136018753051758,4.136018753051758,XGBoost,4
2025-09-01,Revlimid,TER-02,47,327618.2,1,6970.6,9,3,2025,0,0,32.0,34.0,53.0,33.666666666666664,1.5275252316519528,17,1,36.871986,4,47,36.871986,2.9712692260742246,88.51361236572265,10.128013610839844,10.128013610839844,XGBoost,4
2025-10-01,Revlimid,TER-02,47,311528.57,2,6698.935,10,4,2025,2,0,47.0,35.0,28.0,38.0,7.937253933193773,17,1,37.095936,4,47,37.095936,0.0,87.17695121765131,9.904064178466797,9.904064178466797,XGBoost,4
2025-11-01,Revlimid,TER-02,38,235435.08,1,6195.66,11,4,2025,5,0,47.0,32.0,27.0,42.0,8.660254037844387,17,1,42.116375,4,38,42.116375,2.6657371520996107,95.92446708679198,-4.116374969482422,4.116374969482422,XGBoost,4
2025-12-01,Revlimid,TER-02,46,331807.26,2,7138.98,12,4,2025,0,0,38.0,47.0,34.0,44.0,5.196152422706633,17,1,35.508278,4,46,35.508278,0.0,87.69739036560057,10.491722106933594,10.491722106933594,XGBoost,4
2025-05-01,Revlimid,TER-03,33,239962.23,4,6926.495,5,2,2025,3,0,38.0,24.0,22.0,32.666666666666664,7.571877794400363,17,2,29.343103,4,33,29.343103,0.0,83.83738136291504,3.6568965911865234,3.6568965911865234,XGBoost,4
2025-06-01,Revlimid,TER-03,39,278194.89,2,7194.165,6,2,2025,6,0,33.0,36.0,30.0,35.666666666666664,2.51661147842358,17,2,32.68142,4,39,32.68142,0.0,82.0145059585571,6.318580627441406,6.318580627441406,XGBoost,4
2025-07-01,Revlimid,TER-03,24,176600.16,1,7358.34,7,3,2025,1,0,39.0,38.0,41.0,36.66666666666666,3.214550253664316,17,2,32.181244,4,24,32.181244,0.0,83.4064453125,-8.181243896484375,8.181243896484375,XGBoost,4
2025-08-01,Revlimid,TER-03,26,182143.52,4,6757.3675,8,3,2025,4,0,24.0,33.0,24.0,32.0,7.549834435270749,17,2,26.87356,4,26,26.87356,0.0,80.24668350219726,-0.8735599517822266,0.8735599517822266,XGBoost,4
2025-09-01,Revlimid,TER-03,32,221476.32,2,6921.135,9,3,2025,0,0,26.0,39.0,36.0,29.666666666666668,8.144527815247077,17,2,32.771015,4,32,32.771015,0.0,84.10593566894518,-0.7710151672363281,0.7710151672363281,XGBoost,4
2025-10-01,Revlimid,TER-03,33,213048.04,3,6539.633333333334,10,4,2025,2,0,32.0,24.0,38.0,27.33333333333333,4.163331998932264,17,2,29.484028,4,33,29.484028,0.0,82.54610061645499,3.515972137451172,3.515972137451172,XGBoost,4
2025-11-01,Revlimid,TER-03,41,273057.52,3,6497.113333333334,11,4,2025,5,0,33.0,26.0,33.0,30.33333333333333,3.7859388972001815,17,2,33.277386,4,41,33.277386,0.0,86.84813079833982,7.722614288330078,7.722614288330078,XGBoost,4
2025-12-01,Revlimid,TER-03,33,228724.64,3,6916.426666666666,12,4,2025,0,0,41.0,32.0,39.0,35.333333333333336,4.932882862316246,17,2,34.01195,4,33,34.01195,0.0,91.63469314575192,-1.0119514465332031,1.0119514465332031,XGBoost,4
2025-05-01,Revlimid,TER-04,22,150059.81999999998,4,6637.305,5,2,2025,3,0,30.0,37.0,41.0,30.666666666666668,6.027713773341709,17,3,29.354946,4,22,29.354946,0.0,83.36760673522947,-7.354946136474609,7.354946136474609,XGBoost,4
2025-06-01,Revlimid,TER-04,49,329292.67000000004,4,6783.935,6,2,2025,6,0,22.0,25.0,45.0,25.666666666666668,4.041451884327383,17,3,28.401037,4,49,28.401037,0.0,82.35914039611816,20.598962783813477,20.598962783813477,XGBoost,4
2025-07-01,Revlimid,TER-04,30,185477.7,1,6182.59,7,3,2025,1,0,49.0,30.0,23.0,33.666666666666664,13.86842937514315,17,3,30.079453,4,30,30.079453,0.0,80.1519676208496,-0.0794525146484375,0.0794525146484375,XGBoost,4
2025-08-01,Revlimid,TER-04,17,105994.74,2,6435.945,8,3,2025,4,0,30.0,22.0,37.0,33.666666666666664,13.86842937514315,17,3,27.516068,4,17,27.516068,0.0,76.94602737426754,-10.516067504882812,10.516067504882812,XGBoost,4
2025-09-01,Revlimid,TER-04,40,265355.56,4,6572.155000000001,9,3,2025,0,0,17.0,49.0,25.0,32.0,16.093476939431085,17,3,33.406143,4,40,33.406143,0.0,89.41955966949457,6.5938568115234375,6.5938568115234375,XGBoost,4
2025-10-01,Revlimid,TER-04,30,204155.1,2,6677.2,10,4,2025,2,0,40.0,30.0,30.0,29.0,11.5325625946708,17,3,32.75932,4,30,32.75932,0.0,87.7444480895996,-2.759319305419922,2.759319305419922,XGBoost,4
2025-11-01,Revlimid,TER-04,23,156822.74,1,6818.38,11,4,2025,5,0,30.0,17.0,22.0,29.0,11.5325625946708,17,3,35.41221,4,23,35.41221,0.0,85.54739456176752,-12.412208557128906,12.412208557128906,XGBoost,4
2025-12-01,Revlimid,TER-04,38,244816.13,4,6682.1175,12,4,2025,0,0,23.0,40.0,49.0,31.0,8.544003745317537,17,3,30.90187,4,38,30.90187,0.0,85.28115844726562,7.0981292724609375,7.0981292724609375,XGBoost,4
2025-05-01,Revlimid,TER-05,31,224924.68,3,6990.816666666667,5,2,2025,3,0,25.0,35.0,38.0,32.0,6.082762530298226,17,4,27.301205,4,31,27.301205,0.0,79.67611770629883,3.6987953186035156,3.6987953186035156,XGBoost,4
2025-06-01,Revlimid,TER-05,42,288789.9,1,6875.95,6,2,2025,6,0,31.0,36.0,22.0,30.666666666666668,5.507570547286112,17,4,33.22646,4,42,33.22646,0.0,90.61258316040039,8.773540496826172,8.773540496826172,XGBoost,4
2025-07-01,Revlimid,TER-05,26,172266.96000000002,3,6683.883333333334,7,3,2025,1,0,42.0,25.0,34.0,32.666666666666664,8.62167810425171,17,4,23.335045,4,26,23.335045,0.0,82.63127098083496,2.6649551391601562,2.6649551391601562,XGBoost,4
2025-08-01,Revlimid,TER-05,17,112540.65,3,6688.263333333333,8,3,2025,4,0,26.0,31.0,35.0,33.0,8.18535277187245,17,4,25.743996,4,17,25.743996,0.0,85.76897964477534,-8.743995666503906,8.743995666503906,XGBoost,4
2025-09-01,Revlimid,TER-05,33,231683.58,3,7101.06,9,3,2025,0,0,17.0,42.0,36.0,28.33333333333333,12.662279942148391,17,4,29.210407,4,33,29.210407,0.0,87.27759895324706,3.789592742919922,3.789592742919922,XGBoost,4
2025-10-01,Revlimid,TER-05,27,173606.76,1,6429.88,10,4,2025,2,0,33.0,26.0,25.0,25.33333333333333,8.020806277010658,17,4,29.334133,4,27,29.334133,0.0,85.00128211975088,-2.3341331481933594,2.3341331481933594,XGBoost,4
2025-11-01,Revlimid,TER-05,20,143395.79,4,7070.547500000001,11,4,2025,5,0,27.0,17.0,31.0,25.666666666666668,8.082903768654775,17,4,28.765066,4,20,28.765066,0.0,87.91341133117675,-8.765066146850586,8.765066146850586,XGBoost,4
2025-12-01,Revlimid,TER-05,34,221474.23,3,6427.47,12,4,2025,0,0,20.0,33.0,42.0,26.666666666666668,6.506407098647727,17,4,29.62469,4,34,29.62469,0.0,80.84877662658688,4.375310897827148,4.375310897827148,XGBoost,4
2025-05-01,Revlimid,TER-06,23,159427.74,4,6949.0725,5,2,2025,3,0,19.0,20.0,20.0,28.0,14.730919862656238,17,5,23.279207,4,23,23.279207,0.0,77.2788209915161,-0.2792072296142578,0.2792072296142578,XGBoost,4
2025-06-01,Revlimid,TER-06,32,213098.63,3,6721.12,6,2,2025,6,0,23.0,45.0,24.0,29.0,14.000000000000002,17,5,25.829006,4,32,25.829006,0.0,80.21003646850586,6.170993804931641,6.170993804931641,XGBoost,4
2025-07-01,Revlimid,TER-06,13,91526.64,4,7004.43,7,3,2025,1,0,32.0,19.0,18.0,24.666666666666668,6.658328118479397,17,5,20.30035,4,13,20.30035,0.0,77.69793014526365,-7.300350189208984,7.300350189208984,XGBoost,4
2025-08-01,Revlimid,TER-06,20,148401.8,1,7420.09,8,3,2025,4,0,13.0,23.0,20.0,22.666666666666668,9.504384952922171,17,5,24.488565,4,20,24.488565,0.0,76.69574584960935,-4.488565444946289,4.488565444946289,XGBoost,4
2025-09-01,Revlimid,TER-06,32,221248.64,2,7100.51,9,3,2025,0,0,20.0,32.0,45.0,21.666666666666668,9.609023536933051,17,5,24.177181,4,32,24.177181,0.0,74.8188293457031,7.822818756103516,7.822818756103516,XGBoost,4
2025-10-01,Revlimid,TER-06,22,136780.6,1,6217.3,10,4,2025,2,0,32.0,13.0,19.0,21.666666666666668,9.609023536933051,17,5,28.142786,4,22,28.142786,0.0,75.91864128112785,-6.142786026000977,6.142786026000977,XGBoost,4
2025-11-01,Revlimid,TER-06,24,161236.99,2,6713.835,11,4,2025,5,0,22.0,20.0,23.0,24.666666666666668,6.4291005073286405,17,5,27.346224,4,24,27.346224,0.0,77.53359794616692,-3.346223831176758,3.346223831176758,XGBoost,4
2025-12-01,Revlimid,TER-06,25,172771.32,3,6916.52,12,4,2025,0,0,24.0,32.0,32.0,26.0,5.291502622129185,17,5,25.462757,4,25,25.462757,0.0,78.36832008361812,-0.4627571105957031,0.4627571105957031,XGBoost,4
2025-05-01,Revlimid,TER-07,29,201815.35,1,6959.15,5,2,2025,3,0,16.0,38.0,31.0,29.0,11.532562594670797,17,6,28.439596,4,29,28.439596,0.0,79.7238899230957,0.5604038238525391,0.5604038238525391,XGBoost,4
2025-06-01,Revlimid,TER-07,30,201098.85,3,7012.579999999999,6,2,2025,6,0,29.0,33.0,29.0,26.0,8.888194417315589,17,6,27.586723,4,30,27.586723,0.0,85.2058494567871,2.4132766723632812,2.4132766723632812,XGBoost,4
2025-07-01,Revlimid,TER-07,20,136754.32,3,6885.536666666667,7,3,2025,1,0,30.0,16.0,25.0,25.0,7.810249675906654,17,6,20.948225,4,20,20.948225,0.0,73.75229415893554,-0.9482250213623047,0.9482250213623047,XGBoost,4
2025-08-01,Revlimid,TER-07,21,148353.96000000002,4,7041.8325,8,3,2025,4,0,20.0,29.0,38.0,26.33333333333333,5.507570547286101,17,6,23.379843,4,21,23.379843,0.0,78.42621459960937,-2.379842758178711,2.379842758178711,XGBoost,4
2025-09-01,Revlimid,TER-07,35,231595.13,2,6639.73,9,3,2025,0,0,21.0,30.0,33.0,23.666666666666668,5.507570547286101,17,6,24.761902,4,35,24.761902,0.0,80.32511901855469,10.23809814453125,10.23809814453125,XGBoost,4
2025-10-01,Revlimid,TER-07,34,216642.77,4,6654.48,10,4,2025,2,0,35.0,20.0,16.0,25.33333333333333,8.386497083606084,17,6,26.16938,4,34,26.16938,0.0,83.76960067749023,7.830619812011719,7.830619812011719,XGBoost,4
2025-11-01,Revlimid,TER-07,31,205918.74,1,6642.54,11,4,2025,5,0,34.0,21.0,29.0,30.0,7.810249675906655,17,6,32.981403,4,31,32.981403,0.0,83.05391845703124,-1.9814033508300781,1.9814033508300781,XGBoost,4
2025-12-01,Revlimid,TER-07,31,215988.03000000003,4,7259.6525,12,4,2025,0,0,31.0,35.0,30.0,33.333333333333336,2.081665999466137,17,6,31.481264,4,31,31.481264,0.0,81.19036750793457,-0.4812641143798828,0.4812641143798828,XGBoost,4
2025-05-01,Revlimid,TER-08,32,225859.76,3,7131.900000000001,5,2,2025,3,0,18.0,33.0,35.0,26.33333333333333,7.637626158259734,17,7,26.654228,4,32,26.654228,0.0,77.21218338012692,5.345771789550781,5.345771789550781,XGBoost,4
2025-06-01,Revlimid,TER-08,35,229061.55,3,6563.84,6,2,2025,6,0,32.0,28.0,38.0,26.0,7.211102550927979,17,7,26.98045,4,35,26.98045,0.0,79.3530891418457,8.019550323486328,8.019550323486328,XGBoost,4
2025-07-01,Revlimid,TER-08,14,90887.44,1,6491.96,7,3,2025,1,0,35.0,18.0,23.0,28.33333333333333,9.073771725877467,17,7,24.278324,4,14,24.278324,0.0,78.26828269958496,-10.278324127197266,10.278324127197266,XGBoost,4
2025-08-01,Revlimid,TER-08,27,181796.92,4,6706.1675,8,3,2025,4,0,14.0,32.0,33.0,27.0,11.357816691600547,17,7,23.52844,4,27,23.52844,0.0,70.65906181335446,3.471559524536133,3.471559524536133,XGBoost,4
2025-09-01,Revlimid,TER-08,22,149740.54,4,6939.71,9,3,2025,0,0,27.0,35.0,28.0,25.33333333333333,10.598742063723098,17,7,27.010294,4,22,27.010294,0.0,77.03527221679687,-5.010293960571289,5.010293960571289,XGBoost,4
2025-10-01,Revlimid,TER-08,27,181720.09,2,6714.755,10,4,2025,2,0,22.0,14.0,18.0,21.0,6.557438524302,17,7,26.297459,4,27,26.297459,0.0,74.54193744659419,0.7025413513183594,0.7025413513183594,XGBoost,4
2025-11-01,Revlimid,TER-08,38,253380.49,2,6598.004999999999,11,4,2025,5,0,27.0,27.0,32.0,25.33333333333333,2.886751345948127,17,7,29.385475,4,38,29.385475,0.0,83.27513504028312,8.614524841308594,8.614524841308594,XGBoost,4
2025-12-01,Revlimid,TER-08,36,249036.49,4,6887.922500000001,12,4,2025,0,0,38.0,22.0,35.0,29.0,8.185352771872449,17,7,30.240856,4,36,30.240856,0.0,77.64511032104491,5.759143829345703,5.759143829345703,XGBoost,4
2025-05-01,Revlimid,TER-09,26,179179.71,4,6984.84,5,2,2025,3,0,31.0,34.0,23.0,31.33333333333333,2.5166114784235774,17,8,26.662771,4,26,26.662771,0.0,80.69043846130367,-0.6627712249755859,0.6627712249755859,XGBoost,4
2025-06-01,Revlimid,TER-09,28,179605.16999999998,4,6585.005,6,2,2025,6,0,26.0,29.0,19.0,28.666666666666668,2.5166114784235774,17,8,28.292326,4,28,28.292326,0.0,80.15925903320313,-0.2923259735107422,0.2923259735107422,XGBoost,4
2025-07-01,Revlimid,TER-09,23,156190.86,2,6810.21,7,3,2025,1,0,28.0,31.0,24.0,28.33333333333333,2.5166114784235774,17,8,21.680656,4,23,21.680656,0.0,74.13527030944822,1.3193435668945312,1.3193435668945312,XGBoost,4
2025-08-01,Revlimid,TER-09,14,95083.8,1,6791.7,8,3,2025,4,0,23.0,26.0,34.0,25.666666666666668,2.5166114784235774,17,8,23.775116,4,14,23.775116,0.0,69.76195373535153,-9.775115966796875,9.775115966796875,XGBoost,4
2025-09-01,Revlimid,TER-09,25,178489.0,1,7139.56,9,3,2025,0,0,14.0,28.0,29.0,21.666666666666668,7.094598884597586,17,8,25.655115,4,25,25.655115,0.0,76.8803165435791,-0.6551151275634766,0.6551151275634766,XGBoost,4
2025-10-01,Revlimid,TER-09,26,177976.31,2,6813.965,10,4,2025,2,0,25.0,23.0,31.0,20.666666666666668,5.859465277082314,17,8,24.733936,4,26,24.733936,0.0,79.2553356170654,1.2660636901855469,1.2660636901855469,XGBoost,4
2025-11-01,Revlimid,TER-09,35,235199.28,4,6777.815,11,4,2025,5,0,26.0,14.0,26.0,21.666666666666668,6.658328118479392,17,8,26.751633,4,35,26.751633,0.0,77.39194869995114,8.248367309570312,8.248367309570312,XGBoost,4
2025-12-01,Revlimid,TER-09,34,231948.48,2,6793.35,12,4,2025,0,0,35.0,25.0,28.0,28.666666666666668,5.507570547286099,17,8,27.163382,4,34,27.163382,0.0,84.54950523376465,6.836618423461914,6.836618423461914,XGBoost,4
2025-05-01,Revlimid,TER-10,20,134654.47,2,6717.995,5,2,2025,3,0,38.0,36.0,31.0,41.0,7.000000000000004,17,9,30.218988,4,20,30.218988,0.0,79.91811866760254,-10.218988418579102,10.218988418579102,XGBoost,4
2025-06-01,Revlimid,TER-10,32,219536.03,4,7028.03,6,2,2025,6,0,20.0,49.0,39.0,35.666666666666664,14.6401275039985,17,9,33.10225,4,32,33.10225,0.0,86.14731712341306,-1.1022491455078125,1.1022491455078125,XGBoost,4
2025-07-01,Revlimid,TER-10,26,171789.13,4,6621.9775,7,3,2025,1,0,32.0,38.0,34.0,30.0,9.16515138991168,17,9,23.621614,4,26,23.621614,0.0,71.38937873840327,2.378385543823242,2.378385543823242,XGBoost,4
2025-08-01,Revlimid,TER-10,17,116812.83,4,6950.485000000001,8,3,2025,4,0,26.0,20.0,36.0,26.0,5.999999999999997,17,9,22.57067,4,17,22.57067,0.0,75.00825729370116,-5.570669174194336,5.570669174194336,XGBoost,4
2025-09-01,Revlimid,TER-10,21,136976.36,4,6678.965,9,3,2025,0,0,17.0,32.0,49.0,25.0,7.549834435270746,17,9,25.619719,4,21,25.619719,0.0,75.25809669494629,-4.619718551635742,4.619718551635742,XGBoost,4
2025-10-01,Revlimid,TER-10,35,255640.35,1,7304.01,10,4,2025,2,0,21.0,26.0,38.0,21.33333333333333,4.509249752822884,17,9,27.730885,4,35,27.730885,0.0,74.08856964111327,7.269115447998047,7.269115447998047,XGBoost,4
2025-11-01,Revlimid,TER-10,19,126718.88,4,6812.172500000001,11,4,2025,5,0,35.0,17.0,20.0,24.33333333333333,9.451631252505214,17,9,28.595774,4,19,28.595774,0.0,81.41939697265623,-9.595773696899414,9.595773696899414,XGBoost,4
2025-12-01,Revlimid,TER-10,23,166152.59,4,7179.355,12,4,2025,0,0,19.0,21.0,32.0,25.0,8.717797887081346,17,9,26.027765,4,23,26.027765,0.0,77.22801933288574,-3.0277652740478516,3.0277652740478516,XGBoost,4
2025-05-01,Revlimid,TER-11,24,166355.52,1,6931.48,5,2,2025,3,0,18.0,38.0,19.0,31.33333333333333,11.547005383792516,17,10,30.058367,4,24,30.058367,0.0,80.22513236999507,-6.058366775512695,6.058366775512695,XGBoost,4
2025-06-01,Revlimid,TER-11,36,223971.84,1,6221.44,6,2,2025,6,0,24.0,38.0,23.0,26.666666666666668,10.263202878893768,17,10,30.136282,4,36,30.136282,0.0,82.40265045166008,5.863718032836914,5.863718032836914,XGBoost,4
2025-07-01,Revlimid,TER-11,34,227420.56,1,6688.84,7,3,2025,1,0,36.0,18.0,25.0,26.0,9.16515138991168,17,10,22.59277,4,34,22.59277,0.0,82.76725463867184,11.407230377197266,11.407230377197266,XGBoost,4
2025-08-01,Revlimid,TER-11,25,174328.43,3,6869.043333333334,8,3,2025,4,0,34.0,24.0,38.0,31.33333333333333,6.429100507328638,17,10,25.737694,4,25,25.737694,0.0,82.59572982788083,-0.7376937866210938,0.7376937866210938,XGBoost,4
2025-09-01,Revlimid,TER-11,21,141972.23,4,6677.3175,9,3,2025,0,0,25.0,36.0,38.0,31.666666666666668,5.859465277082318,17,10,29.975285,4,21,29.975285,0.0,83.01564483642576,-8.975284576416016,8.975284576416016,XGBoost,4
2025-10-01,Revlimid,TER-11,35,237481.0,2,6870.675,10,4,2025,2,0,21.0,34.0,18.0,26.666666666666668,6.658328118479396,17,10,28.325815,4,35,28.325815,0.0,77.6382406234741,6.674184799194336,6.674184799194336,XGBoost,4
2025-11-01,Revlimid,TER-11,18,121360.69,3,6723.856666666667,11,4,2025,5,0,35.0,25.0,24.0,27.0,7.211102550927982,17,10,29.188116,4,18,29.188116,0.0,86.98887443542478,-11.188116073608398,11.188116073608398,XGBoost,4
2025-12-01,Revlimid,TER-11,41,304699.59,2,7388.855,12,4,2025,0,0,18.0,21.0,36.0,24.666666666666668,9.073771725877467,17,10,26.339117,4,41,26.339117,0.0,83.39024009704588,14.660882949829102,14.660882949829102,XGBoost,4
2025-05-01,Revlimid,TER-12,23,160571.37,4,6792.0825,5,2,2025,3,0,20.0,25.0,28.0,23.0,2.645751311064592,17,11,23.179907,4,23,23.179907,0.0,73.95129470825195,-0.17990684509277344,0.17990684509277344,XGBoost,4
2025-06-01,Revlimid,TER-12,25,165992.56,4,6802.82,6,2,2025,6,0,23.0,24.0,35.0,22.33333333333333,2.0816659994661344,17,11,25.450241,4,25,25.450241,0.0,83.10944023132322,-0.4502410888671875,0.4502410888671875,XGBoost,4
2025-07-01,Revlimid,TER-12,21,133353.7,4,6441.15,7,3,2025,1,0,25.0,20.0,32.0,22.666666666666668,2.516611478423584,17,11,19.848639,4,21,19.848639,0.0,69.26747131347655,1.1513614654541016,1.1513614654541016,XGBoost,4
2025-08-01,Revlimid,TER-12,25,164403.27000000002,4,6814.665,8,3,2025,4,0,21.0,23.0,25.0,23.0,2.0000000000000004,17,11,22.400068,4,25,22.400068,0.0,72.95962104797361,2.5999317169189453,2.5999317169189453,XGBoost,4
2025-09-01,Revlimid,TER-12,29,194463.84,3,6667.953333333334,9,3,2025,0,0,25.0,25.0,24.0,23.666666666666668,2.309401076758504,17,11,23.834175,4,29,23.834175,0.0,71.57390632629391,5.165824890136719,5.165824890136719,XGBoost,4
2025-10-01,Revlimid,TER-12,33,216875.19,4,6574.7175,10,4,2025,2,0,29.0,21.0,20.0,25.0,4.0,17,11,25.176224,4,33,25.176224,0.0,76.4072380065918,7.8237762451171875,7.8237762451171875,XGBoost,4
2025-11-01,Revlimid,TER-12,16,113372.83,4,6863.955,11,4,2025,5,0,33.0,25.0,23.0,29.0,4.0,17,11,27.944967,4,16,27.944967,0.0,77.36380004882811,-11.944967269897461,11.944967269897461,XGBoost,4
2025-12-01,Revlimid,TER-12,40,273237.2,1,6830.93,12,4,2025,0,0,16.0,29.0,25.0,26.0,8.888194417315589,17,11,25.267956,4,40,25.267956,0.0,78.30377655029295,14.732044219970703,14.732044219970703,XGBoost,4
2025-05-01,Revlimid,TER-13,27,182924.4,2,6773.675,5,2,2025,3,0,21.0,24.0,29.0,26.33333333333333,6.806859285554042,17,12,22.402218,4,27,22.402218,0.0,76.39217643737793,4.597782135009766,4.597782135009766,XGBoost,4
2025-06-01,Revlimid,TER-13,19,135209.32,1,7116.28,6,2,2025,6,0,27.0,34.0,31.0,27.33333333333333,6.506407098647709,17,12,27.60346,4,19,27.60346,0.0,79.97830505371094,-8.603460311889648,8.603460311889648,XGBoost,4
2025-07-01,Revlimid,TER-13,19,128351.95,4,6846.842500000001,7,3,2025,1,0,19.0,21.0,26.0,22.33333333333333,4.163331998932259,17,12,19.276756,4,19,19.276756,0.0,69.80212707519532,-0.27675628662109375,0.27675628662109375,XGBoost,4
2025-08-01,Revlimid,TER-13,28,197135.01,2,6835.775,8,3,2025,4,0,19.0,27.0,24.0,21.666666666666668,4.6188021535170005,17,12,21.432556,4,28,21.432556,0.0,80.58090133666991,6.56744384765625,6.56744384765625,XGBoost,4
2025-09-01,Revlimid,TER-13,18,122089.55,3,6772.353333333333,9,3,2025,0,0,28.0,19.0,34.0,22.0,5.196152422706628,17,12,22.714386,4,18,22.714386,0.0,72.7393642425537,-4.714385986328125,4.714385986328125,XGBoost,4
2025-10-01,Revlimid,TER-13,19,122216.25,2,6501.175,10,4,2025,2,0,18.0,19.0,21.0,21.666666666666668,5.507570547286098,17,12,24.358059,4,19,24.358059,0.0,74.21843681335449,-5.358058929443359,5.358058929443359,XGBoost,4
2025-11-01,Revlimid,TER-13,20,139694.89,3,6971.150000000001,11,4,2025,5,0,19.0,28.0,27.0,21.666666666666668,5.507570547286098,17,12,25.261023,4,20,25.261023,0.0,78.08918533325192,-5.261022567749023,5.261022567749023,XGBoost,4
2025-12-01,Revlimid,TER-13,30,193512.9,1,6450.43,12,4,2025,0,0,20.0,18.0,19.0,19.0,0.9999999999999803,17,12,25.447191,4,30,25.447191,0.0,79.42551784515379,4.55280876159668,4.55280876159668,XGBoost,4
2025-05-01,Revlimid,TER-14,30,208407.0,1,6946.9,5,2,2025,3,0,22.0,34.0,27.0,25.666666666666668,7.234178138070235,17,13,23.659071,4,30,23.659071,0.0,77.03219451904296,6.34092903137207,6.34092903137207,XGBoost,4
2025-06-01,Revlimid,TER-14,19,125329.88,3,6411.133333333334,6,2,2025,6,0,30.0,21.0,23.0,24.33333333333333,4.932882862316249,17,13,25.75519,4,19,25.75519,0.0,81.33826160430907,-6.755189895629883,6.755189895629883,XGBoost,4
2025-07-01,Revlimid,TER-14,18,118542.06,1,6585.67,7,3,2025,1,0,19.0,22.0,19.0,23.666666666666668,5.6862407030773285,17,13,18.61717,4,18,18.61717,0.0,69.17672309875486,-0.6171703338623047,0.6171703338623047,XGBoost,4
2025-08-01,Revlimid,TER-14,11,75124.65,2,6894.625,8,3,2025,4,0,18.0,30.0,34.0,22.33333333333333,6.658328118479393,17,13,20.0828,4,11,20.0828,0.0,77.86803321838379,-9.082799911499023,9.082799911499023,XGBoost,4
2025-09-01,Revlimid,TER-14,25,169157.71000000002,3,6832.830000000001,9,3,2025,0,0,11.0,19.0,21.0,16.0,4.358898943540674,17,13,22.805494,4,25,22.805494,0.0,77.21493835449216,2.1945056915283203,2.1945056915283203,XGBoost,4
2025-10-01,Revlimid,TER-14,23,138685.63,1,6029.81,10,4,2025,2,0,25.0,18.0,22.0,18.0,7.0,17,13,25.257988,4,23,25.257988,0.0,79.26552371978758,-2.2579879760742188,2.2579879760742188,XGBoost,4
2025-11-01,Revlimid,TER-14,23,154582.35,4,6734.4925,11,4,2025,5,0,23.0,11.0,30.0,19.666666666666668,7.571877794400365,17,13,23.580946,4,23,23.580946,0.0,78.99710273742676,-0.5809459686279297,0.5809459686279297,XGBoost,4
2025-12-01,Revlimid,TER-14,22,143932.52000000002,2,6792.21,12,4,2025,0,0,23.0,25.0,19.0,23.666666666666668,1.1547005383792457,17,13,22.298122,4,22,22.298122,0.0,74.20113258361815,-0.2981224060058594,0.2981224060058594,XGBoost,4
2025-05-01,Revlimid,TER-15,21,138648.57,2,6668.58,5,2,2025,3,0,27.0,28.0,20.0,27.0,1.0000000000000089,17,14,21.474922,4,21,21.474922,0.0,65.90916366577146,-0.47492218017578125,0.47492218017578125,XGBoost,4
2025-06-01,Revlimid,TER-15,25,166703.0,1,6668.12,6,2,2025,6,0,21.0,26.0,26.0,24.666666666666668,3.2145502536643216,17,14,25.146805,4,25,25.146805,0.0,84.69943046569824,-0.1468048095703125,0.1468048095703125,XGBoost,4
2025-07-01,Revlimid,TER-15,12,80036.31,4,6762.5575,7,3,2025,1,0,25.0,27.0,18.0,24.33333333333333,3.055050463303897,17,14,18.741295,4,12,18.741295,0.0,74.14552154541005,-6.741294860839844,6.741294860839844,XGBoost,4
2025-08-01,Revlimid,TER-15,13,88963.20000000001,3,6827.706666666666,8,3,2025,4,0,12.0,21.0,28.0,19.33333333333333,6.658328118479394,17,14,19.974932,4,13,19.974932,0.0,72.83018569946289,-6.974931716918945,6.974931716918945,XGBoost,4
2025-09-01,Revlimid,TER-15,20,134605.77,3,7044.253333333334,9,3,2025,0,0,13.0,25.0,26.0,16.666666666666668,7.234178138070236,17,14,23.057545,4,20,23.057545,0.0,76.12454147338859,-3.057544708251953,3.057544708251953,XGBoost,4
2025-10-01,Revlimid,TER-15,21,131933.97,1,6282.57,10,4,2025,2,0,20.0,12.0,27.0,15.0,4.358898943540676,17,14,25.912432,4,21,25.912432,0.0,77.1319149017334,-4.912431716918945,4.912431716918945,XGBoost,4
2025-11-01,Revlimid,TER-15,25,166764.41999999998,2,6674.235000000001,11,4,2025,5,0,21.0,13.0,21.0,18.0,4.358898943540673,17,14,24.619833,4,25,24.619833,0.0,80.63324947357172,0.38016700744628906,0.38016700744628906,XGBoost,4
2025-12-01,Revlimid,TER-15,26,184713.1,1,7104.35,12,4,2025,0,0,25.0,20.0,25.0,22.0,2.64575131106458,17,14,23.21725,4,26,23.21725,0.0,77.22478656768797,2.7827491760253906,2.7827491760253906,XGBoost,4
2025-05-01,Revlimid,TER-16,25,164581.75,1,6583.27,5,2,2025,3,0,23.0,35.0,24.0,26.666666666666668,7.234178138070236,17,15,24.6477,4,25,24.6477,0.0,77.73491535186761,0.35230064392089844,0.35230064392089844,XGBoost,4
2025-06-01,Revlimid,TER-16,24,172082.88,1,7170.12,6,2,2025,6,0,25.0,22.0,20.0,23.33333333333333,1.527525231651952,17,15,25.071793,4,24,25.071793,0.0,81.07574100494381,-1.0717926025390625,1.0717926025390625,XGBoost,4
2025-07-01,Revlimid,TER-16,12,83145.92,2,6894.07,7,3,2025,1,0,24.0,23.0,26.0,24.0,1.0000000000000084,17,15,18.690655,4,12,18.690655,0.0,65.89670715332021,-6.690654754638672,6.690654754638672,XGBoost,4
2025-08-01,Revlimid,TER-16,14,94019.39,3,6745.663333333333,8,3,2025,4,0,12.0,25.0,35.0,20.33333333333333,7.234178138070236,17,15,20.0643,4,14,20.0643,0.0,75.62875289916992,-6.064300537109375,6.064300537109375,XGBoost,4
2025-09-01,Revlimid,TER-16,27,182803.77,1,6770.51,9,3,2025,0,0,14.0,24.0,22.0,16.666666666666668,6.429100507328638,17,15,23.06112,4,27,23.06112,0.0,75.60865364074706,3.9388809204101562,3.9388809204101562,XGBoost,4
2025-10-01,Revlimid,TER-16,36,223794.96,2,6630.34,10,4,2025,2,0,27.0,12.0,23.0,17.666666666666668,8.144527815247079,17,15,23.86017,4,36,23.86017,0.0,69.05644798278801,12.139829635620117,12.139829635620117,XGBoost,4
2025-11-01,Revlimid,TER-16,16,108564.32,2,6771.23,11,4,2025,5,0,36.0,14.0,25.0,25.666666666666668,11.060440015358038,17,15,27.021479,4,16,27.021479,0.0,74.14344673156735,-11.021478652954102,11.021478652954102,XGBoost,4
2025-12-01,Revlimid,TER-16,28,183324.4,1,6547.3,12,4,2025,0,0,16.0,27.0,24.0,26.33333333333333,10.016652800877813,17,15,25.15908,4,28,25.15908,0.0,78.63996200561522,2.8409194946289062,2.8409194946289062,XGBoost,4
2025-05-01,Revlimid,TER-17,22,141008.34,1,6409.47,5,2,2025,3,0,23.0,20.0,20.0,22.666666666666668,2.516611478423589,17,16,22.0194,4,22,22.0194,0.0,74.2062385559082,-0.019399642944335938,0.019399642944335938,XGBoost,4
2025-06-01,Revlimid,TER-17,33,222037.44,3,6653.446666666667,6,2,2025,6,0,22.0,25.0,27.0,23.33333333333333,1.527525231651955,17,16,23.24287,4,33,23.24287,0.0,80.84060554504394,9.757129669189453,9.757129669189453,XGBoost,4
2025-07-01,Revlimid,TER-17,11,74258.48000000001,2,6823.27,7,3,2025,1,0,33.0,23.0,26.0,26.0,6.082762530298221,17,16,17.73167,4,11,17.73167,0.0,74.67539978027341,-6.731670379638672,6.731670379638672,XGBoost,4
2025-08-01,Revlimid,TER-17,21,149456.58,1,7116.98,8,3,2025,4,0,11.0,22.0,20.0,22.0,11.000000000000002,17,16,21.010681,4,21,21.010681,0.0,78.05133972167967,-0.01068115234375,0.01068115234375,XGBoost,4
2025-09-01,Revlimid,TER-17,21,138051.27,1,6573.87,9,3,2025,0,0,21.0,33.0,25.0,21.666666666666668,11.015141094572206,17,16,23.66149,4,21,23.66149,0.0,80.56987571716309,-2.661489486694336,2.661489486694336,XGBoost,4
2025-10-01,Revlimid,TER-17,26,182337.32,2,6783.74,10,4,2025,2,0,21.0,11.0,23.0,17.666666666666668,5.77350269189626,17,16,22.621597,4,26,22.621597,0.0,70.37475776672359,3.3784027099609375,3.3784027099609375,XGBoost,4
2025-11-01,Revlimid,TER-17,19,124793.49,4,6682.9400000000005,11,4,2025,5,0,26.0,21.0,22.0,22.666666666666668,2.886751345948131,17,16,23.174839,4,19,23.174839,0.0,67.8300468444824,-4.174839019775391,4.174839019775391,XGBoost,4
2025-12-01,Revlimid,TER-17,16,105550.84,3,6634.816666666667,12,4,2025,0,0,19.0,21.0,33.0,22.0,3.605551275463991,17,16,20.599388,4,16,20.599388,0.0,75.36268920898436,-4.599388122558594,4.599388122558594,XGBoost,4
2025-05-01,Revlimid,TER-18,27,178855.63,2,6613.565,5,2,2025,3,0,22.0,23.0,20.0,21.666666666666668,1.5275252316519452,17,17,21.382986,4,27,21.382986,0.0,71.52898559570308,5.617013931274414,5.617013931274414,XGBoost,4
2025-06-01,Revlimid,TER-18,23,146103.59,1,6352.33,6,2,2025,6,0,27.0,20.0,27.0,23.0,3.6055512754639887,17,17,25.497293,4,23,25.497293,0.0,77.35131683349607,-2.497293472290039,2.497293472290039,XGBoost,4
2025-07-01,Revlimid,TER-18,21,144805.92,1,6895.52,7,3,2025,1,0,23.0,22.0,19.0,24.0,2.64575131106459,17,17,18.436316,4,21,18.436316,0.0,73.20860900878905,2.5636844635009766,2.5636844635009766,XGBoost,4
2025-08-01,Revlimid,TER-18,20,135177.74,2,6816.344999999999,8,3,2025,4,0,21.0,27.0,23.0,23.666666666666668,3.055050463303893,17,17,20.945923,4,20,20.945923,0.0,71.1379146575927,-0.9459228515625,0.9459228515625,XGBoost,4
2025-09-01,Revlimid,TER-18,31,208991.15,1,6741.65,9,3,2025,0,0,20.0,23.0,20.0,21.33333333333333,1.5275252316519468,17,17,22.131142,4,31,22.131142,0.0,67.5578544616699,8.868858337402344,8.868858337402344,XGBoost,4
2025-10-01,Revlimid,TER-18,14,98818.37,3,6996.173333333333,10,4,2025,2,0,31.0,21.0,22.0,24.0,6.082762530298219,17,17,23.120338,4,14,23.120338,0.0,74.41952247619628,-9.120338439941406,9.120338439941406,XGBoost,4
2025-11-01,Revlimid,TER-18,18,121496.01,3,6578.12,11,4,2025,5,0,14.0,20.0,27.0,21.666666666666668,8.621678104251709,17,17,24.437878,4,18,24.437878,0.0,74.57394104003905,-6.437877655029297,6.437877655029297,XGBoost,4
2025-12-01,Revlimid,TER-18,27,179912.88,1,6663.44,12,4,2025,0,0,18.0,31.0,23.0,21.0,8.88819441731559,17,17,23.235191,4,27,23.235191,0.0,79.26406116485589,3.7648086547851562,3.7648086547851562,XGBoost,4
2025-05-01,Revlimid,TER-19,17,118635.32,4,6943.5925,5,2,2025,3,0,24.0,26.0,16.0,28.0,5.291502622129181,17,18,21.552328,4,17,21.552328,0.0,69.76994285583494,-4.552328109741211,4.552328109741211,XGBoost,4
2025-06-01,Revlimid,TER-19,17,110554.94,4,6531.775,6,2,2025,6,0,17.0,34.0,29.0,25.0,8.54400374531753,17,18,25.75599,4,17,25.75599,0.0,75.47005348205565,-8.755989074707031,8.755989074707031,XGBoost,4
2025-07-01,Revlimid,TER-19,13,87801.57,2,6770.415,7,3,2025,1,0,17.0,24.0,17.0,19.33333333333333,4.041451884327381,17,18,17.266726,4,13,17.266726,0.0,74.31884040832517,-4.266725540161133,4.266725540161133,XGBoost,4
2025-08-01,Revlimid,TER-19,18,118772.62,2,6608.764999999999,8,3,2025,4,0,13.0,17.0,26.0,15.666666666666666,2.309401076758502,17,18,20.298489,4,18,20.298489,0.0,74.69138736724854,-2.2984886169433594,2.2984886169433594,XGBoost,4
2025-09-01,Revlimid,TER-19,25,173268.53,2,7049.0,9,3,2025,0,0,18.0,17.0,34.0,16.0,2.6457513110645894,17,18,21.015385,4,25,21.015385,0.0,73.86864242553706,3.9846153259277344,3.9846153259277344,XGBoost,4
2025-10-01,Revlimid,TER-19,24,154117.88,2,6431.43,10,4,2025,2,0,25.0,13.0,24.0,18.666666666666668,6.027713773341707,17,18,23.631851,4,24,23.631851,0.0,75.36635932922363,0.3681488037109375,0.3681488037109375,XGBoost,4
2025-11-01,Revlimid,TER-19,18,116208.54,2,6429.030000000001,11,4,2025,5,0,24.0,18.0,17.0,22.33333333333333,3.78593889720018,17,18,24.35914,4,18,24.35914,0.0,75.59454536437987,-6.359140396118164,6.359140396118164,XGBoost,4
2025-12-01,Revlimid,TER-19,18,116658.0,1,6481.0,12,4,2025,0,0,18.0,25.0,17.0,22.33333333333333,3.78593889720018,17,18,22.555206,4,18,22.555206,0.0,75.40064964294429,-4.555206298828125,4.555206298828125,XGBoost,4
2025-05-01,Revlimid,TER-20,20,139125.2,3,6943.0,5,2,2025,3,0,18.0,22.0,28.0,22.33333333333333,4.50924975282289,17,19,20.551489,4,20,20.551489,0.0,72.20504570007323,-0.5514888763427734,0.5514888763427734,XGBoost,4
2025-06-01,Revlimid,TER-20,21,136429.62,2,6491.435,6,2,2025,6,0,20.0,27.0,24.0,21.666666666666668,4.725815626252605,17,19,23.70842,4,21,23.70842,0.0,76.61439971923824,-2.7084197998046875,2.7084197998046875,XGBoost,4
2025-07-01,Revlimid,TER-20,20,135462.79,3,6742.236666666667,7,3,2025,1,0,21.0,18.0,27.0,19.666666666666668,1.527525231651937,17,19,17.38595,4,20,17.38595,0.0,77.0959445953369,2.6140499114990234,2.6140499114990234,XGBoost,4
2025-08-01,Revlimid,TER-20,12,83933.28,1,6994.44,8,3,2025,4,0,20.0,20.0,22.0,20.33333333333333,0.5773502691895986,17,19,20.179745,4,12,20.179745,0.0,72.00042343139648,-8.179744720458984,8.179744720458984,XGBoost,4
2025-09-01,Revlimid,TER-20,29,190046.59000000003,4,6521.0375,9,3,2025,0,0,12.0,21.0,27.0,17.666666666666668,4.932882862316244,17,19,22.584103,4,29,22.584103,0.0,78.25920486450187,6.415897369384766,6.415897369384766,XGBoost,4
2025-10-01,Revlimid,TER-20,22,148749.95,3,6668.783333333333,10,4,2025,2,0,29.0,20.0,18.0,20.33333333333333,8.504900548115382,17,19,21.458073,4,22,21.458073,0.0,73.2837905883789,0.5419273376464844,0.5419273376464844,XGBoost,4
2025-11-01,Revlimid,TER-20,19,134315.59,3,6983.556666666666,11,4,2025,5,0,22.0,12.0,20.0,21.0,8.54400374531753,17,19,22.673864,4,19,22.673864,0.0,77.7737350463866,-3.6738643646240234,3.6738643646240234,XGBoost,4
2025-12-01,Revlimid,TER-20,23,159251.92,4,6877.1225,12,4,2025,0,0,19.0,29.0,21.0,23.33333333333333,5.131601439446882,17,19,21.082165,4,23,21.082165,0.0,72.5649909973144,1.9178352355957031,1.9178352355957031,XGBoost,4
2025-05-01,Rituxan,TER-01,51,253930.98,3,5080.5233333333335,5,2,2025,3,0,59.0,43.0,42.0,55.0,10.583005244258358,18,0,45.044895,4,51,45.044895,8.904136657714846,97.43787612915037,5.955104827880859,5.955104827880859,XGBoost,4
2025-06-01,Rituxan,TER-01,67,356558.55,2,5315.389999999999,6,2,2025,6,0,51.0,63.0,57.0,57.66666666666666,6.110100926607777,18,0,56.180386,4,67,56.180386,14.392305755615235,104.14190902709953,10.81961441040039,10.81961441040039,XGBoost,4
2025-07-01,Rituxan,TER-01,40,222110.8,1,5552.77,7,3,2025,1,0,67.0,59.0,61.0,59.0,7.999999999999992,18,0,45.486465,4,40,45.486465,2.1923320770263675,97.94726562499997,-5.4864654541015625,5.4864654541015625,XGBoost,4
2025-08-01,Rituxan,TER-01,43,215764.11,1,5017.77,8,3,2025,4,0,40.0,51.0,43.0,52.66666666666666,13.576941236277529,18,0,42.71607,4,43,42.71607,8.322385406494144,93.6237678527832,0.2839317321777344,0.2839317321777344,XGBoost,4
2025-09-01,Rituxan,TER-01,62,304243.78,3,4966.516666666666,9,3,2025,0,0,43.0,67.0,63.0,50.0,14.798648586948737,18,0,50.154045,4,62,50.154045,10.205953979492188,102.58789825439453,11.845954895019531,11.845954895019531,XGBoost,4
2025-10-01,Rituxan,TER-01,33,168164.78,4,5125.5,10,4,2025,2,0,62.0,40.0,59.0,48.333333333333336,11.930353445448846,18,0,49.28821,4,33,49.28821,10.44807052612305,100.9654975891113,-16.288211822509766,16.288211822509766,XGBoost,4
2025-11-01,Rituxan,TER-01,37,189051.13,1,5109.49,11,4,2025,5,0,33.0,43.0,51.0,46.0,14.73091986265623,18,0,50.56345,4,37,50.56345,15.79850196838379,105.0945159912109,-13.56344985961914,13.56344985961914,XGBoost,4
2025-12-01,Rituxan,TER-01,49,242119.78,1,4941.22,12,4,2025,0,0,37.0,62.0,67.0,44.0,15.716233645501706,18,0,53.260906,4,49,53.260906,14.682258224487306,103.81886138916012,-4.260906219482422,4.260906219482422,XGBoost,4
2025-05-01,Rituxan,TER-02,32,168325.44,1,5260.17,5,2,2025,3,0,50.0,37.0,37.0,42.0,7.000000000000001,18,1,40.74639,4,32,40.74639,0.0,97.65477752685547,-8.746391296386719,8.746391296386719,XGBoost,4
2025-06-01,Rituxan,TER-02,35,194727.77,4,5402.69,6,2,2025,6,0,32.0,39.0,31.0,40.333333333333336,9.073771725877467,18,1,36.920773,4,35,36.920773,0.0,88.17129478454588,-1.9207725524902344,1.9207725524902344,XGBoost,4
2025-07-01,Rituxan,TER-02,39,203215.66,4,5206.575,7,3,2025,1,0,35.0,50.0,39.0,39.0,9.643650760992957,18,1,32.892853,4,39,32.892853,0.0,93.75010223388664,6.107147216796875,6.107147216796875,XGBoost,4
2025-08-01,Rituxan,TER-02,39,197115.63,2,4990.085,8,3,2025,4,0,39.0,32.0,37.0,35.333333333333336,3.511884584284249,18,1,36.434875,4,39,36.434875,0.355441284179688,93.30709686279293,2.56512451171875,2.56512451171875,XGBoost,4
2025-09-01,Rituxan,TER-02,33,182710.44,1,5536.68,9,3,2025,0,0,39.0,35.0,39.0,37.66666666666666,2.309401076758507,18,1,39.625034,4,33,39.625034,1.3287666320800786,88.41845130920409,-6.625034332275391,6.625034332275391,XGBoost,4
2025-10-01,Rituxan,TER-02,30,156903.0,1,5230.1,10,4,2025,2,0,33.0,39.0,50.0,37.0,3.464101615137758,18,1,40.15647,4,30,40.15647,0.0,91.36075363159179,-10.156471252441406,10.156471252441406,XGBoost,4
2025-11-01,Rituxan,TER-02,59,295748.09,3,5022.73,11,4,2025,5,0,30.0,39.0,32.0,34.0,4.5825756949558425,18,1,42.31094,4,59,42.31094,4.5501934051513695,97.36020240783691,16.68906021118164,16.68906021118164,XGBoost,4
2025-12-01,Rituxan,TER-02,68,349904.31999999995,4,5121.0875,12,4,2025,0,0,59.0,33.0,35.0,40.66666666666666,15.947831618540915,18,1,42.07983,4,68,42.07983,0.0,91.82896881103512,25.920169830322266,25.920169830322266,XGBoost,4
2025-05-01,Rituxan,TER-03,30,158698.34,4,5119.1925,5,2,2025,3,0,31.0,59.0,48.0,49.333333333333336,15.885003409925142,18,2,40.913593,4,30,40.913593,2.335586166381836,90.7966083526611,-10.913593292236328,10.913593292236328,XGBoost,4
2025-06-01,Rituxan,TER-03,39,205030.51,3,5176.493333333333,6,2,2025,6,0,30.0,58.0,37.0,39.66666666666666,15.885003409925142,18,2,39.684593,4,39,39.684593,3.4252437591552742,88.97137069702147,-0.6845932006835938,0.6845932006835938,XGBoost,4
2025-07-01,Rituxan,TER-03,28,151646.8,3,5385.856666666667,7,3,2025,1,0,39.0,31.0,54.0,33.333333333333336,4.932882862316248,18,2,30.391722,4,28,30.391722,0.0,83.21534500122068,-2.391721725463867,2.391721725463867,XGBoost,4
2025-08-01,Rituxan,TER-03,36,186212.1,4,5160.3475,8,3,2025,4,0,28.0,30.0,59.0,32.333333333333336,5.859465277082315,18,2,30.718964,4,36,30.718964,0.0,83.27537841796872,5.281036376953125,5.281036376953125,XGBoost,4
2025-09-01,Rituxan,TER-03,32,167599.82,2,5144.91,9,3,2025,0,0,36.0,39.0,58.0,34.333333333333336,5.6862407030773285,18,2,36.320503,4,32,36.320503,2.398954010009767,77.54227180480956,-4.320503234863281,4.320503234863281,XGBoost,4
2025-10-01,Rituxan,TER-03,42,224804.7,2,5302.135,10,4,2025,2,0,32.0,28.0,31.0,32.0,3.999999999999998,18,2,37.12516,4,42,37.12516,0.0,86.77847251892088,4.874839782714844,4.874839782714844,XGBoost,4
2025-11-01,Rituxan,TER-03,56,290064.56,3,5233.81,11,4,2025,5,0,42.0,36.0,30.0,36.66666666666666,5.03322295684717,18,2,42.193916,4,56,42.193916,6.015663146972656,95.29946212768547,13.806083679199219,13.806083679199219,XGBoost,4
2025-12-01,Rituxan,TER-03,36,182301.75,4,5275.695,12,4,2025,0,0,56.0,32.0,39.0,43.333333333333336,12.055427546683417,18,2,38.0727,4,36,38.0727,0.8632423400878932,92.13880805969231,-2.0727005004882812,2.0727005004882812,XGBoost,4
2025-05-01,Rituxan,TER-04,32,170746.56,1,5335.83,5,2,2025,3,0,48.0,50.0,41.0,54.0,8.717797887081346,18,3,38.970722,4,32,38.970722,0.0,88.24041271209717,-6.970722198486328,6.970722198486328,XGBoost,4
2025-06-01,Rituxan,TER-04,44,231584.8,3,5272.736666666667,6,2,2025,6,0,32.0,64.0,41.0,48.0,16.0,18,3,41.7022,4,44,41.7022,2.767018508911141,93.5531913757324,2.2977981567382812,2.2977981567382812,XGBoost,4
2025-07-01,Rituxan,TER-04,37,185007.2,4,5158.725,7,3,2025,1,0,44.0,48.0,50.0,41.333333333333336,8.32666399786453,18,3,34.41617,4,37,34.41617,0.0,88.80794906616211,2.583831787109375,2.583831787109375,XGBoost,4
2025-08-01,Rituxan,TER-04,22,110554.08,2,5013.095,8,3,2025,4,0,37.0,32.0,50.0,37.66666666666666,6.027713773341709,18,3,38.022934,4,22,38.022934,0.0,89.74858474731445,-16.022933959960938,16.022933959960938,XGBoost,4
2025-09-01,Rituxan,TER-04,43,237596.07,1,5525.49,9,3,2025,0,0,22.0,44.0,64.0,34.333333333333336,11.239810200058246,18,3,38.908123,4,43,38.908123,0.0,83.71779251098631,4.091876983642578,4.091876983642578,XGBoost,4
2025-10-01,Rituxan,TER-04,32,158670.95,4,4952.4725,10,4,2025,2,0,43.0,37.0,48.0,34.0,10.81665382639197,18,3,38.835026,4,32,38.835026,6.948604965209963,90.59694557189938,-6.835025787353516,6.835025787353516,XGBoost,4
2025-11-01,Rituxan,TER-04,58,325886.34,1,5618.73,11,4,2025,5,0,32.0,22.0,32.0,32.333333333333336,10.50396750439249,18,3,36.751793,4,58,36.751793,1.5879745483398438,91.17361831665035,21.248207092285156,21.248207092285156,XGBoost,4
2025-12-01,Rituxan,TER-04,45,230992.29,2,5022.620000000001,12,4,2025,0,0,58.0,43.0,44.0,44.333333333333336,13.051181300301264,18,3,39.807465,4,45,39.807465,0.0,94.59834365844723,5.192535400390625,5.192535400390625,XGBoost,4
2025-05-01,Rituxan,TER-05,29,156483.45,2,5186.495000000001,5,2,2025,3,0,25.0,46.0,30.0,34.0,10.816653826391972,18,4,32.134876,4,29,32.134876,0.0,84.14482650756831,-3.134876251220703,3.134876251220703,XGBoost,4
2025-06-01,Rituxan,TER-05,36,185871.6,1,5163.1,6,2,2025,6,0,29.0,31.0,27.0,28.33333333333333,3.0550504633039077,18,4,34.66729,4,36,34.66729,0.0,84.75477294921875,1.3327102661132812,1.3327102661132812,XGBoost,4
2025-07-01,Rituxan,TER-05,36,182206.2,3,5045.433333333333,7,3,2025,1,0,36.0,25.0,47.0,30.0,5.5677643628300295,18,4,26.481575,4,36,26.481575,0.0,74.24933929443354,9.518424987792969,9.518424987792969,XGBoost,4
2025-08-01,Rituxan,TER-05,29,160177.15,1,5523.35,8,3,2025,4,0,36.0,29.0,46.0,33.666666666666664,4.041451884327391,18,4,28.239017,4,29,28.239017,0.0,80.13066787719724,0.7609825134277344,0.7609825134277344,XGBoost,4
2025-09-01,Rituxan,TER-05,41,202321.47,1,4934.67,9,3,2025,0,0,29.0,36.0,31.0,33.666666666666664,4.041451884327391,18,4,35.077248,4,41,35.077248,0.0,89.05669212341307,5.922752380371094,5.922752380371094,XGBoost,4
2025-10-01,Rituxan,TER-05,26,139603.5,3,5388.326666666667,10,4,2025,2,0,41.0,36.0,25.0,35.333333333333336,6.0277137733417145,18,4,37.21283,4,26,37.21283,0.0,86.91065979003906,-11.21282958984375,11.21282958984375,XGBoost,4
2025-11-01,Rituxan,TER-05,33,173770.17,4,5254.610000000001,11,4,2025,5,0,26.0,29.0,29.0,32.0,7.937253933193777,18,4,34.57336,4,33,34.57336,0.0,89.00410461425777,-1.5733604431152344,1.5733604431152344,XGBoost,4
2025-12-01,Rituxan,TER-05,31,161444.02000000002,4,5235.875,12,4,2025,0,0,33.0,41.0,36.0,33.333333333333336,7.505553499465139,18,4,34.037308,4,31,34.037308,0.0,87.43193893432614,-3.0373077392578125,3.0373077392578125,XGBoost,4
2025-05-01,Rituxan,TER-06,30,157301.91999999998,3,5080.183333333333,5,2,2025,3,0,36.0,39.0,21.0,42.333333333333336,8.504900548115383,18,5,32.22114,4,30,32.22114,0.0,77.34887924194334,-2.221141815185547,2.221141815185547,XGBoost,4
2025-06-01,Rituxan,TER-06,23,117937.13,4,5160.8425,6,2,2025,6,0,30.0,52.0,27.0,39.333333333333336,11.372481406154654,18,5,35.82563,4,23,35.82563,0.0,90.688765335083,-12.825630187988281,12.825630187988281,XGBoost,4
2025-07-01,Rituxan,TER-06,21,102253.69,2,4970.465,7,3,2025,1,0,23.0,36.0,32.0,29.666666666666668,6.506407098647714,18,5,25.635464,4,21,25.635464,0.0,77.61839866638181,-4.635463714599609,4.635463714599609,XGBoost,4
2025-08-01,Rituxan,TER-06,36,196475.76,1,5457.66,8,3,2025,4,0,21.0,30.0,39.0,24.666666666666668,4.725815626252613,18,5,26.51445,4,36,26.51445,0.0,77.14052429199218,9.485549926757812,9.485549926757812,XGBoost,4
2025-09-01,Rituxan,TER-06,28,139119.82,2,5218.1,9,3,2025,0,0,36.0,23.0,52.0,26.666666666666668,8.14452781524708,18,5,32.61692,4,28,32.61692,0.0,84.34950866699218,-4.616920471191406,4.616920471191406,XGBoost,4
2025-10-01,Rituxan,TER-06,35,191628.88,2,5491.5,10,4,2025,2,0,28.0,21.0,36.0,28.33333333333333,7.505553499465138,18,5,29.667921,4,35,29.667921,0.0,82.47427825927733,5.33207893371582,5.33207893371582,XGBoost,4
2025-11-01,Rituxan,TER-06,29,147950.03,4,5141.8675,11,4,2025,5,0,35.0,36.0,30.0,33.0,4.358898943540678,18,5,34.55235,4,29,34.55235,0.0,85.09604339599608,-5.552349090576172,5.552349090576172,XGBoost,4
2025-12-01,Rituxan,TER-06,39,198409.53,2,5047.285,12,4,2025,0,0,29.0,28.0,23.0,30.666666666666668,3.785938897200188,18,5,32.96312,4,39,32.96312,0.0,83.58919372558593,6.0368804931640625,6.0368804931640625,XGBoost,4
2025-05-01,Rituxan,TER-07,25,133221.53999999998,2,5338.139999999999,5,2,2025,3,0,25.0,26.0,31.0,28.666666666666668,5.507570547286099,18,6,27.172077,4,25,27.172077,0.0,73.43543777465818,-2.172077178955078,2.172077178955078,XGBoost,4
2025-06-01,Rituxan,TER-07,35,194572.35,1,5559.21,6,2,2025,6,0,25.0,35.0,36.0,28.33333333333333,5.773502691896255,18,6,32.813026,4,35,32.813026,0.0,89.74257049560545,2.1869735717773438,2.1869735717773438,XGBoost,4
2025-07-01,Rituxan,TER-07,34,174908.58,1,5144.37,7,3,2025,1,0,35.0,25.0,39.0,28.33333333333333,5.773502691896255,18,6,25.489561,4,34,25.489561,0.0,71.75069541931153,8.510438919067383,8.510438919067383,XGBoost,4
2025-08-01,Rituxan,TER-07,22,122006.94,1,5545.77,8,3,2025,4,0,34.0,25.0,26.0,31.33333333333333,5.507570547286099,18,6,28.428099,4,22,28.428099,0.0,75.14940223693843,-6.428098678588867,6.428098678588867,XGBoost,4
2025-09-01,Rituxan,TER-07,32,177316.48,1,5541.14,9,3,2025,0,0,22.0,35.0,35.0,30.33333333333333,7.2341781380702335,18,6,33.429726,4,32,33.429726,0.0,90.37246322631833,-1.4297256469726562,1.4297256469726562,XGBoost,4
2025-10-01,Rituxan,TER-07,34,180346.0,2,5417.05,10,4,2025,2,0,32.0,34.0,25.0,29.33333333333333,6.429100507328634,18,6,32.926853,4,34,32.926853,0.0,79.47304687499995,1.0731468200683594,1.0731468200683594,XGBoost,4
2025-11-01,Rituxan,TER-07,36,187050.83,4,5288.4875,11,4,2025,5,0,34.0,22.0,25.0,29.33333333333333,6.429100507328634,18,6,33.44268,4,36,33.44268,0.0,84.66162185668944,2.5573196411132812,2.5573196411132812,XGBoost,4
2025-12-01,Rituxan,TER-07,43,217709.38,3,4995.336666666667,12,4,2025,0,0,36.0,32.0,35.0,34.0,1.999999999999995,18,6,33.17878,4,43,33.17878,0.0,91.16754913330078,9.821220397949219,9.821220397949219,XGBoost,4
2025-05-01,Rituxan,TER-08,43,228713.21,3,5240.099999999999,5,2,2025,3,0,28.0,26.0,39.0,32.0,8.717797887081344,18,7,29.745407,4,43,29.745407,0.0,81.72530822753905,13.254592895507812,13.254592895507812,XGBoost,4
2025-06-01,Rituxan,TER-08,37,202292.69,1,5467.37,6,2,2025,6,0,43.0,42.0,28.0,37.66666666666666,8.38649708360608,18,7,38.038227,4,37,38.038227,0.27902374267578167,91.60743484497068,-1.0382270812988281,1.0382270812988281,XGBoost,4
2025-07-01,Rituxan,TER-08,26,135113.94,1,5196.69,7,3,2025,1,0,37.0,28.0,32.0,36.0,7.549834435270746,18,7,28.481436,4,26,28.481436,0.0,83.9174470901489,-2.481435775756836,2.481435775756836,XGBoost,4
2025-08-01,Rituxan,TER-08,33,172926.76,3,5277.753333333333,8,3,2025,4,0,26.0,43.0,26.0,35.333333333333336,8.621678104251705,18,7,29.1901,4,33,29.1901,0.0,83.599543762207,3.8099002838134766,3.8099002838134766,XGBoost,4
2025-09-01,Rituxan,TER-08,35,170951.38999999998,2,5061.225,9,3,2025,0,0,33.0,37.0,42.0,32.0,5.56776436283002,18,7,32.981094,4,35,32.981094,0.0,88.54554672241211,2.0189056396484375,2.0189056396484375,XGBoost,4
2025-10-01,Rituxan,TER-08,43,211511.49,2,4899.705,10,4,2025,2,0,35.0,26.0,28.0,31.33333333333333,4.725815626252606,18,7,34.076138,4,43,34.076138,0.0,88.83943862915038,8.92386245727539,8.92386245727539,XGBoost,4
2025-11-01,Rituxan,TER-08,46,242752.21,4,5280.095,11,4,2025,5,0,43.0,33.0,43.0,37.0,5.29150262212918,18,7,40.222836,4,46,40.222836,1.9673336029052735,89.97398490905756,5.777164459228516,5.777164459228516,XGBoost,4
2025-12-01,Rituxan,TER-08,52,285962.4,4,5321.725,12,4,2025,0,0,46.0,35.0,37.0,41.333333333333336,5.686240703077325,18,7,32.909767,4,52,32.909767,0.0,87.40121440887444,19.090232849121094,19.090232849121094,XGBoost,4
2025-05-01,Rituxan,TER-09,24,124176.46000000002,4,5116.265,5,2,2025,3,0,38.0,43.0,38.0,36.66666666666666,7.094598884597581,18,8,32.44748,4,24,32.44748,0.0,86.40558242797852,-8.447479248046875,8.447479248046875,XGBoost,4
2025-06-01,Rituxan,TER-09,41,192847.6,1,4703.6,6,2,2025,6,0,24.0,29.0,42.0,30.33333333333333,7.0945988845975805,18,8,35.578457,4,41,35.578457,0.0,87.76756935119627,5.421543121337891,5.421543121337891,XGBoost,4
2025-07-01,Rituxan,TER-09,18,87547.64,2,5002.42,7,3,2025,1,0,41.0,38.0,22.0,34.333333333333336,9.07377172587746,18,8,25.81403,4,18,25.81403,0.0,78.83258438110352,-7.814029693603516,7.814029693603516,XGBoost,4
2025-08-01,Rituxan,TER-09,25,121906.29,4,5009.745,8,3,2025,4,0,18.0,24.0,43.0,27.666666666666668,11.930353445448851,18,8,27.81759,4,25,27.81759,0.0,77.84256896972656,-2.8175907135009766,2.8175907135009766,XGBoost,4
2025-09-01,Rituxan,TER-09,23,121837.68,3,5276.406666666667,9,3,2025,0,0,25.0,41.0,29.0,28.0,11.789826122551592,18,8,30.150434,4,23,30.150434,0.0,84.14039306640625,-7.150434494018555,7.150434494018555,XGBoost,4
2025-10-01,Rituxan,TER-09,44,253168.96,1,5753.84,10,4,2025,2,0,23.0,18.0,38.0,22.0,3.6055512754639776,18,8,27.774824,4,44,27.774824,0.0,78.34861869812009,16.225175857543945,16.225175857543945,XGBoost,4
2025-11-01,Rituxan,TER-09,33,174269.54,3,5188.12,11,4,2025,5,0,44.0,25.0,24.0,30.666666666666668,11.590225767142469,18,8,35.3677,4,33,35.3677,0.0,82.32759475708002,-2.3676986694335938,2.3676986694335938,XGBoost,4
2025-12-01,Rituxan,TER-09,33,173860.82,3,5192.123333333333,12,4,2025,0,0,33.0,23.0,41.0,33.333333333333336,10.50396750439248,18,8,31.46759,4,33,31.46759,0.0,78.43090667724603,1.53240966796875,1.53240966796875,XGBoost,4
2025-05-01,Rituxan,TER-10,43,232234.4,1,5400.8,5,2,2025,3,0,33.0,50.0,31.0,40.0,8.888194417315598,18,9,31.995567,4,43,31.995567,0.0,86.05338191986083,11.004432678222656,11.004432678222656,XGBoost,4
2025-06-01,Rituxan,TER-10,40,205227.15,3,5181.893333333333,6,2,2025,6,0,43.0,37.0,27.0,37.66666666666666,5.033222956847184,18,9,36.43389,4,40,36.43389,0.6447536468505879,91.73551635742186,3.5661087036132812,3.5661087036132812,XGBoost,4
2025-07-01,Rituxan,TER-10,33,178727.86000000002,2,5326.645,7,3,2025,1,0,40.0,33.0,48.0,38.66666666666666,5.131601439446902,18,9,26.919949,4,33,26.919949,0.0,82.50302028656004,6.080051422119141,6.080051422119141,XGBoost,4
2025-08-01,Rituxan,TER-10,19,89368.95000000001,2,4713.37,8,3,2025,4,0,33.0,43.0,50.0,38.66666666666666,5.131601439446902,18,9,32.141273,4,19,32.141273,0.0,82.33326530456536,-13.141273498535156,13.141273498535156,XGBoost,4
2025-09-01,Rituxan,TER-10,44,211158.77,4,4843.3075,9,3,2025,0,0,19.0,40.0,37.0,30.666666666666668,10.692676621563637,18,9,33.017883,4,44,33.017883,0.0,87.07507324218749,10.98211669921875,10.98211669921875,XGBoost,4
2025-10-01,Rituxan,TER-10,48,240558.88,3,5050.183333333333,10,4,2025,2,0,44.0,33.0,33.0,32.0,12.529964086141677,18,9,35.3481,4,48,35.3481,0.0,85.04592895507812,12.651901245117188,12.651901245117188,XGBoost,4
2025-11-01,Rituxan,TER-10,41,212365.49,2,5004.004999999999,11,4,2025,5,0,48.0,19.0,43.0,37.0,15.716233645501717,18,9,39.850536,4,41,39.850536,0.0,95.25895309448242,1.1494636535644531,1.1494636535644531,XGBoost,4
2025-12-01,Rituxan,TER-10,49,259946.81,2,5177.594999999999,12,4,2025,0,0,41.0,44.0,40.0,44.333333333333336,3.5118845842842714,18,9,32.28253,4,49,32.28253,0.0,82.418595123291,16.71746826171875,16.71746826171875,XGBoost,4
2025-05-01,Rituxan,TER-11,29,145190.3,3,5071.3,5,2,2025,3,0,21.0,25.0,23.0,31.0,14.000000000000002,18,10,29.88053,4,29,29.88053,0.0,87.47826461791992,-0.8805294036865234,0.8805294036865234,XGBoost,4
2025-06-01,Rituxan,TER-11,34,180669.45,4,5294.695,6,2,2025,6,0,29.0,47.0,39.0,32.333333333333336,13.316656236958789,18,10,35.41869,4,34,35.41869,0.0,80.54610366821288,-1.4186897277832031,1.4186897277832031,XGBoost,4
2025-07-01,Rituxan,TER-11,23,128260.61000000002,3,5496.56,7,3,2025,1,0,34.0,21.0,35.0,28.0,6.557438524302008,18,10,24.742666,4,23,24.742666,0.0,77.58813133239741,-1.742666244506836,1.742666244506836,XGBoost,4
2025-08-01,Rituxan,TER-11,25,122177.47,3,4874.516666666666,8,3,2025,4,0,23.0,29.0,25.0,28.666666666666668,5.50757054728611,18,10,28.170576,4,25,28.170576,0.0,81.62994995117187,-3.1705760955810547,3.1705760955810547,XGBoost,4
2025-09-01,Rituxan,TER-11,28,155887.48,1,5567.41,9,3,2025,0,0,25.0,34.0,47.0,27.33333333333333,5.859465277082324,18,10,28.428547,4,28,28.428547,0.0,85.8251350402832,-0.4285469055175781,0.4285469055175781,XGBoost,4
2025-10-01,Rituxan,TER-11,50,281868.36,3,5417.386666666666,10,4,2025,2,0,28.0,23.0,21.0,25.33333333333333,2.51661147842361,18,10,30.816135,4,50,30.816135,0.0,86.29263610839837,19.18386459350586,19.18386459350586,XGBoost,4
2025-11-01,Rituxan,TER-11,48,253308.27,3,5168.923333333333,11,4,2025,5,0,50.0,25.0,29.0,34.333333333333336,13.650396819628847,18,10,37.55775,4,48,37.55775,0.0,87.68947830200193,10.442249298095703,10.442249298095703,XGBoost,4
2025-12-01,Rituxan,TER-11,35,177010.53,4,5118.8825,12,4,2025,0,0,48.0,28.0,34.0,42.0,12.16552506059644,18,10,31.280207,4,35,31.280207,0.0,81.87624778747553,3.7197933197021484,3.7197933197021484,XGBoost,4
2025-05-01,Rituxan,TER-12,30,155967.39,3,5290.566666666667,5,2,2025,3,0,28.0,43.0,19.0,40.0,10.816653826391963,18,11,29.901178,4,30,29.901178,0.0,79.55695457458494,0.09882164001464844,0.09882164001464844,XGBoost,4
2025-06-01,Rituxan,TER-12,37,189449.91,4,5091.445,6,2,2025,6,0,30.0,49.0,25.0,35.666666666666664,11.59022576714247,18,11,33.433475,4,37,33.433475,0.0,90.21048583984374,3.5665245056152344,3.5665245056152344,XGBoost,4
2025-07-01,Rituxan,TER-12,27,135990.54,2,5076.1900000000005,7,3,2025,1,0,37.0,28.0,44.0,31.666666666666668,4.725815626252598,18,11,25.105322,4,27,25.105322,0.0,74.39659690856932,1.8946781158447266,1.8946781158447266,XGBoost,4
2025-08-01,Rituxan,TER-12,33,164099.09,3,5009.79,8,3,2025,4,0,27.0,30.0,43.0,31.33333333333333,5.131601439446875,18,11,27.918848,4,33,27.918848,0.0,74.75130577087398,5.081151962280273,5.081151962280273,XGBoost,4
2025-09-01,Rituxan,TER-12,29,143740.31,4,5110.9075,9,3,2025,0,0,33.0,37.0,49.0,32.333333333333336,5.033222956847157,18,11,29.57548,4,29,29.57548,0.0,81.44185829162598,-0.5754795074462891,0.5754795074462891,XGBoost,4
2025-10-01,Rituxan,TER-12,44,242499.4,1,5511.35,10,4,2025,2,0,29.0,27.0,28.0,29.666666666666668,3.055050463303881,18,11,30.257484,4,44,30.257484,0.0,83.82669219970701,13.742515563964844,13.742515563964844,XGBoost,4
2025-11-01,Rituxan,TER-12,30,154871.7,1,5162.39,11,4,2025,5,0,44.0,33.0,30.0,35.333333333333336,7.767453465154023,18,11,35.850586,4,30,35.850586,0.0,87.82070808410644,-5.8505859375,5.8505859375,XGBoost,4
2025-12-01,Rituxan,TER-12,30,152186.5,3,5079.65,12,4,2025,0,0,30.0,29.0,37.0,34.333333333333336,8.386497083606077,18,11,30.444736,4,30,30.444736,0.0,82.17323417663573,-0.4447364807128906,0.4447364807128906,XGBoost,4
2025-05-01,Rituxan,TER-13,24,129165.12,1,5381.88,5,2,2025,3,0,35.0,29.0,23.0,31.0,3.464101615137759,18,12,26.44576,4,24,26.44576,0.0,74.69023952484126,-2.445760726928711,2.445760726928711,XGBoost,4
2025-06-01,Rituxan,TER-13,25,125053.69,3,5013.349999999999,6,2,2025,6,0,24.0,29.0,32.0,29.33333333333333,5.507570547286104,18,12,29.46541,4,25,29.46541,0.0,84.88156700134277,-4.465410232543945,4.465410232543945,XGBoost,4
2025-07-01,Rituxan,TER-13,29,138912.32,1,4790.08,7,3,2025,1,0,25.0,35.0,38.0,28.0,6.082762530298222,18,12,24.847378,4,29,24.847378,0.0,80.47093887329096,4.152622222900391,4.152622222900391,XGBoost,4
2025-08-01,Rituxan,TER-13,17,89476.05,2,5277.75,8,3,2025,4,0,29.0,24.0,29.0,26.0,2.645751311064596,18,12,24.801838,4,17,24.801838,0.0,70.92029724121093,-7.801837921142578,7.801837921142578,XGBoost,4
2025-09-01,Rituxan,TER-13,32,168178.24,1,5255.57,9,3,2025,0,0,17.0,25.0,29.0,23.666666666666668,6.11010092660779,18,12,27.699333,4,32,27.699333,0.0,79.39468688964838,4.300666809082031,4.300666809082031,XGBoost,4
2025-10-01,Rituxan,TER-13,38,192345.78,4,5125.54,10,4,2025,2,0,32.0,29.0,35.0,26.0,7.937253933193775,18,12,27.852245,4,38,27.852245,0.0,76.64566230773924,10.147754669189453,10.147754669189453,XGBoost,4
2025-11-01,Rituxan,TER-13,29,147576.7,2,5092.025,11,4,2025,5,0,38.0,17.0,24.0,29.0,10.81665382639197,18,12,31.925938,4,29,31.925938,0.17731246948242216,86.34097232818601,-2.9259376525878906,2.9259376525878906,XGBoost,4
2025-12-01,Rituxan,TER-13,36,190749.54,4,5356.4725,12,4,2025,0,0,29.0,32.0,25.0,33.0,4.582575694955844,18,12,29.758644,4,36,29.758644,0.0,76.85467948913573,6.241355895996094,6.241355895996094,XGBoost,4
2025-05-01,Rituxan,TER-14,21,107791.74,1,5132.94,5,2,2025,3,0,22.0,29.0,33.0,31.666666666666668,11.239810200058244,18,13,27.866009,4,21,27.866009,0.0,79.15030250549316,-6.866008758544922,6.866008758544922,XGBoost,4
2025-06-01,Rituxan,TER-14,37,196828.37,3,5283.73,6,2,2025,6,0,21.0,44.0,24.0,29.0,13.000000000000002,18,13,29.401535,4,37,29.401535,0.0,79.95949020385738,7.5984649658203125,7.5984649658203125,XGBoost,4
2025-07-01,Rituxan,TER-14,19,97575.81,3,5112.123333333333,7,3,2025,1,0,37.0,22.0,37.0,26.666666666666668,8.962886439832502,18,13,22.88577,4,19,22.88577,0.0,72.1542797088623,-3.885770797729492,3.885770797729492,XGBoost,4
2025-08-01,Rituxan,TER-14,28,146155.55,4,5220.195,8,3,2025,4,0,19.0,21.0,29.0,25.666666666666668,9.865765724632496,18,13,24.278984,4,28,24.278984,0.0,81.18737030029297,3.7210159301757812,3.7210159301757812,XGBoost,4
2025-09-01,Rituxan,TER-14,24,130037.4,4,5347.0625,9,3,2025,0,0,28.0,37.0,44.0,28.0,9.000000000000002,18,13,27.678919,4,24,27.678919,0.0,79.66187553405751,-3.6789188385009766,3.6789188385009766,XGBoost,4
2025-10-01,Rituxan,TER-14,21,104436.36,1,4973.16,10,4,2025,2,0,24.0,19.0,22.0,23.666666666666668,4.509249752822897,18,13,27.077108,4,21,27.077108,0.0,78.7187343597412,-6.077108383178711,6.077108383178711,XGBoost,4
2025-11-01,Rituxan,TER-14,31,162957.14,4,5227.1625,11,4,2025,5,0,21.0,28.0,21.0,24.33333333333333,3.511884584284249,18,13,28.513277,4,31,28.513277,0.0,79.74429130554199,2.486722946166992,2.486722946166992,XGBoost,4
2025-12-01,Rituxan,TER-14,39,210630.88,4,5182.02,12,4,2025,0,0,31.0,24.0,37.0,25.33333333333333,5.131601439446887,18,13,26.729605,4,39,26.729605,0.0,89.24397315979002,12.270395278930664,12.270395278930664,XGBoost,4
2025-05-01,Rituxan,TER-15,21,100210.59,2,4843.08,5,2,2025,3,0,31.0,26.0,20.0,28.666666666666668,2.51661147842359,18,14,26.680363,4,21,26.680363,0.0,84.46559600830078,-5.680362701416016,5.680362701416016,XGBoost,4
2025-06-01,Rituxan,TER-15,27,138385.16999999998,4,5148.3,6,2,2025,6,0,21.0,29.0,25.0,27.0,5.291502622129184,18,14,27.925163,4,27,27.925163,0.0,81.7254409790039,-0.9251632690429688,0.9251632690429688,XGBoost,4
2025-07-01,Rituxan,TER-15,20,98199.8,1,4909.99,7,3,2025,1,0,27.0,31.0,34.0,26.33333333333333,5.03322295684717,18,14,21.657259,4,20,21.657259,0.0,76.61430206298827,-1.6572589874267578,1.6572589874267578,XGBoost,4
2025-08-01,Rituxan,TER-15,18,99057.01,2,5484.264999999999,8,3,2025,4,0,20.0,21.0,26.0,22.666666666666668,3.7859388972001855,18,14,22.500336,4,18,22.500336,0.0,68.73710098266602,-4.500335693359375,4.500335693359375,XGBoost,4
2025-09-01,Rituxan,TER-15,30,149945.6,2,5072.84,9,3,2025,0,0,18.0,27.0,29.0,21.666666666666668,4.725815626252611,18,14,25.077011,4,30,25.077011,0.0,76.93110275268552,4.9229888916015625,4.9229888916015625,XGBoost,4
2025-10-01,Rituxan,TER-15,26,129414.92,2,5140.525,10,4,2025,2,0,30.0,20.0,31.0,22.666666666666668,6.429100507328639,18,14,25.586052,4,26,25.586052,0.0,78.51964225769031,0.41394805908203125,0.41394805908203125,XGBoost,4
2025-11-01,Rituxan,TER-15,33,176990.55,1,5363.35,11,4,2025,5,0,26.0,18.0,21.0,24.666666666666668,6.110100926607789,18,14,27.464937,4,33,27.464937,0.0,76.73462772369385,5.535062789916992,5.535062789916992,XGBoost,4
2025-12-01,Rituxan,TER-15,20,112641.76,3,5275.246666666667,12,4,2025,0,0,33.0,30.0,27.0,29.666666666666668,3.511884584284248,18,14,28.434124,4,20,28.434124,0.0,85.57542037963867,-8.434123992919922,8.434123992919922,XGBoost,4
2025-05-01,Rituxan,TER-16,25,124798.25,1,4991.93,5,2,2025,3,0,35.0,31.0,27.0,33.333333333333336,2.081665999466135,18,15,27.847939,4,25,27.847939,0.0,78.39266891479492,-2.8479385375976562,2.8479385375976562,XGBoost,4
2025-06-01,Rituxan,TER-16,31,139178.84,1,4489.64,6,2,2025,6,0,25.0,34.0,40.0,31.33333333333333,5.507570547286108,18,15,34.277966,4,31,34.277966,0.0,91.41926193237305,-3.277965545654297,3.277965545654297,XGBoost,4
2025-07-01,Rituxan,TER-16,28,146794.16,2,5208.889999999999,7,3,2025,1,0,31.0,35.0,35.0,30.33333333333333,5.033222956847176,18,15,23.73553,4,28,23.73553,0.0,77.32649936676022,4.264469146728516,4.264469146728516,XGBoost,4
2025-08-01,Rituxan,TER-16,27,143828.6,4,5437.7425,8,3,2025,4,0,28.0,25.0,31.0,28.0,3.000000000000026,18,15,23.891308,4,27,23.891308,0.0,79.13026809692381,3.108692169189453,3.108692169189453,XGBoost,4
2025-09-01,Rituxan,TER-16,22,107917.7,1,4905.35,9,3,2025,0,0,27.0,31.0,34.0,28.666666666666668,2.081665999466166,18,15,28.135914,4,22,28.135914,0.0,79.58588829040525,-6.135913848876953,6.135913848876953,XGBoost,4
2025-10-01,Rituxan,TER-16,25,113201.5,1,4528.06,10,4,2025,2,0,22.0,28.0,35.0,25.666666666666668,3.214550253664352,18,15,28.871353,4,25,28.871353,0.0,78.95759582519531,-3.8713531494140625,3.8713531494140625,XGBoost,4
2025-11-01,Rituxan,TER-16,21,105575.33,2,5020.42,11,4,2025,5,0,25.0,27.0,25.0,24.666666666666668,2.5166114784236315,18,15,29.075586,4,21,29.075586,0.0,81.93312835693358,-8.075586318969727,8.075586318969727,XGBoost,4
2025-12-01,Rituxan,TER-16,44,237388.36,1,5395.19,12,4,2025,0,0,21.0,22.0,31.0,22.666666666666668,2.081665999466204,18,15,25.457834,4,44,25.457834,0.0,73.17879142761228,18.542165756225586,18.542165756225586,XGBoost,4
2025-05-01,Rituxan,TER-17,32,181611.52,1,5675.36,5,2,2025,3,0,18.0,35.0,35.0,28.33333333333333,9.073771725877467,18,16,24.753563,4,32,24.753563,0.0,77.78938369750975,7.246437072753906,7.246437072753906,XGBoost,4
2025-06-01,Rituxan,TER-17,22,111852.26,2,5111.75,6,2,2025,6,0,32.0,32.0,36.0,27.33333333333333,8.082903768654761,18,16,27.96541,4,22,27.96541,0.0,76.67376708984371,-5.965410232543945,5.965410232543945,XGBoost,4
2025-07-01,Rituxan,TER-17,27,131202.26,3,4806.546666666666,7,3,2025,1,0,22.0,18.0,22.0,24.0,7.211102550927979,18,16,21.675365,4,27,21.675365,0.0,72.87234306335449,5.324634552001953,5.324634552001953,XGBoost,4
2025-08-01,Rituxan,TER-17,17,89800.85,2,5265.04,8,3,2025,4,0,27.0,32.0,35.0,27.0,5.000000000000001,18,16,24.481615,4,17,24.481615,0.0,79.4793014526367,-7.48161506652832,7.48161506652832,XGBoost,4
2025-09-01,Rituxan,TER-17,37,200100.18,4,5275.2575,9,3,2025,0,0,17.0,22.0,32.0,22.0,5.000000000000001,18,16,23.435951,4,37,23.435951,0.0,80.83486137390136,13.564048767089844,13.564048767089844,XGBoost,4
2025-10-01,Rituxan,TER-17,28,145686.16,4,5210.2525,10,4,2025,2,0,37.0,27.0,18.0,27.0,10.0,18,16,27.802807,4,28,27.802807,0.0,77.91529998779295,0.19719314575195312,0.19719314575195312,XGBoost,4
2025-11-01,Rituxan,TER-17,38,199116.82,2,5256.405,11,4,2025,5,0,28.0,17.0,32.0,27.33333333333333,10.016652800877813,18,16,27.876383,4,38,27.876383,0.0,70.16311569213866,10.123617172241211,10.123617172241211,XGBoost,4
2025-12-01,Rituxan,TER-17,30,160170.40000000002,3,5205.443333333334,12,4,2025,0,0,38.0,37.0,22.0,34.333333333333336,5.507570547286101,18,16,28.57952,4,30,28.57952,0.0,72.99085617065428,1.420480728149414,1.420480728149414,XGBoost,4
2025-05-01,Rituxan,TER-18,37,193824.13,1,5238.49,5,2,2025,3,0,35.0,23.0,29.0,26.0,7.937253933193771,18,17,25.72884,4,37,25.72884,0.0,65.50862712860106,11.271160125732422,11.271160125732422,XGBoost,4
2025-06-01,Rituxan,TER-18,27,140486.23,2,5212.655000000001,6,2,2025,6,0,37.0,20.0,23.0,30.666666666666668,9.291573243177568,18,17,32.075943,4,27,32.075943,0.0,86.54753570556636,-5.0759429931640625,5.0759429931640625,XGBoost,4
2025-07-01,Rituxan,TER-18,14,70702.06,2,5061.0650000000005,7,3,2025,1,0,27.0,35.0,28.0,33.0,5.291502622129179,18,17,23.391268,4,14,23.391268,0.0,76.2465217590332,-9.391267776489258,9.391267776489258,XGBoost,4
2025-08-01,Rituxan,TER-18,30,150700.28,2,5010.59,8,3,2025,4,0,14.0,37.0,23.0,26.0,11.532562594670797,18,17,25.854029,4,30,25.854029,0.0,81.46056919097899,4.145971298217773,4.145971298217773,XGBoost,4
2025-09-01,Rituxan,TER-18,35,193616.5,1,5531.9,9,3,2025,0,0,30.0,27.0,20.0,23.666666666666668,8.50490054811538,18,17,26.113375,4,35,26.113375,0.0,73.37937355041504,8.886625289916992,8.886625289916992,XGBoost,4
2025-10-01,Rituxan,TER-18,28,148720.64,4,5243.6975,10,4,2025,2,0,35.0,14.0,35.0,26.33333333333333,10.969655114602888,18,17,25.416565,4,28,25.416565,0.0,85.46215705871575,2.58343505859375,2.58343505859375,XGBoost,4
2025-11-01,Rituxan,TER-18,25,131884.65,4,5252.9175,11,4,2025,5,0,28.0,30.0,37.0,31.0,3.6055512754639873,18,17,31.124107,4,25,31.124107,0.0,84.18956260681148,-6.124107360839844,6.124107360839844,XGBoost,4
2025-12-01,Rituxan,TER-18,23,127672.98,2,5517.365,12,4,2025,0,0,25.0,35.0,27.0,29.33333333333333,5.131601439446882,18,17,28.709229,4,23,28.709229,0.0,83.6635570526123,-5.709228515625,5.709228515625,XGBoost,4
2025-05-01,Rituxan,TER-19,24,117290.26,3,5016.173333333333,5,2,2025,3,0,24.0,24.0,31.0,30.666666666666668,11.547005383792516,18,18,25.558441,4,24,25.558441,0.0,78.04203758239741,-1.558441162109375,1.558441162109375,XGBoost,4
2025-06-01,Rituxan,TER-19,25,125309.68,4,5125.1875,6,2,2025,6,0,24.0,44.0,21.0,30.666666666666668,11.547005383792516,18,18,29.536741,4,25,29.536741,0.0,83.52669982910156,-4.536741256713867,4.536741256713867,XGBoost,4
2025-07-01,Rituxan,TER-19,25,130528.6,4,5213.9725,7,3,2025,1,0,25.0,24.0,28.0,24.33333333333333,0.5773502691896755,18,18,20.214817,4,25,20.214817,0.0,75.17186012268066,4.785182952880859,4.785182952880859,XGBoost,4
2025-08-01,Rituxan,TER-19,20,106864.8,1,5343.24,8,3,2025,4,0,25.0,24.0,24.0,24.666666666666668,0.5773502691896755,18,18,23.291912,4,20,23.291912,0.0,78.58579711914062,-3.291912078857422,3.291912078857422,XGBoost,4
2025-09-01,Rituxan,TER-19,26,132423.97,2,5144.174999999999,9,3,2025,0,0,20.0,25.0,44.0,23.33333333333333,2.886751345948138,18,18,26.619753,4,26,26.619753,0.0,78.26183700561523,-0.6197528839111328,0.6197528839111328,XGBoost,4
2025-10-01,Rituxan,TER-19,35,187186.51,4,5342.8,10,4,2025,2,0,26.0,25.0,24.0,23.666666666666668,3.214550253664326,18,18,24.181793,4,35,24.181793,0.0,82.17056274414062,10.818206787109375,10.818206787109375,XGBoost,4
2025-11-01,Rituxan,TER-19,35,183416.1,1,5240.46,11,4,2025,5,0,35.0,20.0,24.0,27.0,7.549834435270753,18,18,28.483374,4,35,28.483374,0.0,78.5786380767822,6.516626358032227,6.516626358032227,XGBoost,4
2025-12-01,Rituxan,TER-19,19,99856.68,4,5112.3075,12,4,2025,0,0,35.0,26.0,25.0,32.0,5.1961524227066365,18,18,27.054317,4,19,27.054317,0.0,78.71872215270993,-8.054317474365234,8.054317474365234,XGBoost,4
2025-05-01,Rituxan,TER-20,34,180658.2,3,5295.913333333333,5,2,2025,3,0,32.0,22.0,31.0,28.33333333333333,5.507570547286104,18,19,24.491686,4,34,24.491686,0.0,76.97074279785151,9.50831413269043,9.50831413269043,XGBoost,4
2025-06-01,Rituxan,TER-20,25,128934.5,1,5157.38,6,2,2025,6,0,34.0,31.0,23.0,32.333333333333336,1.5275252316519528,18,19,28.909311,4,25,28.909311,0.0,87.91276359558101,-3.909311294555664,3.909311294555664,XGBoost,4
2025-07-01,Rituxan,TER-20,14,72313.15,2,5205.995,7,3,2025,1,0,25.0,32.0,33.0,30.33333333333333,4.72581562625261,18,19,22.058153,4,14,22.058153,0.0,68.79037055969233,-8.05815315246582,8.05815315246582,XGBoost,4
2025-08-01,Rituxan,TER-20,14,70966.6,2,5030.24,8,3,2025,4,0,14.0,34.0,22.0,24.33333333333333,10.016652800877813,18,19,25.435421,4,14,25.435421,0.0,76.62795639038086,-11.435420989990234,11.435420989990234,XGBoost,4
2025-09-01,Rituxan,TER-20,27,139132.22,4,5192.05,9,3,2025,0,0,14.0,25.0,31.0,17.666666666666668,6.350852961085884,18,19,23.416964,4,27,23.416964,0.0,73.13233795166015,3.583036422729492,3.583036422729492,XGBoost,4
2025-10-01,Rituxan,TER-20,28,152708.26,4,5436.525,10,4,2025,2,0,27.0,14.0,32.0,18.33333333333333,7.505553499465134,18,19,23.86776,4,28,23.86776,0.0,75.11201095581052,4.132240295410156,4.132240295410156,XGBoost,4
2025-11-01,Rituxan,TER-20,29,144911.31,3,5272.296666666666,11,4,2025,5,0,28.0,14.0,34.0,23.0,7.810249675906651,18,19,27.56549,4,29,27.56549,0.0,81.6052726745605,1.43450927734375,1.43450927734375,XGBoost,4
2025-12-01,Rituxan,TER-20,39,221312.56,4,5334.0075,12,4,2025,0,0,29.0,27.0,25.0,28.0,0.9999999999999436,18,19,25.996881,4,39,25.996881,0.0,77.82724418640136,13.003118515014648,13.003118515014648,XGBoost,4
2025-05-01,Tecfidera,TER-01,85,150003.75,1,1764.75,5,2,2025,3,0,55.0,95.0,105.0,90.33333333333331,33.24655370611116,19,0,71.097046,4,85,71.097046,31.11787948608399,118.7837203979492,13.9029541015625,13.9029541015625,XGBoost,4
2025-06-01,Tecfidera,TER-01,90,167777.45,2,1821.985,6,2,2025,6,0,85.0,121.0,91.0,87.0,33.045423283716616,19,0,83.89502,4,90,83.89502,35.30840835571289,130.00730895996094,6.10498046875,6.10498046875,XGBoost,4
2025-07-01,Tecfidera,TER-01,46,83363.15,4,1836.425,7,3,2025,1,0,90.0,55.0,106.0,76.66666666666667,18.92969448600092,19,0,71.364494,4,46,71.364494,25.156515884399415,123.0386779785156,-25.36449432373047,25.36449432373047,XGBoost,4
2025-08-01,Tecfidera,TER-01,73,126035.79,2,1789.405,8,3,2025,4,0,46.0,85.0,95.0,73.66666666666667,24.09010862020621,19,0,68.367485,4,73,68.367485,30.02449607849121,119.66666908264159,4.632514953613281,4.632514953613281,XGBoost,4
2025-09-01,Tecfidera,TER-01,61,108205.57,4,1812.465,9,3,2025,0,0,73.0,90.0,121.0,69.66666666666667,22.188585654190163,19,0,69.57767,4,61,69.57767,26.93716812133789,123.53535346984863,-8.577667236328125,8.577667236328125,XGBoost,4
2025-10-01,Tecfidera,TER-01,106,190740.6,4,1824.05,10,4,2025,2,0,61.0,46.0,55.0,60.0,13.527749258468695,19,0,84.03849,4,106,84.03849,49.485723876953124,136.225329208374,21.961509704589844,21.961509704589844,XGBoost,4
2025-11-01,Tecfidera,TER-01,99,174272.22,3,1727.8733333333332,11,4,2025,5,0,106.0,73.0,85.0,80.0,23.30236039546208,19,0,85.192924,4,99,85.192924,40.343413543701175,143.67023162841795,13.807075500488281,13.807075500488281,XGBoost,4
2025-12-01,Tecfidera,TER-01,107,190207.3,3,1782.59,12,4,2025,0,0,99.0,61.0,90.0,88.66666666666667,24.21432083155199,19,0,79.141655,4,107,79.141655,38.79583435058594,127.93507194519042,27.85834503173828,27.85834503173828,XGBoost,4
2025-05-01,Tecfidera,TER-02,80,133686.11,3,1687.96,5,2,2025,3,0,108.0,85.0,86.0,100.0,13.00000000000004,19,1,91.589035,4,80,91.589035,51.37728271484375,145.58864879608151,-11.589035034179688,11.589035034179688,XGBoost,4
2025-06-01,Tecfidera,TER-02,102,171380.4,1,1680.2,6,2,2025,6,0,80.0,107.0,78.0,98.33333333333331,15.885003409925169,19,1,84.327385,4,102,84.327385,48.06715393066406,135.97400436401367,17.67261505126953,17.67261505126953,XGBoost,4
2025-07-01,Tecfidera,TER-02,63,113556.49,4,1813.51,7,3,2025,1,0,102.0,108.0,85.0,96.66666666666669,14.742229591664016,19,1,72.55411,4,63,72.55411,33.710857772827154,126.56196594238277,-9.554107666015625,9.554107666015625,XGBoost,4
2025-08-01,Tecfidera,TER-02,73,124859.34,3,1828.99,8,3,2025,4,0,63.0,80.0,85.0,81.66666666666667,19.55334583474995,19,1,74.04193,4,73,74.04193,33.57813606262207,130.9560218811035,-1.04193115234375,1.04193115234375,XGBoost,4
2025-09-01,Tecfidera,TER-02,87,149757.45,1,1721.35,9,3,2025,0,0,73.0,102.0,107.0,79.33333333333333,20.25668613898466,19,1,68.3846,4,87,68.3846,21.336013793945312,122.42483520507812,18.615402221679688,18.615402221679688,XGBoost,4
2025-10-01,Tecfidera,TER-02,59,105612.38,3,1817.2866666666669,10,4,2025,2,0,87.0,63.0,108.0,74.33333333333333,12.055427546683395,19,1,71.70605,4,59,71.70605,34.64116172790528,125.70566082000731,-12.706047058105469,12.706047058105469,XGBoost,4
2025-11-01,Tecfidera,TER-02,66,124740.66,1,1890.01,11,4,2025,5,0,59.0,73.0,80.0,73.0,13.999999999999982,19,1,75.60154,4,66,75.60154,34.31542968750001,129.5809299468994,-9.601539611816406,9.601539611816406,XGBoost,4
2025-12-01,Tecfidera,TER-02,103,191314.26,1,1857.42,12,4,2025,0,0,66.0,87.0,102.0,70.66666666666667,14.571661996262906,19,1,71.07621,4,103,71.07621,30.758609008789065,121.09872436523438,31.923789978027344,31.923789978027344,XGBoost,4
2025-05-01,Tecfidera,TER-03,94,181928.0,2,1883.6,5,2,2025,3,0,84.0,79.0,63.0,79.66666666666667,4.041451884327389,19,2,66.033676,4,94,66.033676,26.09513626098633,121.45657882690418,27.966323852539062,27.966323852539062,XGBoost,4
2025-06-01,Tecfidera,TER-03,53,95192.51,4,1795.5425,6,2,2025,6,0,94.0,76.0,83.0,84.66666666666667,9.01849950564579,19,2,70.08293,4,53,70.08293,37.47649574279785,122.56782531738277,-17.082931518554688,17.082931518554688,XGBoost,4
2025-07-01,Tecfidera,TER-03,47,88604.91,3,1914.8766666666668,7,3,2025,1,0,53.0,84.0,74.0,77.0,21.37755832643195,19,2,60.9116,4,47,60.9116,20.803065490722663,113.9257659912109,-13.911598205566406,13.911598205566406,XGBoost,4
2025-08-01,Tecfidera,TER-03,87,161350.2,1,1854.6,8,3,2025,4,0,47.0,94.0,79.0,64.66666666666667,25.579940057266228,19,2,61.28577,4,87,61.28577,26.246964263916016,113.71825790405273,25.714229583740234,25.714229583740234,XGBoost,4
2025-09-01,Tecfidera,TER-03,67,125073.59,1,1866.77,9,3,2025,0,0,87.0,53.0,76.0,62.333333333333336,21.57158624981792,19,2,61.096027,4,67,61.096027,25.87400398254395,112.35123748779294,5.903972625732422,5.903972625732422,XGBoost,4
2025-10-01,Tecfidera,TER-03,69,133878.0,2,1889.225,10,4,2025,2,0,67.0,47.0,84.0,67.0,20.000000000000004,19,2,69.962395,4,69,69.962395,29.627546691894533,119.67072296142578,-0.9623947143554688,0.9623947143554688,XGBoost,4
2025-11-01,Tecfidera,TER-03,76,133775.81,3,1754.61,11,4,2025,5,0,69.0,87.0,94.0,74.33333333333333,11.015141094572208,19,2,72.30624,4,76,72.30624,31.885237121582033,123.7488285064697,3.6937637329101562,3.6937637329101562,XGBoost,4
2025-12-01,Tecfidera,TER-03,80,143457.15,2,1757.505,12,4,2025,0,0,76.0,67.0,53.0,70.66666666666667,4.725815626252612,19,2,68.24791,4,80,68.24791,30.317279815673828,126.3977569580078,11.752090454101562,11.752090454101562,XGBoost,4
2025-05-01,Tecfidera,TER-04,63,118461.27,3,1902.5166666666669,5,2,2025,3,0,68.0,95.0,53.0,72.66666666666667,20.40424792373719,19,3,61.192833,4,63,61.192833,19.328514099121094,113.6234943389892,1.8071670532226562,1.8071670532226562,XGBoost,4
2025-06-01,Tecfidera,TER-04,87,161197.08,1,1852.84,6,2,2025,6,0,63.0,55.0,77.0,62.0,6.557438524302022,19,3,65.52751,4,87,65.52751,23.58499221801758,115.64000473022459,21.472488403320312,21.472488403320312,XGBoost,4
2025-07-01,Tecfidera,TER-04,48,83489.96,3,1795.8566666666666,7,3,2025,1,0,87.0,68.0,98.0,72.66666666666667,12.662279942148388,19,3,51.206024,4,48,51.206024,12.751940155029297,106.27028999328611,-3.206024169921875,3.206024169921875,XGBoost,4
2025-08-01,Tecfidera,TER-04,65,119700.38,4,1793.7775,8,3,2025,4,0,48.0,63.0,95.0,66.0,19.672315572906,19,3,64.17085,4,65,64.17085,18.64271392822266,115.09279403686521,0.8291473388671875,0.8291473388671875,XGBoost,4
2025-09-01,Tecfidera,TER-04,64,117318.01,4,1853.2275,9,3,2025,0,0,65.0,87.0,55.0,66.66666666666667,19.55334583474995,19,3,61.302406,4,64,61.302406,24.74872169494629,110.08294868469235,2.6975936889648438,2.6975936889648438,XGBoost,4
2025-10-01,Tecfidera,TER-04,68,130442.24,3,1751.3966666666668,10,4,2025,2,0,64.0,48.0,68.0,59.0,9.53939201416946,19,3,70.276375,4,68,70.276375,36.35830307006836,127.67783126831053,-2.2763748168945312,2.2763748168945312,XGBoost,4
2025-11-01,Tecfidera,TER-04,69,116091.54,4,1753.34,11,4,2025,5,0,68.0,65.0,63.0,65.66666666666667,2.081665999466109,19,3,70.252266,4,69,70.252266,25.32385063171387,124.30945587158202,-1.2522659301757812,1.2522659301757812,XGBoost,4
2025-12-01,Tecfidera,TER-04,77,132081.18,1,1715.34,12,4,2025,0,0,69.0,64.0,87.0,67.0,2.645751311064572,19,3,60.837856,4,77,60.837856,26.505235671997074,110.86479759216309,16.16214370727539,16.16214370727539,XGBoost,4
2025-05-01,Tecfidera,TER-05,43,69629.67,2,1629.185,5,2,2025,3,0,52.0,63.0,73.0,64.33333333333333,13.05118130030126,19,4,61.784744,4,43,61.784744,15.084735488891603,114.15738372802734,-18.784744262695312,18.784744262695312,XGBoost,4
2025-06-01,Tecfidera,TER-05,74,133468.62,1,1803.63,6,2,2025,6,0,43.0,78.0,46.0,57.66666666666666,18.175074506954115,19,4,67.31125,4,74,67.31125,29.401092529296875,116.96702499389646,6.688751220703125,6.688751220703125,XGBoost,4
2025-07-01,Tecfidera,TER-05,53,94432.12,2,1741.415,7,3,2025,1,0,74.0,52.0,80.0,56.333333333333336,15.947831618540912,19,4,55.456364,4,53,55.456364,16.605622863769536,106.93415756225582,-2.4563636779785156,2.4563636779785156,XGBoost,4
2025-08-01,Tecfidera,TER-05,75,132617.03,3,1819.8233333333333,8,3,2025,4,0,53.0,43.0,63.0,56.66666666666666,15.82192571507442,19,4,56.84128,4,75,56.84128,17.39527931213379,109.21612663269043,18.15871810913086,18.15871810913086,XGBoost,4
2025-09-01,Tecfidera,TER-05,57,99449.88,3,1779.79,9,3,2025,0,0,75.0,74.0,78.0,67.33333333333333,12.423096769056146,19,4,58.644886,4,57,58.644886,16.83309020996094,115.44305419921872,-1.6448860168457031,1.6448860168457031,XGBoost,4
2025-10-01,Tecfidera,TER-05,57,107077.78,2,1926.09,10,4,2025,2,0,57.0,53.0,52.0,61.66666666666666,11.718930554164626,19,4,62.074528,4,57,62.074528,22.001094818115238,119.78976745605466,-5.074527740478516,5.074527740478516,XGBoost,4
2025-11-01,Tecfidera,TER-05,44,82876.64,1,1883.56,11,4,2025,5,0,57.0,75.0,43.0,63.0,10.39230484541326,19,4,63.002216,4,44,63.002216,21.135264587402343,116.96296577453613,-19.002216339111328,19.002216339111328,XGBoost,4
2025-12-01,Tecfidera,TER-05,61,110661.97,3,1829.6066666666663,12,4,2025,0,0,44.0,57.0,74.0,52.66666666666666,7.505553499465126,19,4,58.250854,4,61,58.250854,19.672073364257812,106.03087902069085,2.7491455078125,2.7491455078125,XGBoost,4
2025-05-01,Tecfidera,TER-06,61,110204.43,1,1806.63,5,2,2025,3,0,42.0,44.0,43.0,56.66666666666666,23.692474191889147,19,5,56.043247,4,61,56.043247,17.583771896362304,114.5378005981445,4.956752777099609,4.956752777099609,XGBoost,4
2025-06-01,Tecfidera,TER-06,42,80245.38,3,1888.5,6,2,2025,6,0,61.0,84.0,66.0,62.333333333333336,21.03172207246314,19,5,60.960747,4,42,60.960747,23.06407928466797,118.05475616455071,-18.96074676513672,18.96074676513672,XGBoost,4
2025-07-01,Tecfidera,TER-06,47,85506.59,2,1806.89,7,3,2025,1,0,42.0,42.0,73.0,48.333333333333336,10.969655114602888,19,5,47.65063,4,47,47.65063,12.253403091430664,105.3755302429199,-0.6506309509277344,0.6506309509277344,XGBoost,4
2025-08-01,Tecfidera,TER-06,43,76599.41,3,1801.8366666666668,8,3,2025,4,0,47.0,61.0,44.0,50.0,9.848857801796102,19,5,50.477486,4,43,50.477486,9.66126747131348,102.94057388305662,-7.477485656738281,7.477485656738281,XGBoost,4
2025-09-01,Tecfidera,TER-06,77,136530.4,3,1771.92,9,3,2025,0,0,43.0,42.0,84.0,44.0,2.64575131106458,19,5,49.966236,4,77,49.966236,14.110009384155276,107.14990615844722,27.033763885498047,27.033763885498047,XGBoost,4
2025-10-01,Tecfidera,TER-06,51,87935.22,1,1724.22,10,4,2025,2,0,77.0,47.0,42.0,55.66666666666666,18.583146486355137,19,5,63.325962,4,51,63.325962,28.5843864440918,115.19289512634278,-12.32596206665039,12.32596206665039,XGBoost,4
2025-11-01,Tecfidera,TER-06,57,101826.63,2,1825.895,11,4,2025,5,0,51.0,43.0,61.0,57.0,17.776388834631177,19,5,61.027554,4,57,61.027554,22.556262969970703,113.60806198120113,-4.027553558349609,4.027553558349609,XGBoost,4
2025-12-01,Tecfidera,TER-06,77,140552.33,2,1784.84,12,4,2025,0,0,57.0,77.0,42.0,61.66666666666666,13.613718571108093,19,5,58.21596,4,77,58.21596,16.546792984008793,112.04581432342526,18.784038543701172,18.784038543701172,XGBoost,4
2025-05-01,Tecfidera,TER-07,42,75800.88,4,1810.73,5,2,2025,3,0,73.0,72.0,54.0,73.0,1.0,19,6,50.063416,4,42,50.063416,11.126997375488283,102.96004371643062,-8.06341552734375,8.06341552734375,XGBoost,4
2025-06-01,Tecfidera,TER-07,45,93775.45,2,2063.36,6,2,2025,6,0,42.0,74.0,45.0,63.0,18.193405398660254,19,6,53.411995,4,45,53.411995,10.197639465332031,107.22008705139159,-8.411994934082031,8.411994934082031,XGBoost,4
2025-07-01,Tecfidera,TER-07,70,129357.2,1,1847.96,7,3,2025,1,0,45.0,73.0,59.0,53.333333333333336,17.09775813764288,19,6,52.2904,4,70,52.2904,14.36018295288086,106.3930198669433,17.709598541259766,17.709598541259766,XGBoost,4
2025-08-01,Tecfidera,TER-07,51,97684.05,2,1923.405,8,3,2025,4,0,70.0,42.0,72.0,52.333333333333336,15.373136743466942,19,6,56.034317,4,51,56.034317,17.4212215423584,108.61028594970699,-5.0343170166015625,5.0343170166015625,XGBoost,4
2025-09-01,Tecfidera,TER-07,48,86492.64,1,1801.93,9,3,2025,0,0,51.0,45.0,74.0,55.333333333333336,13.051181300301264,19,6,60.996265,4,48,60.996265,16.196775817871092,122.07342071533199,-12.996265411376953,12.996265411376953,XGBoost,4
2025-10-01,Tecfidera,TER-07,60,111066.79,4,1823.1425,10,4,2025,2,0,48.0,70.0,73.0,56.333333333333336,11.930353445448857,19,6,60.663918,4,60,60.663918,23.481116104125977,114.12329139709472,-0.6639175415039062,0.6639175415039062,XGBoost,4
2025-11-01,Tecfidera,TER-07,50,94136.52,2,1840.3,11,4,2025,5,0,60.0,51.0,42.0,53.0,6.2449979983984,19,6,63.769035,4,50,63.769035,25.10903663635254,117.76864910125731,-13.769035339355469,13.769035339355469,XGBoost,4
2025-12-01,Tecfidera,TER-07,69,123177.48,2,1793.835,12,4,2025,0,0,50.0,48.0,45.0,52.66666666666666,6.429100507328639,19,6,53.115093,4,69,53.115093,13.142871856689455,102.88339004516597,15.884906768798828,15.884906768798828,XGBoost,4
2025-05-01,Tecfidera,TER-08,82,134497.22,1,1640.21,5,2,2025,3,0,43.0,90.0,80.0,76.66666666666667,29.365512652316045,19,7,61.112793,4,82,61.112793,24.977092361450197,120.68024978637693,20.88720703125,20.88720703125,XGBoost,4
2025-06-01,Tecfidera,TER-08,54,97339.37,3,1824.45,6,2,2025,6,0,82.0,97.0,63.0,74.0,27.87471972953272,19,7,63.222897,4,54,63.222897,22.713066864013673,118.22611980438228,-9.222896575927734,9.222896575927734,XGBoost,4
2025-07-01,Tecfidera,TER-08,66,114756.56,3,1803.6066666666663,7,3,2025,1,0,54.0,43.0,57.0,59.66666666666666,20.108041509140907,19,7,48.369534,4,66,48.369534,7.11945266723633,105.18576354980465,17.63046646118164,17.63046646118164,XGBoost,4
2025-08-01,Tecfidera,TER-08,44,77789.5,4,1794.4775,8,3,2025,4,0,66.0,82.0,90.0,67.33333333333333,14.047538337137,19,7,60.395878,4,44,60.395878,17.18607978820801,111.70421485900876,-16.395877838134766,16.395877838134766,XGBoost,4
2025-09-01,Tecfidera,TER-08,81,150582.91999999998,2,1863.2,9,3,2025,0,0,44.0,54.0,97.0,54.66666666666666,11.015141094572217,19,7,57.914894,4,81,57.914894,19.438401794433595,114.95555267333982,23.085105895996094,23.085105895996094,XGBoost,4
2025-10-01,Tecfidera,TER-08,59,106553.71,4,1846.7925,10,4,2025,2,0,81.0,66.0,43.0,63.66666666666666,18.610033136277156,19,7,60.74287,4,59,60.74287,21.87927856445313,112.47136802673339,-1.7428703308105469,1.7428703308105469,XGBoost,4
2025-11-01,Tecfidera,TER-08,79,138178.91999999998,2,1739.8000000000002,11,4,2025,5,0,59.0,44.0,82.0,61.333333333333336,18.610033136277156,19,7,65.743286,4,79,65.743286,30.12938117980957,123.7794410705566,13.2567138671875,13.2567138671875,XGBoost,4
2025-12-01,Tecfidera,TER-08,82,149268.33000000002,4,1794.1175,12,4,2025,0,0,79.0,81.0,54.0,73.0,12.165525060596451,19,7,58.28315,4,82,58.28315,19.995826721191406,108.37063293457031,23.71685028076172,23.71685028076172,XGBoost,4
2025-05-01,Tecfidera,TER-09,43,77316.58,1,1798.06,5,2,2025,3,0,60.0,66.0,51.0,59.66666666666666,6.506407098647731,19,8,55.260765,4,43,55.260765,11.895199203491215,111.22107315063477,-12.260765075683594,12.260765075683594,XGBoost,4
2025-06-01,Tecfidera,TER-09,40,73721.38,4,1800.245,6,2,2025,6,0,43.0,53.0,59.0,52.0,8.544003745317546,19,8,60.101894,4,40,60.101894,24.257472991943363,110.12883567810059,-20.10189437866211,20.10189437866211,XGBoost,4
2025-07-01,Tecfidera,TER-09,52,96960.76,1,1864.63,7,3,2025,1,0,40.0,60.0,76.0,47.66666666666666,10.785793124908968,19,8,52.304855,4,52,52.304855,12.924922180175782,105.66873168945312,-0.3048553466796875,0.3048553466796875,XGBoost,4
2025-08-01,Tecfidera,TER-09,35,63997.630000000005,3,1778.87,8,3,2025,4,0,52.0,43.0,66.0,45.0,6.244997998398415,19,8,47.452248,4,35,47.452248,4.239083862304688,100.30750160217285,-12.452247619628906,12.452247619628906,XGBoost,4
2025-09-01,Tecfidera,TER-09,74,128029.39,4,1729.3875,9,3,2025,0,0,35.0,40.0,53.0,42.333333333333336,8.736894948054116,19,8,45.308098,4,74,45.308098,2.3046432495117193,89.72933120727538,28.69190216064453,28.69190216064453,XGBoost,4
2025-10-01,Tecfidera,TER-09,44,78238.98999999999,4,1789.33,10,4,2025,2,0,74.0,52.0,60.0,53.66666666666666,19.55334583474996,19,8,62.849434,4,44,62.849434,26.809757232666016,114.10449142456052,-18.84943389892578,18.84943389892578,XGBoost,4
2025-11-01,Tecfidera,TER-09,77,135828.0,1,1764.0,11,4,2025,5,0,44.0,35.0,43.0,51.0,20.420577856662145,19,8,61.420647,4,77,61.420647,14.901482391357423,114.9820400238037,15.579353332519531,15.579353332519531,XGBoost,4
2025-12-01,Tecfidera,TER-09,77,133836.05,3,1758.4433333333334,12,4,2025,0,0,77.0,74.0,40.0,65.0,18.248287590894662,19,8,52.73482,4,77,52.73482,14.263530731201172,112.30227813720701,24.265178680419922,24.265178680419922,XGBoost,4
2025-05-01,Tecfidera,TER-10,84,141721.41999999998,4,1803.4775,5,2,2025,3,0,44.0,75.0,53.0,70.66666666666667,24.785748593361745,19,9,50.57892,4,84,50.57892,13.767660140991211,102.48192863464354,33.42108154296875,33.42108154296875,XGBoost,4
2025-06-01,Tecfidera,TER-10,54,103532.04,2,1842.3,6,2,2025,6,0,84.0,93.0,53.0,73.66666666666667,26.083200212652848,19,9,65.29461,4,54,65.29461,26.77382583618164,114.38409080505369,-11.294609069824219,11.294609069824219,XGBoost,4
2025-07-01,Tecfidera,TER-10,43,76687.25,2,1743.9050000000002,7,3,2025,1,0,54.0,44.0,65.0,60.66666666666666,20.816659994661336,19,9,49.791477,4,43,49.791477,12.952382278442386,96.62573928833004,-6.791477203369141,6.791477203369141,XGBoost,4
2025-08-01,Tecfidera,TER-10,45,69754.05,1,1550.09,8,3,2025,4,0,43.0,84.0,75.0,60.333333333333336,21.221058723196016,19,9,61.93552,4,45,61.93552,17.76279182434082,109.17605590820298,-16.93552017211914,16.93552017211914,XGBoost,4
2025-09-01,Tecfidera,TER-10,57,99946.08,1,1753.44,9,3,2025,0,0,45.0,54.0,93.0,47.333333333333336,5.859465277082349,19,9,54.940647,4,57,54.940647,19.800384521484375,107.93299484252928,2.0593528747558594,2.0593528747558594,XGBoost,4
2025-10-01,Tecfidera,TER-10,46,82507.1,2,1784.4499999999998,10,4,2025,2,0,57.0,43.0,44.0,48.333333333333336,7.5718777944003905,19,9,57.049805,4,46,57.049805,14.411428833007813,108.30715484619138,-11.0498046875,11.0498046875,XGBoost,4
2025-11-01,Tecfidera,TER-10,70,123352.55,2,1697.315,11,4,2025,5,0,46.0,45.0,84.0,49.333333333333336,6.658328118479423,19,9,59.685688,4,70,59.685688,19.833683013916016,113.48596572875977,10.314311981201172,10.314311981201172,XGBoost,4
2025-12-01,Tecfidera,TER-10,98,177486.77000000002,2,1773.165,12,4,2025,0,0,70.0,57.0,54.0,57.66666666666666,12.01388086062675,19,9,54.79341,4,98,54.79341,16.286773681640625,104.5025146484375,43.20658874511719,43.20658874511719,XGBoost,4
2025-05-01,Tecfidera,TER-11,66,128855.1,1,1952.35,5,2,2025,3,0,50.0,44.0,61.0,62.333333333333336,26.72701504720146,19,10,52.047897,4,66,52.047897,13.751629638671876,103.82228126525874,13.952102661132812,13.952102661132812,XGBoost,4
2025-06-01,Tecfidera,TER-11,92,172804.86,3,1909.82,6,2,2025,6,0,66.0,93.0,89.0,69.66666666666667,21.73323108360405,19,10,71.178474,4,92,71.178474,29.259671020507813,123.05593872070312,20.82152557373047,20.82152557373047,XGBoost,4
2025-07-01,Tecfidera,TER-11,43,73452.17,1,1708.19,7,3,2025,1,0,92.0,50.0,53.0,69.33333333333333,21.19748412744619,19,10,51.28775,4,43,51.28775,15.544390106201172,105.37361831665035,-8.287750244140625,8.287750244140625,XGBoost,4
2025-08-01,Tecfidera,TER-11,31,54418.89,2,1766.9299999999998,8,3,2025,4,0,43.0,66.0,44.0,67.0,24.515301344262525,19,10,53.907192,4,31,53.907192,16.27097320556641,100.80745620727538,-22.90719223022461,22.90719223022461,XGBoost,4
2025-09-01,Tecfidera,TER-11,95,165394.14,2,1755.5949999999998,9,3,2025,0,0,31.0,92.0,93.0,55.333333333333336,32.31614663497698,19,10,56.419365,4,95,56.419365,13.213798522949219,101.98341827392578,38.58063507080078,38.58063507080078,XGBoost,4
2025-10-01,Tecfidera,TER-11,87,148212.33,1,1703.59,10,4,2025,2,0,95.0,43.0,50.0,56.333333333333336,34.019602192461534,19,10,65.622986,4,87,65.622986,31.24620819091797,124.70095634460448,21.37701416015625,21.37701416015625,XGBoost,4
2025-11-01,Tecfidera,TER-11,58,96505.41,2,1689.1950000000002,11,4,2025,5,0,87.0,31.0,66.0,71.0,34.87119154832538,19,10,65.130775,4,58,65.130775,26.65948486328125,117.04061546325676,-7.130775451660156,7.130775451660156,XGBoost,4
2025-12-01,Tecfidera,TER-11,62,105955.82,3,1712.6566666666668,12,4,2025,0,0,58.0,95.0,92.0,80.0,19.467922333931742,19,10,69.62847,4,62,69.62847,30.649948883056645,122.4263542175293,-7.628471374511719,7.628471374511719,XGBoost,4
2025-05-01,Tecfidera,TER-12,38,66395.20999999999,2,1774.705,5,2,2025,3,0,50.0,71.0,47.0,61.66666666666666,10.692676621563626,19,11,53.563374,4,38,53.563374,10.349641418457031,104.99084854125977,-15.563373565673828,15.563373565673828,XGBoost,4
2025-06-01,Tecfidera,TER-12,82,162144.59,4,1940.6375,6,2,2025,6,0,38.0,64.0,50.0,50.66666666666666,13.01281419729542,19,11,50.206463,4,82,50.206463,14.009619522094727,102.60832290649411,31.793537139892578,31.793537139892578,XGBoost,4
2025-07-01,Tecfidera,TER-12,52,93802.54,3,1830.8666666666668,7,3,2025,1,0,82.0,50.0,65.0,56.66666666666666,22.744962812309307,19,11,50.703342,4,52,50.703342,9.13244857788086,102.04739379882812,1.2966575622558594,1.2966575622558594,XGBoost,4
2025-08-01,Tecfidera,TER-12,43,79460.59999999999,2,1829.795,8,3,2025,4,0,52.0,38.0,71.0,57.333333333333336,22.479620400116485,19,11,53.910217,4,43,53.910217,17.787584686279295,106.36083984374999,-10.91021728515625,10.91021728515625,XGBoost,4
2025-09-01,Tecfidera,TER-12,49,94154.7,2,1853.625,9,3,2025,0,0,43.0,82.0,64.0,59.0,20.42057785666213,19,11,54.406754,4,49,54.406754,15.588925933837892,112.02587966918945,-5.4067535400390625,5.4067535400390625,XGBoost,4
2025-10-01,Tecfidera,TER-12,84,144417.61,3,1691.9266666666665,10,4,2025,2,0,49.0,52.0,50.0,48.0,4.582575694955827,19,11,54.21869,4,84,54.21869,12.549423599243166,107.58710479736328,29.78131103515625,29.78131103515625,XGBoost,4
2025-11-01,Tecfidera,TER-12,74,132207.27,3,1798.7333333333331,11,4,2025,5,0,84.0,43.0,38.0,58.66666666666666,22.14347157365649,19,11,60.33835,4,74,60.33835,26.008773803710938,114.34892120361323,13.661651611328125,13.661651611328125,XGBoost,4
2025-12-01,Tecfidera,TER-12,46,85964.34,1,1868.79,12,4,2025,0,0,74.0,49.0,82.0,69.0,18.027756377319943,19,11,55.136105,4,46,55.136105,16.29596328735352,107.54482688903806,-9.136104583740234,9.136104583740234,XGBoost,4
2025-05-01,Tecfidera,TER-13,56,96070.63,3,1734.8766666666668,5,2,2025,3,0,66.0,64.0,68.0,69.0,7.0,19,12,56.32685,4,56,56.32685,18.069071578979493,111.59340572357175,-0.32685089111328125,0.32685089111328125,XGBoost,4
2025-06-01,Tecfidera,TER-13,58,103876.86,4,1832.07,6,2,2025,6,0,56.0,77.0,41.0,66.33333333333333,10.503967504392486,19,12,58.60283,4,58,58.60283,15.003936004638673,113.55715751647949,-0.6028289794921875,0.6028289794921875,XGBoost,4
2025-07-01,Tecfidera,TER-13,60,101654.26,3,1737.33,7,3,2025,1,0,58.0,66.0,63.0,60.0,5.291502622129169,19,12,49.263493,4,60,49.263493,9.24286117553711,100.18707199096679,10.736507415771484,10.736507415771484,XGBoost,4
2025-08-01,Tecfidera,TER-13,46,85641.92,4,1844.1575,8,3,2025,4,0,60.0,56.0,64.0,58.0,1.9999999999999547,19,12,54.54847,4,46,54.54847,14.377343750000001,106.52837066650389,-8.548469543457031,8.548469543457031,XGBoost,4
2025-09-01,Tecfidera,TER-13,49,86913.26000000001,3,1730.0233333333333,9,3,2025,0,0,46.0,58.0,77.0,54.66666666666666,7.571877794400346,19,12,55.600704,4,49,55.600704,16.648182678222657,108.40477333068847,-6.600704193115234,6.600704193115234,XGBoost,4
2025-10-01,Tecfidera,TER-13,55,99654.19,3,1842.45,10,4,2025,2,0,49.0,60.0,66.0,51.66666666666666,7.371114795831969,19,12,55.745728,4,55,55.745728,17.282288360595704,115.55446701049794,-0.7457275390625,0.7457275390625,XGBoost,4
2025-11-01,Tecfidera,TER-13,59,104513.11000000002,2,1712.2800000000002,11,4,2025,5,0,55.0,46.0,56.0,50.0,4.5825756949557945,19,12,54.835873,4,59,54.835873,12.175599670410156,104.57503814697262,4.164127349853516,4.164127349853516,XGBoost,4
2025-12-01,Tecfidera,TER-13,84,151048.97999999998,4,1854.5025,12,4,2025,0,0,59.0,49.0,58.0,54.333333333333336,5.033222956847137,19,12,51.63828,4,84,51.63828,6.440924835205081,104.51762657165524,32.36172103881836,32.36172103881836,XGBoost,4
2025-05-01,Tecfidera,TER-14,57,102092.77,3,1806.243333333333,5,2,2025,3,0,48.0,72.0,47.0,66.0,15.87450786638754,19,13,46.93164,4,57,46.93164,8.449390029907228,99.73801956176757,10.068359375,10.068359375,XGBoost,4
2025-06-01,Tecfidera,TER-14,43,79665.55,3,1856.4766666666667,6,2,2025,6,0,57.0,78.0,40.0,61.0,15.394804318340649,19,13,57.77088,4,43,57.77088,14.285877990722662,106.1875167846679,-14.770881652832031,14.770881652832031,XGBoost,4
2025-07-01,Tecfidera,TER-14,50,94292.49,2,1845.405,7,3,2025,1,0,43.0,48.0,44.0,49.333333333333336,7.094598884597576,19,13,43.951706,4,50,43.951706,5.136407852172853,100.87173767089843,6.0482940673828125,6.0482940673828125,XGBoost,4
2025-08-01,Tecfidera,TER-14,41,79524.82,2,1870.985,8,3,2025,4,0,50.0,57.0,72.0,50.0,6.9999999999999885,19,13,49.941917,4,41,49.941917,11.350857162475586,108.00883255004875,-8.941917419433594,8.941917419433594,XGBoost,4
2025-09-01,Tecfidera,TER-14,76,131435.92,1,1729.42,9,3,2025,0,0,41.0,43.0,78.0,44.66666666666666,4.725815626252591,19,13,49.02062,4,76,49.02062,6.451054382324219,99.04559669494628,26.979381561279297,26.979381561279297,XGBoost,4
2025-10-01,Tecfidera,TER-14,51,92386.81,3,1836.0233333333333,10,4,2025,2,0,76.0,50.0,48.0,55.66666666666666,18.17507450695411,19,13,54.434788,4,51,54.434788,15.964670181274416,106.65313529968257,-3.4347877502441406,3.4347877502441406,XGBoost,4
2025-11-01,Tecfidera,TER-14,72,133467.12,1,1853.71,11,4,2025,5,0,51.0,41.0,57.0,56.0,18.027756377319943,19,13,55.692112,4,72,55.692112,20.553089141845703,111.25532913208008,16.30788803100586,16.30788803100586,XGBoost,4
2025-12-01,Tecfidera,TER-14,66,124071.58,4,1854.825,12,4,2025,0,0,72.0,76.0,43.0,66.33333333333333,13.42882471898912,19,13,54.61369,4,66,54.61369,16.98072547912598,112.28054924011228,11.386310577392578,11.386310577392578,XGBoost,4
2025-05-01,Tecfidera,TER-15,43,76768.83,4,1780.28,5,2,2025,3,0,59.0,46.0,48.0,54.66666666666666,7.505553499465124,19,14,50.804955,4,43,50.804955,12.351509094238281,101.59060325622556,-7.804954528808594,7.804954528808594,XGBoost,4
2025-06-01,Tecfidera,TER-15,62,107725.04,4,1782.1775,6,2,2025,6,0,43.0,59.0,56.0,53.66666666666666,9.237604307034005,19,14,53.106724,4,62,53.106724,19.306639099121092,104.83654403686523,8.89327621459961,8.89327621459961,XGBoost,4
2025-07-01,Tecfidera,TER-15,39,67597.28,2,1723.995,7,3,2025,1,0,62.0,59.0,65.0,54.66666666666666,10.2143689640297,19,14,49.329845,4,39,49.329845,13.411571502685547,107.80715255737303,-10.329845428466797,10.329845428466797,XGBoost,4
2025-08-01,Tecfidera,TER-15,52,95512.04,1,1836.77,8,3,2025,4,0,39.0,43.0,46.0,48.0,12.2882057274445,19,14,46.427383,4,52,46.427383,7.588064193725589,96.53637542724607,5.5726165771484375,5.5726165771484375,XGBoost,4
2025-09-01,Tecfidera,TER-15,57,98731.48,3,1779.256666666667,9,3,2025,0,0,52.0,62.0,59.0,51.0,11.532562594670788,19,14,49.651665,4,57,49.651665,13.529032135009766,101.47738265991211,7.348335266113281,7.348335266113281,XGBoost,4
2025-10-01,Tecfidera,TER-15,64,105719.68,1,1651.87,10,4,2025,2,0,57.0,39.0,59.0,49.333333333333336,9.29157324317756,19,14,58.809456,4,64,58.809456,15.810072708129884,109.34597587585448,5.190544128417969,5.190544128417969,XGBoost,4
2025-11-01,Tecfidera,TER-15,64,113310.43,3,1781.9666666666665,11,4,2025,5,0,64.0,52.0,43.0,57.66666666666666,6.027713773341692,19,14,56.34697,4,64,56.34697,21.961986541748047,101.77184829711913,7.6530303955078125,7.6530303955078125,XGBoost,4
2025-12-01,Tecfidera,TER-15,37,65165.46,4,1722.71,12,4,2025,0,0,64.0,57.0,62.0,61.66666666666666,4.041451884327357,19,14,47.555138,4,37,47.555138,11.353770828247072,104.6964340209961,-10.555137634277344,10.555137634277344,XGBoost,4
2025-05-01,Tecfidera,TER-16,75,124457.64,2,1709.405,5,2,2025,3,0,62.0,42.0,50.0,66.33333333333333,26.764404221527773,19,15,55.318768,4,75,55.318768,17.38854904174805,102.55909233093256,19.681232452392578,19.681232452392578,XGBoost,4
2025-06-01,Tecfidera,TER-16,67,129586.22,4,1874.705,6,2,2025,6,0,75.0,95.0,50.0,77.33333333333333,16.62327685305559,19,15,68.88908,4,67,68.88908,33.129937744140626,123.98894691467274,-1.8890762329101562,1.8890762329101562,XGBoost,4
2025-07-01,Tecfidera,TER-16,33,56749.83,2,1719.73,7,3,2025,1,0,67.0,62.0,47.0,68.0,6.557438524302029,19,15,48.667084,4,33,48.667084,7.373798370361333,110.25794296264647,-15.667083740234375,15.667083740234375,XGBoost,4
2025-08-01,Tecfidera,TER-16,46,83299.17,4,1838.285,8,3,2025,4,0,33.0,75.0,42.0,58.333333333333336,22.300971578236982,19,15,50.298367,4,46,50.298367,11.638234710693359,108.67010955810544,-4.298366546630859,4.298366546630859,XGBoost,4
2025-09-01,Tecfidera,TER-16,44,78347.19,3,1708.1899999999998,9,3,2025,0,0,46.0,67.0,95.0,48.66666666666666,17.15614564327704,19,15,55.575836,4,44,55.575836,17.06186447143555,108.1246181488036,-11.575836181640625,11.575836181640625,XGBoost,4
2025-10-01,Tecfidera,TER-16,46,85567.92000000001,2,1778.3200000000002,10,4,2025,2,0,44.0,33.0,62.0,41.0,7.000000000000024,19,15,53.089283,4,46,53.089283,14.619032287597657,110.74052886962887,-7.089282989501953,7.089282989501953,XGBoost,4
2025-11-01,Tecfidera,TER-16,52,89928.8,2,1705.39,11,4,2025,5,0,46.0,46.0,75.0,45.333333333333336,1.154700538379399,19,15,56.931507,4,52,56.931507,21.73874282836914,115.40881423950194,-4.931507110595703,4.931507110595703,XGBoost,4
2025-12-01,Tecfidera,TER-16,80,133856.94,4,1732.0375,12,4,2025,0,0,52.0,44.0,67.0,47.333333333333336,4.163331998932305,19,15,48.79342,4,80,48.79342,15.223814392089844,98.52352104187011,31.206581115722656,31.206581115722656,XGBoost,4
2025-05-01,Tecfidera,TER-17,48,90241.02,4,1859.0525,5,2,2025,3,0,59.0,39.0,62.0,60.0,21.517434791350013,19,16,50.211426,4,48,50.211426,12.296865463256838,105.61984252929688,-2.21142578125,2.21142578125,XGBoost,4
2025-06-01,Tecfidera,TER-17,68,125696.15,4,1792.9525,6,2,2025,6,0,48.0,82.0,39.0,63.0,17.349351572897472,19,16,56.112736,4,68,56.112736,18.182199478149418,105.81813697814941,11.887264251708984,11.887264251708984,XGBoost,4
2025-07-01,Tecfidera,TER-17,33,63753.72,3,1924.1066666666663,7,3,2025,1,0,68.0,59.0,35.0,58.333333333333336,10.016652800877813,19,16,43.16016,4,33,43.16016,0.0,98.81980895996087,-10.160160064697266,10.160160064697266,XGBoost,4
2025-08-01,Tecfidera,TER-17,39,66031.20000000001,2,1693.75,8,3,2025,4,0,33.0,48.0,39.0,49.66666666666666,17.55942292142123,19,16,48.638676,4,39,48.638676,6.665328979492188,100.0511138916015,-9.638675689697266,9.638675689697266,XGBoost,4
2025-09-01,Tecfidera,TER-17,65,118556.39,3,1757.1966666666667,9,3,2025,0,0,39.0,68.0,82.0,46.66666666666666,18.717193521821944,19,16,48.75039,4,65,48.75039,14.999541473388678,99.3923431396484,16.249610900878906,16.249610900878906,XGBoost,4
2025-10-01,Tecfidera,TER-17,56,103287.24,2,1808.64,10,4,2025,2,0,65.0,33.0,59.0,45.66666666666666,17.009801096230763,19,16,55.108345,4,56,55.108345,13.244026184082031,112.46203689575194,0.8916549682617188,0.8916549682617188,XGBoost,4
2025-11-01,Tecfidera,TER-17,47,86700.69,2,1871.595,11,4,2025,5,0,56.0,39.0,48.0,53.333333333333336,13.203534880225572,19,16,53.01709,4,47,53.01709,13.621809387207033,112.59421195983886,-6.01708984375,6.01708984375,XGBoost,4
2025-12-01,Tecfidera,TER-17,75,161282.25,1,2150.43,12,4,2025,0,0,47.0,65.0,68.0,56.0,8.999999999999996,19,16,53.627064,4,75,53.627064,21.80920524597168,104.54902420043943,21.372936248779297,21.372936248779297,XGBoost,4
2025-05-01,Tecfidera,TER-18,39,70651.26,3,1805.04,5,2,2025,3,0,60.0,52.0,43.0,58.0,5.291502622129174,19,17,51.04563,4,39,51.04563,12.085192108154299,100.33240890502928,-12.045631408691406,12.045631408691406,XGBoost,4
2025-06-01,Tecfidera,TER-18,46,89184.32,3,1888.9733333333331,6,2,2025,6,0,39.0,62.0,74.0,53.66666666666666,12.74100990241092,19,17,59.24878,4,46,59.24878,13.407846069335937,109.35693664550779,-13.248779296875,13.248779296875,XGBoost,4
2025-07-01,Tecfidera,TER-18,38,68611.66,1,1805.57,7,3,2025,1,0,46.0,60.0,67.0,48.333333333333336,10.69267662156361,19,17,51.820045,4,38,51.820045,13.310355377197265,109.51691207885742,-13.820045471191406,13.820045471191406,XGBoost,4
2025-08-01,Tecfidera,TER-18,42,74775.91,4,1800.49,8,3,2025,4,0,38.0,39.0,52.0,41.0,4.358898943540606,19,17,39.44337,4,42,39.44337,5.049551391601564,94.44105720520018,2.556629180908203,2.556629180908203,XGBoost,4
2025-09-01,Tecfidera,TER-18,72,132741.54,3,1784.1466666666668,9,3,2025,0,0,42.0,46.0,62.0,42.0,3.9999999999999294,19,17,48.293755,4,72,48.293755,5.637715911865235,97.10393905639646,23.70624542236328,23.70624542236328,XGBoost,4
2025-10-01,Tecfidera,TER-18,60,106932.09,4,1803.3175,10,4,2025,2,0,72.0,38.0,60.0,50.66666666666666,18.58314648635513,19,17,53.201115,4,60,53.201115,10.52365531921387,104.87529830932614,6.798885345458984,6.798885345458984,XGBoost,4
2025-11-01,Tecfidera,TER-18,42,74718.92,3,1777.2266666666667,11,4,2025,5,0,60.0,42.0,39.0,58.0,15.099668870541496,19,17,53.36689,4,42,53.36689,14.0083251953125,104.29046936035155,-11.366889953613281,11.366889953613281,XGBoost,4
2025-12-01,Tecfidera,TER-18,55,94115.5,4,1750.34,12,4,2025,0,0,42.0,72.0,46.0,58.0,15.099668870541496,19,17,49.946404,4,55,49.946404,16.885154342651372,101.8410877227783,5.053596496582031,5.053596496582031,XGBoost,4
2025-05-01,Tecfidera,TER-19,32,60397.12,1,1887.41,5,2,2025,3,0,52.0,57.0,44.0,58.66666666666666,7.637626158259733,19,18,47.62967,4,32,47.62967,8.83387680053711,94.51234779357901,-15.629669189453125,15.629669189453125,XGBoost,4
2025-06-01,Tecfidera,TER-19,40,74998.06,3,1844.1533333333332,6,2,2025,6,0,32.0,67.0,48.0,50.333333333333336,17.559422921421234,19,18,46.416992,4,40,46.416992,10.26114196777344,96.52514953613279,-6.4169921875,6.4169921875,XGBoost,4
2025-07-01,Tecfidera,TER-19,38,67303.22,2,1813.02,7,3,2025,1,0,40.0,52.0,69.0,41.333333333333336,10.066445913694336,19,18,49.32941,4,38,49.32941,14.27948455810547,108.40738105773924,-11.329410552978516,11.329410552978516,XGBoost,4
2025-08-01,Tecfidera,TER-19,36,65266.84,4,1817.2775,8,3,2025,4,0,38.0,32.0,57.0,36.66666666666666,4.163331998932276,19,18,45.96562,4,36,45.96562,8.187544250488283,98.35627365112305,-9.965618133544922,9.965618133544922,XGBoost,4
2025-09-01,Tecfidera,TER-19,67,115511.37,4,1688.3025,9,3,2025,0,0,36.0,40.0,67.0,38.0,2.000000000000024,19,18,50.1272,4,67,50.1272,6.747274780273438,99.44015140533445,16.872798919677734,16.872798919677734,XGBoost,4
2025-10-01,Tecfidera,TER-19,60,111900.34,4,1841.805,10,4,2025,2,0,67.0,38.0,52.0,47.0,17.349351572897476,19,18,49.269993,4,60,49.269993,12.6986629486084,105.28340930938715,10.73000717163086,10.73000717163086,XGBoost,4
2025-11-01,Tecfidera,TER-19,63,116053.32,4,1825.8725,11,4,2025,5,0,60.0,36.0,32.0,54.333333333333336,16.258331197676267,19,18,49.779884,4,63,49.779884,7.8373649597167985,97.18117370605468,13.220115661621094,13.220115661621094,XGBoost,4
2025-12-01,Tecfidera,TER-19,44,81962.73,4,1860.9,12,4,2025,0,0,63.0,67.0,40.0,63.333333333333336,3.5118845842842545,19,18,44.79822,4,44,44.79822,4.9416347503662115,100.20663833618164,-0.7982215881347656,0.7982215881347656,XGBoost,4
2025-05-01,Tecfidera,TER-20,56,102581.14,4,1807.8625,5,2,2025,3,0,62.0,46.0,42.0,50.66666666666666,9.865765724632492,19,19,45.715168,4,56,45.715168,6.749271392822268,99.71990661621092,10.284832000732422,10.284832000732422,XGBoost,4
2025-06-01,Tecfidera,TER-20,57,116686.41,1,2047.13,6,2,2025,6,0,56.0,44.0,38.0,54.0,9.165151389911678,19,19,47.22553,4,57,47.22553,13.271199035644534,101.99782218933105,9.774471282958984,9.774471282958984,XGBoost,4
2025-07-01,Tecfidera,TER-20,49,89238.31,1,1821.19,7,3,2025,1,0,57.0,62.0,53.0,58.333333333333336,3.214550253664312,19,19,40.706146,4,49,40.706146,0.4139869689941419,91.92545013427733,8.293853759765625,8.293853759765625,XGBoost,4
2025-08-01,Tecfidera,TER-20,31,58214.490000000005,2,1848.57,8,3,2025,4,0,49.0,56.0,46.0,54.0,4.3588989435406695,19,19,45.8056,4,31,45.8056,3.0437103271484376,90.52315330505367,-14.805599212646484,14.805599212646484,XGBoost,4
2025-09-01,Tecfidera,TER-20,43,78410.04000000001,4,1803.3825,9,3,2025,0,0,31.0,57.0,44.0,45.66666666666666,13.316656236958783,19,19,46.08092,4,43,46.08092,2.364534378051758,103.50090141296384,-3.080921173095703,3.080921173095703,XGBoost,4
2025-10-01,Tecfidera,TER-20,57,96341.57,4,1697.5975,10,4,2025,2,0,43.0,49.0,62.0,41.0,9.165151389911676,19,19,53.025352,4,57,53.025352,15.727695846557618,110.66969108581543,3.9746475219726562,3.9746475219726562,XGBoost,4
2025-11-01,Tecfidera,TER-20,57,102615.51,4,1819.19,11,4,2025,5,0,57.0,31.0,56.0,43.66666666666666,13.012814197295423,19,19,50.850792,4,57,50.850792,11.470858764648439,100.63334960937493,6.149208068847656,6.149208068847656,XGBoost,4
2025-12-01,Tecfidera,TER-20,54,100960.02,1,1869.63,12,4,2025,0,0,57.0,43.0,57.0,52.333333333333336,8.082903768654761,19,19,47.6376,4,54,47.6376,7.7647274017334,93.98021850585937,6.362400054931641,6.362400054931641,XGBoost,4
