year_month,drug_name,territory_id,actual,predicted,lower_bound,upper_bound,residual,absolute_error,model,forecast_window
2025-05-01,Advair,TER-01,127,190.16164,150.32530136108397,239.91077499389644,-63.16163635253906,63.16163635253906,XGBoost,4
2025-06-01,Advair,TER-01,210,149.91689,107.45421104431152,201.8115695953369,60.08311462402344,60.08311462402344,XGBoost,4
2025-07-01,Advair,TER-01,89,182.00247,144.0741195678711,240.5085067749023,-93.00247192382812,93.00247192382812,XGBoost,4
2025-08-01,Advair,TER-01,153,143.07495,109.70771789550781,189.04672241210935,9.925048828125,9.925048828125,XGBoost,4
2025-09-01,Advair,TER-01,131,162.0482,125.14977569580078,212.71329803466784,-31.048202514648438,31.048202514648438,XGBoost,4
2025-10-01,Advair,TER-01,163,137.45149,95.66523895263671,191.45840339660643,25.548507690429688,25.548507690429688,XGBoost,4
2025-11-01,Advair,TER-01,193,174.8457,128.8269355773926,219.5120147705078,18.154296875,18.154296875,XGBoost,4
2025-12-01,Advair,TER-01,167,195.61162,147.34474182128906,241.5707824707031,-28.611618041992188,28.611618041992188,XGBoost,4
2025-05-01,Advair,TER-02,98,138.48926,100.16230239868165,189.69354019165038,-40.4892578125,40.4892578125,XGBoost,4
2025-06-01,Advair,TER-02,132,176.3554,136.91021194458008,229.20979232788082,-44.35539245605469,44.35539245605469,XGBoost,4
2025-07-01,Advair,TER-02,146,129.09029,83.99737548828125,179.87593498229978,16.909713745117188,16.909713745117188,XGBoost,4
2025-08-01,Advair,TER-02,121,141.77466,104.60354804992676,190.54481658935546,-20.774658203125,20.774658203125,XGBoost,4
2025-09-01,Advair,TER-02,121,156.55542,118.0841293334961,204.29131164550773,-35.555419921875,35.555419921875,XGBoost,4
2025-10-01,Advair,TER-02,176,150.74074,117.39371719360352,200.8075115203857,25.259262084960938,25.259262084960938,XGBoost,4
2025-11-01,Advair,TER-02,134,109.38077,66.1676040649414,163.76068019866943,24.619232177734375,24.619232177734375,XGBoost,4
2025-12-01,Advair,TER-02,203,143.71907,100.4263671875,193.4375617980957,59.28092956542969,59.28092956542969,XGBoost,4
2025-05-01,Advair,TER-03,129,122.02216,86.10388946533203,177.62870388031004,6.977836608886719,6.977836608886719,XGBoost,4
2025-06-01,Advair,TER-03,157,159.3371,117.69486083984376,210.12436485290525,-2.33709716796875,2.33709716796875,XGBoost,4
2025-07-01,Advair,TER-03,150,133.72484,93.76389617919922,185.7047393798828,16.275161743164062,16.275161743164062,XGBoost,4
2025-08-01,Advair,TER-03,93,150.62753,109.39530487060547,209.61054611206052,-57.627532958984375,57.627532958984375,XGBoost,4
2025-09-01,Advair,TER-03,112,129.40578,92.81850090026856,184.46106758117674,-17.405776977539062,17.405776977539062,XGBoost,4
2025-10-01,Advair,TER-03,104,144.85893,109.67298164367676,197.09908561706538,-40.85893249511719,40.85893249511719,XGBoost,4
2025-11-01,Advair,TER-03,107,143.74396,103.89200592041016,201.44082412719726,-36.74395751953125,36.74395751953125,XGBoost,4
2025-12-01,Advair,TER-03,176,121.31186,78.59001922607422,173.7048400878906,54.688140869140625,54.688140869140625,XGBoost,4
2025-05-01,Advair,TER-04,142,119.69596,80.21775817871094,178.77324752807615,22.304039001464844,22.304039001464844,XGBoost,4
2025-06-01,Advair,TER-04,172,143.43806,101.01023864746094,194.0641387939453,28.561935424804688,28.561935424804688,XGBoost,4
2025-07-01,Advair,TER-04,112,137.297,99.99175453186035,190.12518157958982,-25.2969970703125,25.2969970703125,XGBoost,4
2025-08-01,Advair,TER-04,104,106.83651,66.88841857910157,154.56955566406248,-2.8365097045898438,2.8365097045898438,XGBoost,4
2025-09-01,Advair,TER-04,200,130.62639,88.11836624145508,183.60147018432616,69.37361145019531,69.37361145019531,XGBoost,4
2025-10-01,Advair,TER-04,188,124.47585,86.11029853820801,174.24843749999994,63.524147033691406,63.524147033691406,XGBoost,4
2025-11-01,Advair,TER-04,120,143.5909,103.6117301940918,202.8632682800293,-23.590896606445312,23.590896606445312,XGBoost,4
2025-12-01,Advair,TER-04,158,154.8594,118.243123626709,212.5418231964111,3.140594482421875,3.140594482421875,XGBoost,4
2025-05-01,Advair,TER-05,156,101.21227,61.174790954589845,155.20223121643068,54.78772735595703,54.78772735595703,XGBoost,4
2025-06-01,Advair,TER-05,169,123.156746,86.5404640197754,182.77110824584952,45.84325408935547,45.84325408935547,XGBoost,4
2025-07-01,Advair,TER-05,135,102.55807,61.31061935424805,155.43741493225096,32.441932678222656,32.441932678222656,XGBoost,4
2025-08-01,Advair,TER-05,132,118.936104,80.59298171997071,168.797204208374,13.063896179199219,13.063896179199219,XGBoost,4
2025-09-01,Advair,TER-05,172,131.78159,91.44326667785644,185.7823173522949,40.218414306640625,40.218414306640625,XGBoost,4
2025-10-01,Advair,TER-05,94,135.04462,92.57625122070313,190.6713287353515,-41.04461669921875,41.04461669921875,XGBoost,4
2025-11-01,Advair,TER-05,102,121.06314,85.92287826538086,175.04084281921385,-19.063140869140625,19.063140869140625,XGBoost,4
2025-12-01,Advair,TER-05,137,127.27969,91.53695678710938,179.6702808380127,9.720306396484375,9.720306396484375,XGBoost,4
2025-05-01,Advair,TER-06,79,92.1427,53.57501220703125,146.5226125717163,-13.1427001953125,13.1427001953125,XGBoost,4
2025-06-01,Advair,TER-06,114,122.87588,81.09650421142578,175.24851684570314,-8.875877380371094,8.875877380371094,XGBoost,4
2025-07-01,Advair,TER-06,76,91.2678,52.97217025756836,148.88686447143553,-15.267799377441406,15.267799377441406,XGBoost,4
2025-08-01,Advair,TER-06,95,102.874626,63.02294387817383,154.69530487060547,-7.874626159667969,7.874626159667969,XGBoost,4
2025-09-01,Advair,TER-06,116,99.60754,61.320213317871094,149.63323707580565,16.39246368408203,16.39246368408203,XGBoost,4
2025-10-01,Advair,TER-06,119,100.6717,57.42776107788086,158.2867805480957,18.32830047607422,18.32830047607422,XGBoost,4
2025-11-01,Advair,TER-06,136,110.618706,64.63336486816407,160.10634078979484,25.38129425048828,25.38129425048828,XGBoost,4
2025-12-01,Advair,TER-06,84,112.7597,77.56305961608886,167.15259571075438,-28.75969696044922,28.75969696044922,XGBoost,4
2025-05-01,Advair,TER-07,132,115.235695,79.84947967529297,165.90756301879878,16.764305114746094,16.764305114746094,XGBoost,4
2025-06-01,Advair,TER-07,102,155.08609,109.00767059326172,203.42515258789058,-53.086090087890625,53.086090087890625,XGBoost,4
2025-07-01,Advair,TER-07,76,103.46408,61.900688552856444,157.48994636535642,-27.464080810546875,27.464080810546875,XGBoost,4
2025-08-01,Advair,TER-07,89,99.62587,59.34421997070312,151.81188011169434,-10.625869750976562,10.625869750976562,XGBoost,4
2025-09-01,Advair,TER-07,116,95.175125,57.589226531982426,148.083751296997,20.824874877929688,20.824874877929688,XGBoost,4
2025-10-01,Advair,TER-07,117,104.3589,68.31385116577148,156.14199180603023,12.641098022460938,12.641098022460938,XGBoost,4
2025-11-01,Advair,TER-07,90,132.1741,98.82460098266601,189.1168403625488,-42.174102783203125,42.174102783203125,XGBoost,4
2025-12-01,Advair,TER-07,79,103.48279,60.67135314941407,154.0940399169922,-24.4827880859375,24.4827880859375,XGBoost,4
2025-05-01,Advair,TER-08,148,116.53546,73.40662879943848,164.42475776672362,31.46453857421875,31.46453857421875,XGBoost,4
2025-06-01,Advair,TER-08,91,137.0985,94.38940353393555,193.94701919555663,-46.09849548339844,46.09849548339844,XGBoost,4
2025-07-01,Advair,TER-08,135,97.056015,49.49131774902344,150.42913856506348,37.94398498535156,37.94398498535156,XGBoost,4
2025-08-01,Advair,TER-08,106,125.03212,86.5638816833496,179.41315002441405,-19.032119750976562,19.032119750976562,XGBoost,4
2025-09-01,Advair,TER-08,81,114.86129,72.16067504882812,170.4678304672241,-33.861289978027344,33.861289978027344,XGBoost,4
2025-10-01,Advair,TER-08,114,107.469124,64.16394538879395,166.76200790405272,6.530876159667969,6.530876159667969,XGBoost,4
2025-11-01,Advair,TER-08,93,126.01513,90.1840389251709,182.7883758544922,-33.01512908935547,33.01512908935547,XGBoost,4
2025-12-01,Advair,TER-08,155,108.23855,70.25266799926759,160.86528778076163,46.761451721191406,46.761451721191406,XGBoost,4
2025-05-01,Advair,TER-09,128,92.97331,53.133871459960936,147.83916206359862,35.02668762207031,35.02668762207031,XGBoost,4
2025-06-01,Advair,TER-09,89,107.98201,66.04336624145508,167.2543815612793,-18.982009887695312,18.982009887695312,XGBoost,4
2025-07-01,Advair,TER-09,109,95.868866,53.514678955078125,148.30775146484373,13.131134033203125,13.131134033203125,XGBoost,4
2025-08-01,Advair,TER-09,89,119.57063,71.51590385437012,169.66589736938474,-30.570632934570312,30.570632934570312,XGBoost,4
2025-09-01,Advair,TER-09,89,106.30131,65.82576370239258,155.99966278076172,-17.301307678222656,17.301307678222656,XGBoost,4
2025-10-01,Advair,TER-09,99,111.43366,65.14802627563476,162.3556037902832,-12.433662414550781,12.433662414550781,XGBoost,4
2025-11-01,Advair,TER-09,143,131.0032,93.3692626953125,179.79662132263184,11.996795654296875,11.996795654296875,XGBoost,4
2025-12-01,Advair,TER-09,125,109.024124,71.10858612060547,162.01647186279294,15.975875854492188,15.975875854492188,XGBoost,4
2025-05-01,Advair,TER-10,143,101.73017,65.68857650756836,159.80702247619627,41.26982879638672,41.26982879638672,XGBoost,4
2025-06-01,Advair,TER-10,84,131.87813,92.43294754028321,188.71500625610352,-47.87812805175781,47.87812805175781,XGBoost,4
2025-07-01,Advair,TER-10,138,92.45655,55.79587516784668,148.08011169433587,45.54344940185547,45.54344940185547,XGBoost,4
2025-08-01,Advair,TER-10,97,125.58978,87.30084457397462,177.41260147094727,-28.58978271484375,28.58978271484375,XGBoost,4
2025-09-01,Advair,TER-10,89,135.22977,96.72007675170899,183.05968971252432,-46.229766845703125,46.229766845703125,XGBoost,4
2025-10-01,Advair,TER-10,122,107.72012,69.26667785644531,163.38571319580072,14.279876708984375,14.279876708984375,XGBoost,4
2025-11-01,Advair,TER-10,87,125.725174,89.92934646606446,178.73934173583982,-38.72517395019531,38.72517395019531,XGBoost,4
2025-12-01,Advair,TER-10,148,97.32707,59.37885437011719,149.05287551879883,50.67292785644531,50.67292785644531,XGBoost,4
2025-05-01,Advair,TER-11,92,99.97035,56.55279235839844,156.91789703369136,-7.9703521728515625,7.9703521728515625,XGBoost,4
2025-06-01,Advair,TER-11,125,125.055565,90.75622215270997,176.36619453430174,-0.05556488037109375,0.05556488037109375,XGBoost,4
2025-07-01,Advair,TER-11,108,88.62352,54.66385040283203,139.85453414916992,19.376480102539062,19.376480102539062,XGBoost,4
2025-08-01,Advair,TER-11,112,101.906364,58.9029426574707,154.0825958251953,10.093635559082031,10.093635559082031,XGBoost,4
2025-09-01,Advair,TER-11,100,105.63421,65.77695541381836,158.02259063720703,-5.634208679199219,5.634208679199219,XGBoost,4
2025-10-01,Advair,TER-11,151,99.13001,60.76445541381836,150.5721466064453,51.86998748779297,51.86998748779297,XGBoost,4
2025-11-01,Advair,TER-11,130,127.8862,92.05102653503418,177.52327804565428,2.113800048828125,2.113800048828125,XGBoost,4
2025-12-01,Advair,TER-11,160,111.22613,71.38516006469726,164.15344886779778,48.77387237548828,48.77387237548828,XGBoost,4
2025-05-01,Advair,TER-12,133,86.58933,42.962510681152345,147.95757904052735,46.410667419433594,46.410667419433594,XGBoost,4
2025-06-01,Advair,TER-12,158,125.6613,83.68795394897461,176.95205688476557,32.33869934082031,32.33869934082031,XGBoost,4
2025-07-01,Advair,TER-12,87,102.02228,61.490370178222655,152.94585723876952,-15.02227783203125,15.02227783203125,XGBoost,4
2025-08-01,Advair,TER-12,75,92.208336,59.19184036254883,141.94710121154785,-17.208335876464844,17.208335876464844,XGBoost,4
2025-09-01,Advair,TER-12,82,120.85063,82.19049987792968,170.87633247375487,-38.85063171386719,38.85063171386719,XGBoost,4
2025-10-01,Advair,TER-12,128,101.193474,66.58960342407227,150.6123065948486,26.80652618408203,26.80652618408203,XGBoost,4
2025-11-01,Advair,TER-12,118,123.97741,85.0043441772461,176.9029880523681,-5.977409362792969,5.977409362792969,XGBoost,4
2025-12-01,Advair,TER-12,95,102.72099,58.85303802490235,155.57624702453612,-7.7209930419921875,7.7209930419921875,XGBoost,4
2025-05-01,Advair,TER-13,96,101.70708,59.26158905029297,151.56745491027831,-5.7070770263671875,5.7070770263671875,XGBoost,4
2025-06-01,Advair,TER-13,143,128.0728,90.14542503356934,170.7688217163086,14.927200317382812,14.927200317382812,XGBoost,4
2025-07-01,Advair,TER-13,84,83.01199,39.65923957824707,131.6916976928711,0.988006591796875,0.988006591796875,XGBoost,4
2025-08-01,Advair,TER-13,99,96.990585,60.43964729309082,148.23529472351072,2.0094146728515625,2.0094146728515625,XGBoost,4
2025-09-01,Advair,TER-13,101,112.629196,70.1778953552246,170.32081604003906,-11.629196166992188,11.629196166992188,XGBoost,4
2025-10-01,Advair,TER-13,125,106.35929,66.38012466430665,154.6434555053711,18.640708923339844,18.640708923339844,XGBoost,4
2025-11-01,Advair,TER-13,83,96.76976,53.47562675476074,155.7331802368164,-13.769760131835938,13.769760131835938,XGBoost,4
2025-12-01,Advair,TER-13,161,95.17575,50.36048889160156,152.5252944946289,65.82424926757812,65.82424926757812,XGBoost,4
2025-05-01,Advair,TER-14,105,87.43937,47.994188690185545,145.89250946044922,17.560630798339844,17.560630798339844,XGBoost,4
2025-06-01,Advair,TER-14,125,106.576454,61.38272171020508,159.6122749328613,18.423545837402344,18.423545837402344,XGBoost,4
2025-07-01,Advair,TER-14,80,78.66835,32.88922119140625,131.51381530761714,1.3316497802734375,1.3316497802734375,XGBoost,4
2025-08-01,Advair,TER-14,92,77.9905,35.63641128540039,130.78840599060058,14.009498596191406,14.009498596191406,XGBoost,4
2025-09-01,Advair,TER-14,105,91.46767,52.51514511108399,138.1652980804443,13.532333374023438,13.532333374023438,XGBoost,4
2025-10-01,Advair,TER-14,77,108.64718,70.34042053222656,168.82166366577147,-31.647178649902344,31.647178649902344,XGBoost,4
2025-11-01,Advair,TER-14,84,110.95569,67.82682304382324,159.20016727447504,-26.9556884765625,26.9556884765625,XGBoost,4
2025-12-01,Advair,TER-14,133,90.36019,46.187462997436526,140.20944213867188,42.639808654785156,42.639808654785156,XGBoost,4
2025-05-01,Advair,TER-15,86,99.8699,57.21063995361328,148.67370452880857,-13.869903564453125,13.869903564453125,XGBoost,4
2025-06-01,Advair,TER-15,93,88.98041,45.592098236083984,142.3442840576172,4.01959228515625,4.01959228515625,XGBoost,4
2025-07-01,Advair,TER-15,84,90.261055,51.726373291015626,147.59259796142578,-6.261054992675781,6.261054992675781,XGBoost,4
2025-08-01,Advair,TER-15,87,76.03492,38.55170249938965,130.43316192626952,10.965080261230469,10.965080261230469,XGBoost,4
2025-09-01,Advair,TER-15,120,89.27291,55.93135986328125,146.99485549926754,30.727088928222656,30.727088928222656,XGBoost,4
2025-10-01,Advair,TER-15,87,102.27475,64.72626495361328,160.42459716796876,-15.274749755859375,15.274749755859375,XGBoost,4
2025-11-01,Advair,TER-15,99,93.20211,54.541978454589845,147.18414688110352,5.797889709472656,5.797889709472656,XGBoost,4
2025-12-01,Advair,TER-15,155,98.32167,53.954505157470706,149.6030502319336,56.67832946777344,56.67832946777344,XGBoost,4
2025-05-01,Advair,TER-16,134,97.82659,63.21884803771973,151.28125762939453,36.17340850830078,36.17340850830078,XGBoost,4
2025-06-01,Advair,TER-16,85,109.40063,70.67202529907227,161.38052825927733,-24.40062713623047,24.40062713623047,XGBoost,4
2025-07-01,Advair,TER-16,60,84.48722,45.97753067016602,136.89594306945799,-24.487220764160156,24.487220764160156,XGBoost,4
2025-08-01,Advair,TER-16,116,88.785324,46.34619369506836,141.84739685058585,27.214675903320312,27.214675903320312,XGBoost,4
2025-09-01,Advair,TER-16,116,102.00188,64.46231079101562,159.16587905883787,13.998123168945312,13.998123168945312,XGBoost,4
2025-10-01,Advair,TER-16,107,91.12762,54.985512542724614,138.33307456970212,15.872383117675781,15.872383117675781,XGBoost,4
2025-11-01,Advair,TER-16,131,109.36863,71.03628273010254,161.12184448242184,21.631370544433594,21.631370544433594,XGBoost,4
2025-12-01,Advair,TER-16,134,94.52472,57.97013931274414,149.93313598632812,39.47528076171875,39.47528076171875,XGBoost,4
2025-05-01,Advair,TER-17,117,94.2549,48.26955718994141,149.01327514648438,22.745101928710938,22.745101928710938,XGBoost,4
2025-06-01,Advair,TER-17,122,113.06468,75.43007812500001,170.4142868041992,8.935317993164062,8.935317993164062,XGBoost,4
2025-07-01,Advair,TER-17,82,76.76108,43.31896209716797,130.570707321167,5.238922119140625,5.238922119140625,XGBoost,4
2025-08-01,Advair,TER-17,90,83.96588,46.4809627532959,131.23188018798828,6.03411865234375,6.03411865234375,XGBoost,4
2025-09-01,Advair,TER-17,116,87.98265,51.766250228881844,139.970686340332,28.017349243164062,28.017349243164062,XGBoost,4
2025-10-01,Advair,TER-17,100,97.50088,59.233747482299805,147.35879135131836,2.4991226196289062,2.4991226196289062,XGBoost,4
2025-11-01,Advair,TER-17,97,103.5431,57.693633270263675,167.5862079620361,-6.543098449707031,6.543098449707031,XGBoost,4
2025-12-01,Advair,TER-17,105,97.437126,61.293500137329104,145.6346263885498,7.562873840332031,7.562873840332031,XGBoost,4
2025-05-01,Advair,TER-18,105,92.74594,54.132845687866215,154.43988876342763,12.254058837890625,12.254058837890625,XGBoost,4
2025-06-01,Advair,TER-18,132,94.598045,56.68348503112793,149.46389503479003,37.401954650878906,37.401954650878906,XGBoost,4
2025-07-01,Advair,TER-18,94,84.058716,39.69350891113282,131.15896186828613,9.9412841796875,9.9412841796875,XGBoost,4
2025-08-01,Advair,TER-18,100,92.49675,56.39749183654785,152.08214530944824,7.5032501220703125,7.5032501220703125,XGBoost,4
2025-09-01,Advair,TER-18,123,98.677185,63.61598281860352,151.47508964538574,24.32281494140625,24.32281494140625,XGBoost,4
2025-10-01,Advair,TER-18,140,90.368454,51.702080535888676,143.93766174316406,49.63154602050781,49.63154602050781,XGBoost,4
2025-11-01,Advair,TER-18,93,103.67955,67.12861213684081,153.3779052734375,-10.679550170898438,10.679550170898438,XGBoost,4
2025-12-01,Advair,TER-18,89,104.041084,63.491929626464845,154.81247215270994,-15.041084289550781,15.041084289550781,XGBoost,4
2025-05-01,Advair,TER-19,88,81.76117,46.72894287109375,135.56926155090332,6.23883056640625,6.23883056640625,XGBoost,4
2025-06-01,Advair,TER-19,94,94.726616,56.40699005126953,147.72821083068845,-0.7266159057617188,0.7266159057617188,XGBoost,4
2025-07-01,Advair,TER-19,66,87.36492,48.79295196533203,139.2423858642578,-21.36492156982422,21.36492156982422,XGBoost,4
2025-08-01,Advair,TER-19,93,76.76691,39.132965087890625,126.90848312377925,16.23309326171875,16.23309326171875,XGBoost,4
2025-09-01,Advair,TER-19,103,79.33612,32.148573303222655,131.18793869018552,23.66387939453125,23.66387939453125,XGBoost,4
2025-10-01,Advair,TER-19,63,94.223495,52.660103225708006,151.02166366577146,-31.223495483398438,31.223495483398438,XGBoost,4
2025-11-01,Advair,TER-19,74,91.514694,49.59771728515625,142.70892410278321,-17.514694213867188,17.514694213867188,XGBoost,4
2025-12-01,Advair,TER-19,113,81.34131,45.13994178771973,136.3264373779297,31.65869140625,31.65869140625,XGBoost,4
2025-05-01,Advair,TER-20,68,76.7886,43.18333358764649,129.78094482421872,-8.788597106933594,8.788597106933594,XGBoost,4
2025-06-01,Advair,TER-20,108,108.43836,69.97888679504395,159.86583709716797,-0.43836212158203125,0.43836212158203125,XGBoost,4
2025-07-01,Advair,TER-20,59,92.55016,53.707492446899415,148.2003440856933,-33.55016326904297,33.55016326904297,XGBoost,4
2025-08-01,Advair,TER-20,97,71.3809,25.359395599365236,123.79231376647947,25.619102478027344,25.619102478027344,XGBoost,4
2025-09-01,Advair,TER-20,83,85.48826,46.82812652587891,136.8323097229004,-2.4882583618164062,2.4882583618164062,XGBoost,4
2025-10-01,Advair,TER-20,84,86.49095,46.55355072021485,138.92350730895996,-2.4909515380859375,2.4909515380859375,XGBoost,4
2025-11-01,Advair,TER-20,104,87.134186,48.34092292785645,141.91614608764647,16.865814208984375,16.865814208984375,XGBoost,4
2025-12-01,Advair,TER-20,133,96.6986,56.48684844970703,156.95889663696278,36.30139923095703,36.30139923095703,XGBoost,4
2025-05-01,Avastin,TER-01,50,40.737732,0.0,92.37981605529785,9.26226806640625,9.26226806640625,XGBoost,4
2025-06-01,Avastin,TER-01,44,44.85979,8.569742965698245,96.0792739868164,-0.8597908020019531,0.8597908020019531,XGBoost,4
2025-07-01,Avastin,TER-01,23,34.40934,0.0,85.76389083862303,-11.409339904785156,11.409339904785156,XGBoost,4
2025-08-01,Avastin,TER-01,41,43.372864,0.7136001586914066,98.85251541137688,-2.37286376953125,2.37286376953125,XGBoost,4
2025-09-01,Avastin,TER-01,55,38.089073,0.0,87.507905960083,16.910926818847656,16.910926818847656,XGBoost,4
2025-10-01,Avastin,TER-01,35,39.51746,0.16237258911132812,86.92966308593748,-4.517459869384766,4.517459869384766,XGBoost,4
2025-11-01,Avastin,TER-01,42,49.88271,12.307395553588869,104.37698745727539,-7.882709503173828,7.882709503173828,XGBoost,4
2025-12-01,Avastin,TER-01,66,42.021427,0.0,96.79372062683105,23.978572845458984,23.978572845458984,XGBoost,4
2025-05-01,Avastin,TER-02,39,38.925312,7.278850936889649,98.20671463012695,0.07468795776367188,0.07468795776367188,XGBoost,4
2025-06-01,Avastin,TER-02,33,56.8068,17.966656875610354,110.88786926269528,-23.806800842285156,23.806800842285156,XGBoost,4
2025-07-01,Avastin,TER-02,26,30.515766,0.0,81.80005989074706,-4.515766143798828,4.515766143798828,XGBoost,4
2025-08-01,Avastin,TER-02,27,31.941628,0.0,84.94322242736814,-4.941627502441406,4.941627502441406,XGBoost,4
2025-09-01,Avastin,TER-02,45,35.939056,0.0,81.36393508911132,9.060943603515625,9.060943603515625,XGBoost,4
2025-10-01,Avastin,TER-02,33,42.126343,0.0,101.27651596069335,-9.1263427734375,9.1263427734375,XGBoost,4
2025-11-01,Avastin,TER-02,48,36.776382,0.0,92.78409442901606,11.223617553710938,11.223617553710938,XGBoost,4
2025-12-01,Avastin,TER-02,37,36.54551,0.0,91.60079994201658,0.45449066162109375,0.45449066162109375,XGBoost,4
2025-05-01,Avastin,TER-03,31,36.01635,0.0,81.73986968994134,-5.016349792480469,5.016349792480469,XGBoost,4
2025-06-01,Avastin,TER-03,53,40.798557,0.0,93.21615982055661,12.20144271850586,12.20144271850586,XGBoost,4
2025-07-01,Avastin,TER-03,40,32.17967,0.0,85.1812633514404,7.820331573486328,7.820331573486328,XGBoost,4
2025-08-01,Avastin,TER-03,32,39.737274,0.3630775451660167,90.93752822875976,-7.737274169921875,7.737274169921875,XGBoost,4
2025-09-01,Avastin,TER-03,37,35.465725,0.0,86.68801231384278,1.5342750549316406,1.5342750549316406,XGBoost,4
2025-10-01,Avastin,TER-03,28,38.25651,0.0,88.34275436401367,-10.256511688232422,10.256511688232422,XGBoost,4
2025-11-01,Avastin,TER-03,25,35.46867,0.0,94.75007247924805,-10.468669891357422,10.468669891357422,XGBoost,4
2025-12-01,Avastin,TER-03,63,37.909447,0.8322074890136738,90.97908554077144,25.090553283691406,25.090553283691406,XGBoost,4
2025-05-01,Avastin,TER-04,44,36.39073,0.0,93.73646011352538,7.6092681884765625,7.6092681884765625,XGBoost,4
2025-06-01,Avastin,TER-04,40,45.821922,6.463357543945313,98.27254486083983,-5.821922302246094,5.821922302246094,XGBoost,4
2025-07-01,Avastin,TER-04,18,30.428244,0.0,88.09116706848143,-12.428243637084961,12.428243637084961,XGBoost,4
2025-08-01,Avastin,TER-04,22,28.73516,0.0,84.04220504760735,-6.735160827636719,6.735160827636719,XGBoost,4
2025-09-01,Avastin,TER-04,39,32.574795,0.0,83.80438690185547,6.425205230712891,6.425205230712891,XGBoost,4
2025-10-01,Avastin,TER-04,31,31.42969,0.0,77.74347114562983,-0.4296894073486328,0.4296894073486328,XGBoost,4
2025-11-01,Avastin,TER-04,28,34.506943,0.0,85.73795700073242,-6.5069427490234375,6.5069427490234375,XGBoost,4
2025-12-01,Avastin,TER-04,60,35.470463,0.0,84.92739562988275,24.529537200927734,24.529537200927734,XGBoost,4
2025-05-01,Avastin,TER-05,26,38.494396,0.0,83.13378562927242,-12.494396209716797,12.494396209716797,XGBoost,4
2025-06-01,Avastin,TER-05,40,37.58118,0.0,90.99582748413081,2.4188194274902344,2.4188194274902344,XGBoost,4
2025-07-01,Avastin,TER-05,30,32.47331,0.0,83.82785949707029,-2.473308563232422,2.473308563232422,XGBoost,4
2025-08-01,Avastin,TER-05,25,27.584988,0.0,84.93459243774413,-2.5849876403808594,2.5849876403808594,XGBoost,4
2025-09-01,Avastin,TER-05,30,33.264423,0.0,83.06302185058587,-3.264423370361328,3.264423370361328,XGBoost,4
2025-10-01,Avastin,TER-05,47,33.441406,0.0,88.34163513183582,13.55859375,13.55859375,XGBoost,4
2025-11-01,Avastin,TER-05,32,37.862988,0.0,89.59148521423339,-5.862987518310547,5.862987518310547,XGBoost,4
2025-12-01,Avastin,TER-05,53,36.22371,0.0,85.92283935546875,16.776290893554688,16.776290893554688,XGBoost,4
2025-05-01,Avastin,TER-06,32,33.9278,0.0,85.66909217834471,-1.9277992248535156,1.9277992248535156,XGBoost,4
2025-06-01,Avastin,TER-06,25,32.64698,0.0,80.8798934936523,-7.646980285644531,7.646980285644531,XGBoost,4
2025-07-01,Avastin,TER-06,21,23.770737,0.0,75.64176025390624,-2.7707366943359375,2.7707366943359375,XGBoost,4
2025-08-01,Avastin,TER-06,28,25.533415,0.0,75.27258033752437,2.466585159301758,2.466585159301758,XGBoost,4
2025-09-01,Avastin,TER-06,20,26.645235,0.0,80.68082427978511,-6.645235061645508,6.645235061645508,XGBoost,4
2025-10-01,Avastin,TER-06,36,27.524982,0.0,86.00228958129881,8.475017547607422,8.475017547607422,XGBoost,4
2025-11-01,Avastin,TER-06,34,32.051617,0.0,82.61399497985836,1.9483833312988281,1.9483833312988281,XGBoost,4
2025-12-01,Avastin,TER-06,43,31.986315,0.0,82.09880790710447,11.01368522644043,11.01368522644043,XGBoost,4
2025-05-01,Avastin,TER-07,30,30.894066,0.0,91.0448860168457,-0.8940658569335938,0.8940658569335938,XGBoost,4
2025-06-01,Avastin,TER-07,44,35.55582,0.0,89.9408576965332,8.44417953491211,8.44417953491211,XGBoost,4
2025-07-01,Avastin,TER-07,29,30.110466,0.0,81.05465393066403,-1.1104660034179688,1.1104660034179688,XGBoost,4
2025-08-01,Avastin,TER-07,22,30.434803,0.0,88.42729682922364,-8.434803009033203,8.434803009033203,XGBoost,4
2025-09-01,Avastin,TER-07,21,29.480846,0.0,85.1404953002929,-8.480846405029297,8.480846405029297,XGBoost,4
2025-10-01,Avastin,TER-07,23,28.52335,0.0,80.16543388366699,-5.523349761962891,5.523349761962891,XGBoost,4
2025-11-01,Avastin,TER-07,25,26.153751,0.0,74.45668983459471,-1.1537513732910156,1.1537513732910156,XGBoost,4
2025-12-01,Avastin,TER-07,29,30.207855,0.0,80.99512290954588,-1.207855224609375,1.207855224609375,XGBoost,4
2025-05-01,Avastin,TER-08,35,30.93456,0.0,86.32733116149893,4.065439224243164,4.065439224243164,XGBoost,4
2025-06-01,Avastin,TER-08,40,31.653933,0.0,84.71938781738277,8.346067428588867,8.346067428588867,XGBoost,4
2025-07-01,Avastin,TER-08,27,26.885305,0.0,80.8922164916992,0.11469459533691406,0.11469459533691406,XGBoost,4
2025-08-01,Avastin,TER-08,18,32.237675,0.0,90.73291206359859,-14.237674713134766,14.237674713134766,XGBoost,4
2025-09-01,Avastin,TER-08,41,32.179474,0.0,86.18812751770018,8.820526123046875,8.820526123046875,XGBoost,4
2025-10-01,Avastin,TER-08,31,35.59388,0.0,97.04936714172362,-4.593879699707031,4.593879699707031,XGBoost,4
2025-11-01,Avastin,TER-08,42,34.636383,0.0,88.22735157012936,7.363616943359375,7.363616943359375,XGBoost,4
2025-12-01,Avastin,TER-08,39,31.333195,0.0,83.2924690246582,7.666805267333984,7.666805267333984,XGBoost,4
2025-05-01,Avastin,TER-09,39,29.958542,0.0,80.48741378784179,9.041458129882812,9.041458129882812,XGBoost,4
2025-06-01,Avastin,TER-09,29,33.26644,0.0,89.29531116485589,-4.266441345214844,4.266441345214844,XGBoost,4
2025-07-01,Avastin,TER-09,33,24.925535,0.0,78.91549377441406,8.074464797973633,8.074464797973633,XGBoost,4
2025-08-01,Avastin,TER-09,25,26.41081,0.0,85.74140319824218,-1.4108104705810547,1.4108104705810547,XGBoost,4
2025-09-01,Avastin,TER-09,46,31.422419,0.0,88.23378028869625,14.577581405639648,14.577581405639648,XGBoost,4
2025-10-01,Avastin,TER-09,45,32.93895,0.0,80.22440986633299,12.061050415039062,12.061050415039062,XGBoost,4
2025-11-01,Avastin,TER-09,26,35.70631,0.0,93.93455352783195,-9.706310272216797,9.706310272216797,XGBoost,4
2025-12-01,Avastin,TER-09,31,31.207838,0.0,82.13141746520995,-0.2078380584716797,0.2078380584716797,XGBoost,4
2025-05-01,Avastin,TER-10,24,31.397121,0.0,82.35046234130856,-7.397121429443359,7.397121429443359,XGBoost,4
2025-06-01,Avastin,TER-10,36,33.51087,0.0,87.93218441009519,2.4891281127929688,2.4891281127929688,XGBoost,4
2025-07-01,Avastin,TER-10,35,27.59525,0.0,75.38865337371818,7.404750823974609,7.404750823974609,XGBoost,4
2025-08-01,Avastin,TER-10,25,28.152468,0.0,81.65336494445796,-3.152467727661133,3.152467727661133,XGBoost,4
2025-09-01,Avastin,TER-10,30,30.942308,0.0,82.82386322021485,-0.9423084259033203,0.9423084259033203,XGBoost,4
2025-10-01,Avastin,TER-10,35,34.254803,0.0,82.53826408386222,0.7451972961425781,0.7451972961425781,XGBoost,4
2025-11-01,Avastin,TER-10,26,35.231804,0.0,89.6516382217407,-9.231803894042969,9.231803894042969,XGBoost,4
2025-12-01,Avastin,TER-10,51,33.892246,0.0,85.34166641235349,17.10775375366211,17.10775375366211,XGBoost,4
2025-05-01,Avastin,TER-11,34,32.631104,0.0,87.13858642578124,1.368896484375,1.368896484375,XGBoost,4
2025-06-01,Avastin,TER-11,26,35.693085,0.0,98.1899673461914,-9.693084716796875,9.693084716796875,XGBoost,4
2025-07-01,Avastin,TER-11,29,24.71,0.0,77.14385223388672,4.290000915527344,4.290000915527344,XGBoost,4
2025-08-01,Avastin,TER-11,29,30.022255,0.0,88.49956207275389,-1.0222549438476562,1.0222549438476562,XGBoost,4
2025-09-01,Avastin,TER-11,39,30.257189,0.0,75.49157295227039,8.74281120300293,8.74281120300293,XGBoost,4
2025-10-01,Avastin,TER-11,30,33.319218,0.0,87.3065299987793,-3.3192176818847656,3.3192176818847656,XGBoost,4
2025-11-01,Avastin,TER-11,32,33.147675,0.0,90.17609176635742,-1.147674560546875,1.147674560546875,XGBoost,4
2025-12-01,Avastin,TER-11,44,34.00522,0.0,82.34498367309565,9.994781494140625,9.994781494140625,XGBoost,4
2025-05-01,Avastin,TER-12,20,25.486547,0.0,77.2076629638672,-5.486547470092773,5.486547470092773,XGBoost,4
2025-06-01,Avastin,TER-12,25,30.33902,0.0,78.2125244140625,-5.339019775390625,5.339019775390625,XGBoost,4
2025-07-01,Avastin,TER-12,23,23.375494,0.0,75.26789665222167,-0.37549400329589844,0.37549400329589844,XGBoost,4
2025-08-01,Avastin,TER-12,23,24.236694,0.0,76.12917327880857,-1.2366943359375,1.2366943359375,XGBoost,4
2025-09-01,Avastin,TER-12,28,25.95661,0.0,78.513024520874,2.0433902740478516,2.0433902740478516,XGBoost,4
2025-10-01,Avastin,TER-12,28,27.781187,0.0,81.73929023742676,0.2188129425048828,0.2188129425048828,XGBoost,4
2025-11-01,Avastin,TER-12,32,30.378119,0.0,74.34005012512206,1.6218814849853516,1.6218814849853516,XGBoost,4
2025-12-01,Avastin,TER-12,45,30.45059,0.0,89.96365470886231,14.549409866333008,14.549409866333008,XGBoost,4
2025-05-01,Avastin,TER-13,22,25.398254,0.0,79.39724349975585,-3.39825439453125,3.39825439453125,XGBoost,4
2025-06-01,Avastin,TER-13,43,26.253347,0.0,78.11972618103027,16.746652603149414,16.746652603149414,XGBoost,4
2025-07-01,Avastin,TER-13,25,25.846806,0.0,78.64201736450195,-0.8468055725097656,0.8468055725097656,XGBoost,4
2025-08-01,Avastin,TER-13,34,25.152132,0.0,77.3283634185791,8.847867965698242,8.847867965698242,XGBoost,4
2025-09-01,Avastin,TER-13,39,29.285378,0.0,88.35192108154297,9.714622497558594,9.714622497558594,XGBoost,4
2025-10-01,Avastin,TER-13,39,33.00492,0.0,80.73796691894529,5.995079040527344,5.995079040527344,XGBoost,4
2025-11-01,Avastin,TER-13,33,35.17734,0.0,85.81767654418942,-2.1773414611816406,2.1773414611816406,XGBoost,4
2025-12-01,Avastin,TER-13,27,29.211857,0.0,87.72742614746087,-2.2118568420410156,2.2118568420410156,XGBoost,4
2025-05-01,Avastin,TER-14,19,26.74198,0.0,77.9393196105957,-7.741979598999023,7.741979598999023,XGBoost,4
2025-06-01,Avastin,TER-14,35,29.744635,0.0,87.36369972229004,5.255365371704102,5.255365371704102,XGBoost,4
2025-07-01,Avastin,TER-14,27,24.556976,0.0,75.92352714538572,2.443023681640625,2.443023681640625,XGBoost,4
2025-08-01,Avastin,TER-14,18,22.618488,0.0,81.59265136718749,-4.618488311767578,4.618488311767578,XGBoost,4
2025-09-01,Avastin,TER-14,34,25.975975,0.0,78.34778594970703,8.024024963378906,8.024024963378906,XGBoost,4
2025-10-01,Avastin,TER-14,36,26.304827,0.0,74.25446510314934,9.695173263549805,9.695173263549805,XGBoost,4
2025-11-01,Avastin,TER-14,27,29.489733,0.0,87.4822265625,-2.4897327423095703,2.4897327423095703,XGBoost,4
2025-12-01,Avastin,TER-14,31,30.788935,1.406173324584962,83.6682823181152,0.21106529235839844,0.21106529235839844,XGBoost,4
2025-05-01,Avastin,TER-15,27,27.587582,0.0,79.95939254760742,-0.5875816345214844,0.5875816345214844,XGBoost,4
2025-06-01,Avastin,TER-15,33,26.354372,0.0,78.22653045654292,6.645627975463867,6.645627975463867,XGBoost,4
2025-07-01,Avastin,TER-15,17,22.78757,0.0,76.34896430969238,-5.787570953369141,5.787570953369141,XGBoost,4
2025-08-01,Avastin,TER-15,23,22.565517,0.0,77.79844970703125,0.4344825744628906,0.4344825744628906,XGBoost,4
2025-09-01,Avastin,TER-15,37,27.76414,0.0,73.73591041564939,9.235860824584961,9.235860824584961,XGBoost,4
2025-10-01,Avastin,TER-15,24,29.473225,0.0,80.03116073608395,-5.473224639892578,5.473224639892578,XGBoost,4
2025-11-01,Avastin,TER-15,24,29.131166,0.0,80.95688438415527,-5.131166458129883,5.131166458129883,XGBoost,4
2025-12-01,Avastin,TER-15,31,27.945253,0.0,85.62177276611325,3.054746627807617,3.054746627807617,XGBoost,4
2025-05-01,Avastin,TER-16,39,24.598366,0.0,74.02586174011228,14.401634216308594,14.401634216308594,XGBoost,4
2025-06-01,Avastin,TER-16,39,29.584007,0.0,77.90700492858883,9.415992736816406,9.415992736816406,XGBoost,4
2025-07-01,Avastin,TER-16,18,22.947332,0.0,76.97319793701169,-4.947332382202148,4.947332382202148,XGBoost,4
2025-08-01,Avastin,TER-16,17,25.665966,0.0,78.22466888427732,-8.665966033935547,8.665966033935547,XGBoost,4
2025-09-01,Avastin,TER-16,36,28.59086,0.0,81.44830169677729,7.409139633178711,7.409139633178711,XGBoost,4
2025-10-01,Avastin,TER-16,22,27.175865,0.0,77.99289436340327,-5.175865173339844,5.175865173339844,XGBoost,4
2025-11-01,Avastin,TER-16,37,27.553724,0.0,86.63101081848144,9.44627571105957,9.44627571105957,XGBoost,4
2025-12-01,Avastin,TER-16,33,30.516447,0.0,82.9503002166748,2.483552932739258,2.483552932739258,XGBoost,4
2025-05-01,Avastin,TER-17,30,24.460474,0.0,77.46206893920896,5.539525985717773,5.539525985717773,XGBoost,4
2025-06-01,Avastin,TER-17,25,28.793537,0.0,78.51757469177245,-3.793537139892578,3.793537139892578,XGBoost,4
2025-07-01,Avastin,TER-17,14,22.319101,0.0,72.8928958892822,-8.319101333618164,8.319101333618164,XGBoost,4
2025-08-01,Avastin,TER-17,21,23.202007,0.0,72.11375656127917,-2.202007293701172,2.202007293701172,XGBoost,4
2025-09-01,Avastin,TER-17,34,22.868078,0.0,78.87579021453853,11.131921768188477,11.131921768188477,XGBoost,4
2025-10-01,Avastin,TER-17,27,25.673237,0.0,78.04587631225586,1.3267631530761719,1.3267631530761719,XGBoost,4
2025-11-01,Avastin,TER-17,34,26.755987,0.0,75.42161712646484,7.244012832641602,7.244012832641602,XGBoost,4
2025-12-01,Avastin,TER-17,35,28.928862,0.0,85.97998466491697,6.071138381958008,6.071138381958008,XGBoost,4
2025-05-01,Avastin,TER-18,30,27.832842,0.0,78.37757225036621,2.1671581268310547,2.1671581268310547,XGBoost,4
2025-06-01,Avastin,TER-18,33,28.217031,0.0,85.90981101989746,4.782968521118164,4.782968521118164,XGBoost,4
2025-07-01,Avastin,TER-18,28,22.014574,0.0,74.46980628967277,5.98542594909668,5.98542594909668,XGBoost,4
2025-08-01,Avastin,TER-18,21,23.674816,0.0,73.82570190429684,-2.674816131591797,2.674816131591797,XGBoost,4
2025-09-01,Avastin,TER-18,29,27.022635,0.0,81.44666156768795,1.977365493774414,1.977365493774414,XGBoost,4
2025-10-01,Avastin,TER-18,20,26.215195,0.0,77.94955024719238,-6.2151947021484375,6.2151947021484375,XGBoost,4
2025-11-01,Avastin,TER-18,20,26.50298,0.0,78.29494819641107,-6.502979278564453,6.502979278564453,XGBoost,4
2025-12-01,Avastin,TER-18,25,24.640104,0.0,82.06008453369138,0.3598957061767578,0.3598957061767578,XGBoost,4
2025-05-01,Avastin,TER-19,30,26.154072,0.0,84.19130249023434,3.845928192138672,3.845928192138672,XGBoost,4
2025-06-01,Avastin,TER-19,22,28.367617,0.0,87.66269874572754,-6.367616653442383,6.367616653442383,XGBoost,4
2025-07-01,Avastin,TER-19,20,22.420473,0.0,77.74195270538327,-2.420473098754883,2.420473098754883,XGBoost,4
2025-08-01,Avastin,TER-19,22,21.91005,0.0,81.4990539550781,0.0899505615234375,0.0899505615234375,XGBoost,4
2025-09-01,Avastin,TER-19,20,22.336348,0.0,73.29253540039058,-2.3363475799560547,2.3363475799560547,XGBoost,4
2025-10-01,Avastin,TER-19,24,23.824587,0.0,75.01881675720215,0.1754131317138672,0.1754131317138672,XGBoost,4
2025-11-01,Avastin,TER-19,18,24.646101,0.0,76.32331848144527,-6.646100997924805,6.646100997924805,XGBoost,4
2025-12-01,Avastin,TER-19,22,24.561764,0.0,82.15717697143555,-2.5617637634277344,2.5617637634277344,XGBoost,4
2025-05-01,Avastin,TER-20,21,23.712135,0.0,71.49397392272942,-2.7121353149414062,2.7121353149414062,XGBoost,4
2025-06-01,Avastin,TER-20,38,28.71474,0.0,78.76235618591306,9.285259246826172,9.285259246826172,XGBoost,4
2025-07-01,Avastin,TER-20,20,20.427145,0.0,71.34908638000486,-0.42714500427246094,0.42714500427246094,XGBoost,4
2025-08-01,Avastin,TER-20,12,23.008017,0.0,72.87035751342772,-11.008016586303711,11.008016586303711,XGBoost,4
2025-09-01,Avastin,TER-20,22,26.57552,0.0,79.02614212036131,-4.575519561767578,4.575519561767578,XGBoost,4
2025-10-01,Avastin,TER-20,27,24.795464,0.0,77.22795104980469,2.2045364379882812,2.2045364379882812,XGBoost,4
2025-11-01,Avastin,TER-20,21,25.677145,0.0,77.71118888854974,-4.677145004272461,4.677145004272461,XGBoost,4
2025-12-01,Avastin,TER-20,23,24.439898,0.0,70.72879295349118,-1.4398975372314453,1.4398975372314453,XGBoost,4
2025-05-01,Copaxone,TER-01,96,86.48564,46.646200561523436,137.0380199432373,9.514358520507812,9.514358520507812,XGBoost,4
2025-06-01,Copaxone,TER-01,126,131.04149,85.25972213745118,188.67388992309566,-5.0414886474609375,5.0414886474609375,XGBoost,4
2025-07-01,Copaxone,TER-01,72,87.50165,49.58383255004883,137.5754035949707,-15.50164794921875,15.50164794921875,XGBoost,4
2025-08-01,Copaxone,TER-01,64,85.55648,47.04647254943848,135.58342170715332,-21.556480407714844,21.556480407714844,XGBoost,4
2025-09-01,Copaxone,TER-01,77,88.22524,50.470526123046874,141.10538597106927,-11.225242614746094,11.225242614746094,XGBoost,4
2025-10-01,Copaxone,TER-01,121,80.06168,42.13430900573731,134.04372024536133,40.938316345214844,40.938316345214844,XGBoost,4
2025-11-01,Copaxone,TER-01,74,75.21331,38.14842491149903,124.30279197692869,-1.2133102416992188,1.2133102416992188,XGBoost,4
2025-12-01,Copaxone,TER-01,106,99.354774,60.39351043701172,148.12493286132812,6.645225524902344,6.645225524902344,XGBoost,4
2025-05-01,Copaxone,TER-02,114,80.79219,44.18294982910157,135.87507572174067,33.20780944824219,33.20780944824219,XGBoost,4
2025-06-01,Copaxone,TER-02,94,124.53228,90.92090301513672,176.26486816406248,-30.53227996826172,30.53227996826172,XGBoost,4
2025-07-01,Copaxone,TER-02,73,86.664444,44.07793655395508,138.48512268066406,-13.664443969726562,13.664443969726562,XGBoost,4
2025-08-01,Copaxone,TER-02,64,87.30809,47.41001434326172,140.30497741699216,-23.308090209960938,23.308090209960938,XGBoost,4
2025-09-01,Copaxone,TER-02,81,78.82478,31.915950775146484,135.59487915039062,2.1752166748046875,2.1752166748046875,XGBoost,4
2025-10-01,Copaxone,TER-02,71,74.3861,37.713514709472655,127.18398361206054,-3.3861007690429688,3.3861007690429688,XGBoost,4
2025-11-01,Copaxone,TER-02,131,82.98014,44.16136512756348,130.72854042053217,48.019859313964844,48.019859313964844,XGBoost,4
2025-12-01,Copaxone,TER-02,124,88.60912,46.71662902832031,140.82518272399898,35.39087677001953,35.39087677001953,XGBoost,4
2025-05-01,Copaxone,TER-03,70,82.554634,49.038686752319336,139.95221405029295,-12.554634094238281,12.554634094238281,XGBoost,4
2025-06-01,Copaxone,TER-03,64,71.50617,28.809791564941406,120.57856693267821,-7.506172180175781,7.506172180175781,XGBoost,4
2025-07-01,Copaxone,TER-03,84,66.505646,21.40977325439453,115.32771530151363,17.494354248046875,17.494354248046875,XGBoost,4
2025-08-01,Copaxone,TER-03,82,71.085915,32.61430625915527,121.68611526489252,10.914085388183594,10.914085388183594,XGBoost,4
2025-09-01,Copaxone,TER-03,116,73.282135,31.294425964355472,127.78961791992187,42.717864990234375,42.717864990234375,XGBoost,4
2025-10-01,Copaxone,TER-03,105,94.37621,58.33816680908204,145.82349319458007,10.623786926269531,10.623786926269531,XGBoost,4
2025-11-01,Copaxone,TER-03,82,96.37511,65.03211975097656,150.869384765625,-14.375106811523438,14.375106811523438,XGBoost,4
2025-12-01,Copaxone,TER-03,92,83.04447,39.699424743652344,131.75602607727046,8.955528259277344,8.955528259277344,XGBoost,4
2025-05-01,Copaxone,TER-04,62,68.915215,26.47690200805664,128.19906768798828,-6.915214538574219,6.915214538574219,XGBoost,4
2025-06-01,Copaxone,TER-04,108,75.11415,36.52933235168457,134.2739776611328,32.88584899902344,32.88584899902344,XGBoost,4
2025-07-01,Copaxone,TER-04,58,69.09381,30.129441070556645,122.9019031524658,-11.09381103515625,11.09381103515625,XGBoost,4
2025-08-01,Copaxone,TER-04,79,64.29784,24.207156372070315,109.88391189575192,14.702163696289062,14.702163696289062,XGBoost,4
2025-09-01,Copaxone,TER-04,78,61.527184,19.89034080505371,110.81396102905272,16.472816467285156,16.472816467285156,XGBoost,4
2025-10-01,Copaxone,TER-04,119,67.60099,29.31971473693848,109.34622535705564,51.399009704589844,51.399009704589844,XGBoost,4
2025-11-01,Copaxone,TER-04,61,86.26503,41.05725173950196,143.98026962280272,-25.265029907226562,25.265029907226562,XGBoost,4
2025-12-01,Copaxone,TER-04,95,75.81431,36.99901008605957,127.78443031311035,19.185691833496094,19.185691833496094,XGBoost,4
2025-05-01,Copaxone,TER-05,54,65.56458,28.977942657470706,115.24383087158199,-11.564582824707031,11.564582824707031,XGBoost,4
2025-06-01,Copaxone,TER-05,106,78.12375,36.54860763549805,136.4248146057129,27.876251220703125,27.876251220703125,XGBoost,4
2025-07-01,Copaxone,TER-05,73,65.532684,19.548797607421875,109.54266738891596,7.467315673828125,7.467315673828125,XGBoost,4
2025-08-01,Copaxone,TER-05,78,59.08156,20.509588623046874,110.00483169555663,18.918441772460938,18.918441772460938,XGBoost,4
2025-09-01,Copaxone,TER-05,112,78.07126,38.139322662353514,126.87624111175535,33.928741455078125,33.928741455078125,XGBoost,4
2025-10-01,Copaxone,TER-05,56,76.95558,41.569366455078125,134.30264015197753,-20.955581665039062,20.955581665039062,XGBoost,4
2025-11-01,Copaxone,TER-05,88,68.54904,31.444973373413088,127.61932525634765,19.450958251953125,19.450958251953125,XGBoost,4
2025-12-01,Copaxone,TER-05,102,80.22274,37.578006744384766,135.21753578186033,21.777259826660156,21.777259826660156,XGBoost,4
2025-05-01,Copaxone,TER-06,55,62.46932,27.857072448730474,114.95421218872066,-7.469318389892578,7.469318389892578,XGBoost,4
2025-06-01,Copaxone,TER-06,97,66.48969,27.643913269042972,118.32005538940429,30.51030731201172,30.51030731201172,XGBoost,4
2025-07-01,Copaxone,TER-06,71,61.83009,17.03255844116211,112.77843704223629,9.169910430908203,9.169910430908203,XGBoost,4
2025-08-01,Copaxone,TER-06,69,56.424767,10.225422668457032,107.87883148193357,12.575233459472656,12.575233459472656,XGBoost,4
2025-09-01,Copaxone,TER-06,99,71.700325,25.172674560546877,125.07344856262206,27.29967498779297,27.29967498779297,XGBoost,4
2025-10-01,Copaxone,TER-06,57,75.02011,38.823267745971684,122.22556877136228,-18.020111083984375,18.020111083984375,XGBoost,4
2025-11-01,Copaxone,TER-06,73,67.55078,29.798812866210938,107.7725700378418,5.44921875,5.44921875,XGBoost,4
2025-12-01,Copaxone,TER-06,105,71.29667,37.66118125915528,126.35969963073728,33.703330993652344,33.703330993652344,XGBoost,4
2025-05-01,Copaxone,TER-07,89,59.31237,21.59442901611328,111.20477294921874,29.68762969970703,29.68762969970703,XGBoost,4
2025-06-01,Copaxone,TER-07,69,68.14849,33.77171325683594,122.93936996459958,0.8515090942382812,0.8515090942382812,XGBoost,4
2025-07-01,Copaxone,TER-07,52,59.31124,20.739271545410155,113.70948333740233,-7.311241149902344,7.311241149902344,XGBoost,4
2025-08-01,Copaxone,TER-07,55,65.5756,26.61433563232422,118.4308536529541,-10.575599670410156,10.575599670410156,XGBoost,4
2025-09-01,Copaxone,TER-07,52,63.159027,27.027708816528325,115.53394012451172,-11.159027099609375,11.159027099609375,XGBoost,4
2025-10-01,Copaxone,TER-07,68,69.52718,26.827577972412108,121.24829902648926,-1.5271835327148438,1.5271835327148438,XGBoost,4
2025-11-01,Copaxone,TER-07,48,79.07659,39.2321891784668,136.7682113647461,-31.07659149169922,31.07659149169922,XGBoost,4
2025-12-01,Copaxone,TER-07,67,67.14211,30.576203918457033,118.78873214721679,-0.14211273193359375,0.14211273193359375,XGBoost,4
2025-05-01,Copaxone,TER-08,79,65.744095,22.500394821166992,117.04327888488768,13.255905151367188,13.255905151367188,XGBoost,4
2025-06-01,Copaxone,TER-08,71,70.60466,29.332912445068363,122.9930419921875,0.3953399658203125,0.3953399658203125,XGBoost,4
2025-07-01,Copaxone,TER-08,43,65.16498,23.605056762695312,117.07779846191401,-22.16497802734375,22.16497802734375,XGBoost,4
2025-08-01,Copaxone,TER-08,53,63.341576,16.078499603271485,118.40584144592283,-10.341575622558594,10.341575622558594,XGBoost,4
2025-09-01,Copaxone,TER-08,83,80.909744,39.2660213470459,132.8044967651367,2.0902557373046875,2.0902557373046875,XGBoost,4
2025-10-01,Copaxone,TER-08,53,70.72105,32.20026321411133,124.18042030334472,-17.721046447753906,17.721046447753906,XGBoost,4
2025-11-01,Copaxone,TER-08,68,73.089615,33.09751434326173,125.29679412841794,-5.0896148681640625,5.0896148681640625,XGBoost,4
2025-12-01,Copaxone,TER-08,61,73.02546,32.54728240966797,125.63106269836419,-12.025459289550781,12.025459289550781,XGBoost,4
2025-05-01,Copaxone,TER-09,58,66.62943,26.523532867431644,124.96460723876953,-8.629432678222656,8.629432678222656,XGBoost,4
2025-06-01,Copaxone,TER-09,62,69.71566,33.80541229248047,129.00854415893554,-7.715660095214844,7.715660095214844,XGBoost,4
2025-07-01,Copaxone,TER-09,38,63.726555,25.798202514648438,125.4777511596679,-25.72655487060547,25.72655487060547,XGBoost,4
2025-08-01,Copaxone,TER-09,74,61.655838,23.10330047607422,103.70212326049803,12.344161987304688,12.344161987304688,XGBoost,4
2025-09-01,Copaxone,TER-09,72,64.546165,27.00659942626953,124.13678779602049,7.453834533691406,7.453834533691406,XGBoost,4
2025-10-01,Copaxone,TER-09,46,64.091324,25.460244750976567,112.45924720764158,-18.091323852539062,18.091323852539062,XGBoost,4
2025-11-01,Copaxone,TER-09,86,65.035194,30.449150085449222,117.58272895812988,20.964805603027344,20.964805603027344,XGBoost,4
2025-12-01,Copaxone,TER-09,77,67.21101,30.387844848632813,124.87021293640134,9.788986206054688,9.788986206054688,XGBoost,4
2025-05-01,Copaxone,TER-10,66,76.48554,31.688011169433594,120.79313125610348,-10.485542297363281,10.485542297363281,XGBoost,4
2025-06-01,Copaxone,TER-10,104,72.8324,30.363335418701173,131.76995086669922,31.1676025390625,31.1676025390625,XGBoost,4
2025-07-01,Copaxone,TER-10,56,61.82473,25.96803894042969,111.57386856079098,-5.824729919433594,5.824729919433594,XGBoost,4
2025-08-01,Copaxone,TER-10,59,63.624203,21.25952911376953,120.55374679565428,-4.624202728271484,4.624202728271484,XGBoost,4
2025-09-01,Copaxone,TER-10,107,79.16099,43.015241622924805,131.56971015930174,27.839012145996094,27.839012145996094,XGBoost,4
2025-10-01,Copaxone,TER-10,78,68.11286,28.19113082885743,114.51681518554682,9.887138366699219,9.887138366699219,XGBoost,4
2025-11-01,Copaxone,TER-10,86,70.16025,32.52728385925293,127.27949981689444,15.839752197265625,15.839752197265625,XGBoost,4
2025-12-01,Copaxone,TER-10,106,79.91057,36.12740821838379,135.58567047119132,26.089431762695312,26.089431762695312,XGBoost,4
2025-05-01,Copaxone,TER-11,90,66.49195,27.704929733276366,123.42422409057615,23.50804901123047,23.50804901123047,XGBoost,4
2025-06-01,Copaxone,TER-11,103,91.26828,48.476627349853516,144.7522247314453,11.731719970703125,11.731719970703125,XGBoost,4
2025-07-01,Copaxone,TER-11,66,70.07278,33.2554931640625,125.11914863586425,-4.072776794433594,4.072776794433594,XGBoost,4
2025-08-01,Copaxone,TER-11,41,65.72259,27.446231842041016,114.47867164611816,-24.72258758544922,24.72258758544922,XGBoost,4
2025-09-01,Copaxone,TER-11,51,70.27415,34.013916015625,122.71303253173828,-19.274147033691406,19.274147033691406,XGBoost,4
2025-10-01,Copaxone,TER-11,89,67.88694,21.3799991607666,113.05662231445308,21.113059997558594,21.113059997558594,XGBoost,4
2025-11-01,Copaxone,TER-11,66,75.289825,34.95497741699219,129.80223236083984,-9.289825439453125,9.289825439453125,XGBoost,4
2025-12-01,Copaxone,TER-11,81,69.58597,33.49169769287109,123.46062469482415,11.414031982421875,11.414031982421875,XGBoost,4
2025-05-01,Copaxone,TER-12,88,59.779766,17.83734359741211,115.44940032958975,28.220233917236328,28.220233917236328,XGBoost,4
2025-06-01,Copaxone,TER-12,98,69.25252,29.41618537902832,122.10998077392573,28.747482299804688,28.747482299804688,XGBoost,4
2025-07-01,Copaxone,TER-12,38,57.75045,15.769010925292973,116.04972076416016,-19.750450134277344,19.750450134277344,XGBoost,4
2025-08-01,Copaxone,TER-12,67,64.47511,21.21893768310547,109.53471755981445,2.5248870849609375,2.5248870849609375,XGBoost,4
2025-09-01,Copaxone,TER-12,82,62.727787,26.592086410522462,111.50951099395749,19.272212982177734,19.272212982177734,XGBoost,4
2025-10-01,Copaxone,TER-12,69,66.71571,30.134958648681643,122.00959854125976,2.2842864990234375,2.2842864990234375,XGBoost,4
2025-11-01,Copaxone,TER-12,43,69.24308,25.999380111694336,126.64453659057615,-26.243080139160156,26.243080139160156,XGBoost,4
2025-12-01,Copaxone,TER-12,65,66.93938,29.396776580810545,118.13963088989257,-1.9393768310546875,1.9393768310546875,XGBoost,4
2025-05-01,Copaxone,TER-13,66,62.35874,22.199790954589844,108.69371795654297,3.6412582397460938,3.6412582397460938,XGBoost,4
2025-06-01,Copaxone,TER-13,65,80.38806,44.56336097717285,133.38040924072263,-15.3880615234375,15.3880615234375,XGBoost,4
2025-07-01,Copaxone,TER-13,68,60.6551,22.90869140625,113.65198898315427,7.344898223876953,7.344898223876953,XGBoost,4
2025-08-01,Copaxone,TER-13,48,57.79802,18.93442764282227,106.93203392028802,-9.798019409179688,9.798019409179688,XGBoost,4
2025-09-01,Copaxone,TER-13,61,73.42533,30.850418853759766,128.37965965270996,-12.425331115722656,12.425331115722656,XGBoost,4
2025-10-01,Copaxone,TER-13,70,68.363655,30.020666122436523,119.58295898437498,1.6363449096679688,1.6363449096679688,XGBoost,4
2025-11-01,Copaxone,TER-13,54,68.838875,25.584742355346684,126.9887222290039,-14.838874816894531,14.838874816894531,XGBoost,4
2025-12-01,Copaxone,TER-13,70,60.6498,21.592166900634773,109.08382453918443,9.350200653076172,9.350200653076172,XGBoost,4
2025-05-01,Copaxone,TER-14,67,63.19528,21.551555252075197,112.49191837310791,3.8047218322753906,3.8047218322753906,XGBoost,4
2025-06-01,Copaxone,TER-14,67,69.77318,31.4984375,115.37231750488277,-2.7731781005859375,2.7731781005859375,XGBoost,4
2025-07-01,Copaxone,TER-14,57,54.05755,17.24629020690918,105.88382072448731,2.9424514770507812,2.9424514770507812,XGBoost,4
2025-08-01,Copaxone,TER-14,34,59.482346,23.375162124633793,103.25150909423827,-25.482345581054688,25.482345581054688,XGBoost,4
2025-09-01,Copaxone,TER-14,50,60.016495,15.66258010864258,105.17054519653317,-10.016494750976562,10.016494750976562,XGBoost,4
2025-10-01,Copaxone,TER-14,67,63.878227,20.585523986816405,116.42576293945311,3.1217727661132812,3.1217727661132812,XGBoost,4
2025-11-01,Copaxone,TER-14,84,65.59268,25.55987548828125,117.49789733886716,18.407318115234375,18.407318115234375,XGBoost,4
2025-12-01,Copaxone,TER-14,81,61.266968,27.737045669555663,115.76124572753906,19.7330322265625,19.7330322265625,XGBoost,4
2025-05-01,Copaxone,TER-15,76,53.371143,10.077009963989259,107.75618057250976,22.628856658935547,22.628856658935547,XGBoost,4
2025-06-01,Copaxone,TER-15,58,64.07212,26.766380310058594,115.5220951080322,-6.072120666503906,6.072120666503906,XGBoost,4
2025-07-01,Copaxone,TER-15,58,57.86293,18.935256958007812,107.62763137817379,0.1370697021484375,0.1370697021484375,XGBoost,4
2025-08-01,Copaxone,TER-15,45,57.467403,11.771683502197266,107.2086326599121,-12.467403411865234,12.467403411865234,XGBoost,4
2025-09-01,Copaxone,TER-15,63,54.63717,12.065481567382813,111.51735382080074,8.362831115722656,8.362831115722656,XGBoost,4
2025-10-01,Copaxone,TER-15,42,66.974434,30.285921859741215,124.75966720581054,-24.97443389892578,24.97443389892578,XGBoost,4
2025-11-01,Copaxone,TER-15,73,60.327343,16.963837051391604,111.6933395385742,12.672657012939453,12.672657012939453,XGBoost,4
2025-12-01,Copaxone,TER-15,79,54.9187,17.199058532714844,106.16078376770015,24.081298828125,24.081298828125,XGBoost,4
2025-05-01,Copaxone,TER-16,76,68.5327,30.755603408813478,115.62873497009276,7.4673004150390625,7.4673004150390625,XGBoost,4
2025-06-01,Copaxone,TER-16,85,73.915306,35.62959976196289,118.04296646118159,11.084693908691406,11.084693908691406,XGBoost,4
2025-07-01,Copaxone,TER-16,57,56.446053,8.878573608398439,105.74339542388915,0.5539474487304688,0.5539474487304688,XGBoost,4
2025-08-01,Copaxone,TER-16,42,60.646313,22.372234344482422,105.3108016967773,-18.646312713623047,18.646312713623047,XGBoost,4
2025-09-01,Copaxone,TER-16,99,65.32241,22.846747970581056,118.29520416259766,33.677589416503906,33.677589416503906,XGBoost,4
2025-10-01,Copaxone,TER-16,64,75.451195,29.18639373779297,128.00142326354978,-11.451194763183594,11.451194763183594,XGBoost,4
2025-11-01,Copaxone,TER-16,55,68.63493,31.278498840332034,121.463117980957,-13.634933471679688,13.634933471679688,XGBoost,4
2025-12-01,Copaxone,TER-16,93,63.175175,24.381911849975587,117.18783531188963,29.824825286865234,29.824825286865234,XGBoost,4
2025-05-01,Copaxone,TER-17,48,61.12199,20.95746841430664,119.6095405578613,-13.121990203857422,13.121990203857422,XGBoost,4
2025-06-01,Copaxone,TER-17,51,60.258354,21.792137145996094,115.12420387268065,-9.258354187011719,9.258354187011719,XGBoost,4
2025-07-01,Copaxone,TER-17,38,52.182903,14.981572341918948,101.92413253784179,-14.182903289794922,14.182903289794922,XGBoost,4
2025-08-01,Copaxone,TER-17,43,49.978146,11.451120758056641,103.93889503479004,-6.978145599365234,6.978145599365234,XGBoost,4
2025-09-01,Copaxone,TER-17,44,54.286552,14.253746032714846,109.85100479125977,-10.286552429199219,10.286552429199219,XGBoost,4
2025-10-01,Copaxone,TER-17,63,54.252823,17.441564559936523,106.829376220703,8.747177124023438,8.747177124023438,XGBoost,4
2025-11-01,Copaxone,TER-17,64,58.599045,18.7424072265625,116.23144607543942,5.4009552001953125,5.4009552001953125,XGBoost,4
2025-12-01,Copaxone,TER-17,81,58.533916,16.086237335205077,112.67015743255607,22.466083526611328,22.466083526611328,XGBoost,4
2025-05-01,Copaxone,TER-18,69,62.133106,22.547005462646492,109.89488563537593,6.866893768310547,6.866893768310547,XGBoost,4
2025-06-01,Copaxone,TER-18,63,83.1099,38.77874069213867,136.58966255187985,-20.109901428222656,20.109901428222656,XGBoost,4
2025-07-01,Copaxone,TER-18,39,63.127663,21.89196357727051,117.64906196594235,-24.127662658691406,24.127662658691406,XGBoost,4
2025-08-01,Copaxone,TER-18,65,54.355904,16.062863159179688,108.41371822357176,10.644096374511719,10.644096374511719,XGBoost,4
2025-09-01,Copaxone,TER-18,56,64.960464,27.21471633911133,113.76994628906247,-8.960464477539062,8.960464477539062,XGBoost,4
2025-10-01,Copaxone,TER-18,71,60.803238,23.97886848449707,110.19795150756835,10.196762084960938,10.196762084960938,XGBoost,4
2025-11-01,Copaxone,TER-18,54,66.317474,26.473072052001953,123.91288757324219,-12.317474365234375,12.317474365234375,XGBoost,4
2025-12-01,Copaxone,TER-18,49,67.05866,24.601195526123046,122.02537231445311,-18.05866241455078,18.05866241455078,XGBoost,4
2025-05-01,Copaxone,TER-19,41,48.218864,9.634045791625978,99.87242126464842,-7.218864440917969,7.218864440917969,XGBoost,4
2025-06-01,Copaxone,TER-19,59,60.87101,22.343320465087892,112.22556076049803,-1.8710098266601562,1.8710098266601562,XGBoost,4
2025-07-01,Copaxone,TER-19,32,55.17705,15.340716552734374,117.23523864746092,-23.177051544189453,23.177051544189453,XGBoost,4
2025-08-01,Copaxone,TER-19,59,51.471268,13.57392578125,99.86963424682612,7.5287322998046875,7.5287322998046875,XGBoost,4
2025-09-01,Copaxone,TER-19,53,51.771896,15.640719223022462,104.61736145019526,1.2281036376953125,1.2281036376953125,XGBoost,4
2025-10-01,Copaxone,TER-19,47,52.579597,14.654452514648439,105.62466545104978,-5.579597473144531,5.579597473144531,XGBoost,4
2025-11-01,Copaxone,TER-19,73,59.103893,22.231106948852542,112.69998664855953,13.896106719970703,13.896106719970703,XGBoost,4
2025-12-01,Copaxone,TER-19,89,55.85512,12.623498916625978,113.00593032836913,33.14487838745117,33.14487838745117,XGBoost,4
2025-05-01,Copaxone,TER-20,55,64.001724,23.599273681640625,117.52157592773432,-9.001724243164062,9.001724243164062,XGBoost,4
2025-06-01,Copaxone,TER-20,49,76.33208,36.886074447631835,126.43849067687985,-27.332077026367188,27.332077026367188,XGBoost,4
2025-07-01,Copaxone,TER-20,52,51.92192,15.30563888549805,98.71107482910156,0.0780792236328125,0.0780792236328125,XGBoost,4
2025-08-01,Copaxone,TER-20,56,52.772377,13.417289733886719,110.16896514892578,3.2276229858398438,3.2276229858398438,XGBoost,4
2025-09-01,Copaxone,TER-20,74,55.461845,12.248681640625,107.44174652099608,18.53815460205078,18.53815460205078,XGBoost,4
2025-10-01,Copaxone,TER-20,55,62.212227,16.41923828125,111.94232902526855,-7.212226867675781,7.212226867675781,XGBoost,4
2025-11-01,Copaxone,TER-20,77,61.194912,21.33827438354492,111.28934173583983,15.80508804321289,15.80508804321289,XGBoost,4
2025-12-01,Copaxone,TER-20,85,61.118084,17.77756690979004,112.31261978149413,23.881916046142578,23.881916046142578,XGBoost,4
2025-05-01,Crestor,TER-01,228,193.21706,146.73858795166015,238.2762924194336,34.78294372558594,34.78294372558594,XGBoost,4
2025-06-01,Crestor,TER-01,202,197.19249,151.29364089965821,249.06351318359376,4.8075103759765625,4.8075103759765625,XGBoost,4
2025-07-01,Crestor,TER-01,171,227.55579,189.18438720703125,282.52249603271486,-56.5557861328125,56.5557861328125,XGBoost,4
2025-08-01,Crestor,TER-01,158,181.5481,134.85208396911622,245.6610221862793,-23.548095703125,23.548095703125,XGBoost,4
2025-09-01,Crestor,TER-01,197,203.2362,159.9226444244385,256.2765663146972,-6.2362060546875,6.2362060546875,XGBoost,4
2025-10-01,Crestor,TER-01,282,195.15355,152.4942855834961,247.54653015136716,86.84645080566406,86.84645080566406,XGBoost,4
2025-11-01,Crestor,TER-01,271,211.72096,165.24310989379882,263.4731033325195,59.27903747558594,59.27903747558594,XGBoost,4
2025-12-01,Crestor,TER-01,238,223.33554,185.05249404907227,272.96942138671875,14.664459228515625,14.664459228515625,XGBoost,4
2025-05-01,Crestor,TER-02,180,182.50204,143.9954071044922,233.7863384246826,-2.502044677734375,2.502044677734375,XGBoost,4
2025-06-01,Crestor,TER-02,239,224.49559,181.9268440246582,282.6772979736328,14.504409790039062,14.504409790039062,XGBoost,4
2025-07-01,Crestor,TER-02,115,163.5266,123.23107299804688,216.33066520690917,-48.52659606933594,48.52659606933594,XGBoost,4
2025-08-01,Crestor,TER-02,232,169.63455,124.54164123535156,223.62186431884766,62.365447998046875,62.365447998046875,XGBoost,4
2025-09-01,Crestor,TER-02,230,170.8741,133.15615844726562,222.06663513183594,59.12590026855469,59.12590026855469,XGBoost,4
2025-10-01,Crestor,TER-02,254,162.2672,130.96309967041014,219.04044342041016,91.73280334472656,91.73280334472656,XGBoost,4
2025-11-01,Crestor,TER-02,153,167.43893,121.25126571655274,221.54155273437493,-14.438934326171875,14.438934326171875,XGBoost,4
2025-12-01,Crestor,TER-02,229,212.04044,168.75023651123047,264.4729232788086,16.959564208984375,16.959564208984375,XGBoost,4
2025-05-01,Crestor,TER-03,202,171.78987,133.12283325195312,221.26987380981436,30.210128784179688,30.210128784179688,XGBoost,4
2025-06-01,Crestor,TER-03,212,197.32483,155.43243179321288,245.69873733520507,14.6751708984375,14.6751708984375,XGBoost,4
2025-07-01,Crestor,TER-03,107,186.8816,146.92451858520508,241.9446376800537,-79.88160705566406,79.88160705566406,XGBoost,4
2025-08-01,Crestor,TER-03,114,164.18974,127.01983337402343,216.74615783691405,-50.18974304199219,50.18974304199219,XGBoost,4
2025-09-01,Crestor,TER-03,135,171.81436,134.32153358459473,228.76196746826167,-36.814361572265625,36.814361572265625,XGBoost,4
2025-10-01,Crestor,TER-03,242,190.4221,147.2916187286377,243.4624641418457,51.57789611816406,51.57789611816406,XGBoost,4
2025-11-01,Crestor,TER-03,135,154.22723,114.37527961730957,209.0091941833496,-19.22723388671875,19.22723388671875,XGBoost,4
2025-12-01,Crestor,TER-03,139,203.39268,159.64704780578614,256.84735107421875,-64.39268493652344,64.39268493652344,XGBoost,4
2025-05-01,Crestor,TER-04,131,176.0347,138.1191604614258,221.70654296875,-45.034698486328125,45.034698486328125,XGBoost,4
2025-06-01,Crestor,TER-04,290,211.34756,176.88071327209474,265.7404634475708,78.65243530273438,78.65243530273438,XGBoost,4
2025-07-01,Crestor,TER-04,123,137.40082,94.05910911560059,187.16468429565427,-14.40081787109375,14.40081787109375,XGBoost,4
2025-08-01,Crestor,TER-04,176,181.56003,141.32005615234377,239.179093170166,-5.560028076171875,5.560028076171875,XGBoost,4
2025-09-01,Crestor,TER-04,257,168.05104,124.84544143676757,221.52488403320302,88.94895935058594,88.94895935058594,XGBoost,4
2025-10-01,Crestor,TER-04,218,178.78673,142.69111175537108,230.51253128051758,39.21327209472656,39.21327209472656,XGBoost,4
2025-11-01,Crestor,TER-04,226,192.90274,164.13878021240234,244.21123008728026,33.097259521484375,33.097259521484375,XGBoost,4
2025-12-01,Crestor,TER-04,204,178.2094,139.83799743652344,232.61736221313473,25.790603637695312,25.790603637695312,XGBoost,4
2025-05-01,Crestor,TER-05,167,154.66476,115.87083702087402,204.36311950683594,12.335235595703125,12.335235595703125,XGBoost,4
2025-06-01,Crestor,TER-05,224,204.05399,164.20203132629393,253.57138214111316,19.946014404296875,19.946014404296875,XGBoost,4
2025-07-01,Crestor,TER-05,115,153.48434,110.72245559692382,200.85165042877188,-38.484344482421875,38.484344482421875,XGBoost,4
2025-08-01,Crestor,TER-05,132,152.80673,108.63340950012207,207.20497436523436,-20.806732177734375,20.806732177734375,XGBoost,4
2025-09-01,Crestor,TER-05,183,191.85667,149.87258682250976,244.0426845550537,-8.856674194335938,8.856674194335938,XGBoost,4
2025-10-01,Crestor,TER-05,113,163.7669,121.82826309204101,215.7468078613281,-50.76690673828125,50.76690673828125,XGBoost,4
2025-11-01,Crestor,TER-05,152,157.69351,110.07856140136718,209.41462745666504,-5.693511962890625,5.693511962890625,XGBoost,4
2025-12-01,Crestor,TER-05,166,190.45164,156.318204498291,244.83267517089843,-24.451644897460938,24.451644897460938,XGBoost,4
2025-05-01,Crestor,TER-06,149,168.33014,129.84788856506347,220.1713497161865,-19.33013916015625,19.33013916015625,XGBoost,4
2025-06-01,Crestor,TER-06,173,164.37126,121.16341934204101,215.2932029724121,8.628738403320312,8.628738403320312,XGBoost,4
2025-07-01,Crestor,TER-06,117,115.17882,77.84353103637696,167.3886909484863,1.8211822509765625,1.8211822509765625,XGBoost,4
2025-08-01,Crestor,TER-06,99,124.94847,89.31377944946288,183.35197296142573,-25.948471069335938,25.948471069335938,XGBoost,4
2025-09-01,Crestor,TER-06,208,150.66087,105.4747413635254,205.52400856018065,57.33912658691406,57.33912658691406,XGBoost,4
2025-10-01,Crestor,TER-06,154,150.04637,113.50513572692871,203.06947402954097,3.9536285400390625,3.9536285400390625,XGBoost,4
2025-11-01,Crestor,TER-06,111,158.60544,118.19831237792968,214.1686553955078,-47.605438232421875,47.605438232421875,XGBoost,4
2025-12-01,Crestor,TER-06,135,165.37825,129.1143772125244,216.62877235412594,-30.378250122070312,30.378250122070312,XGBoost,4
2025-05-01,Crestor,TER-07,128,146.71077,103.58028450012208,199.75583763122557,-18.710769653320312,18.710769653320312,XGBoost,4
2025-06-01,Crestor,TER-07,186,159.22018,123.08448371887208,218.92190551757812,26.779815673828125,26.779815673828125,XGBoost,4
2025-07-01,Crestor,TER-07,140,131.16505,88.52667846679688,181.3302009582519,8.834945678710938,8.834945678710938,XGBoost,4
2025-08-01,Crestor,TER-07,103,147.82188,110.04478797912599,191.59371757507324,-44.82188415527344,44.82188415527344,XGBoost,4
2025-09-01,Crestor,TER-07,130,151.93816,113.44953079223633,203.16493797302243,-21.938156127929688,21.938156127929688,XGBoost,4
2025-10-01,Crestor,TER-07,117,156.45624,120.84449768066406,214.49889602661128,-39.45623779296875,39.45623779296875,XGBoost,4
2025-11-01,Crestor,TER-07,134,163.57582,122.01589965820312,215.31302337646483,-29.575820922851562,29.575820922851562,XGBoost,4
2025-12-01,Crestor,TER-07,147,158.1324,121.5545810699463,222.9343578338623,-11.132400512695312,11.132400512695312,XGBoost,4
2025-05-01,Crestor,TER-08,110,148.1094,109.53536224365234,201.6582260131836,-38.109405517578125,38.109405517578125,XGBoost,4
2025-06-01,Crestor,TER-08,119,150.83482,115.43733215332031,203.68808135986322,-31.834823608398438,31.834823608398438,XGBoost,4
2025-07-01,Crestor,TER-08,115,131.02751,88.02812843322754,188.4240997314453,-16.027511596679688,16.027511596679688,XGBoost,4
2025-08-01,Crestor,TER-08,167,133.54146,97.25743560791015,181.43549575805662,33.45854187011719,33.45854187011719,XGBoost,4
2025-09-01,Crestor,TER-08,175,141.86372,101.63472442626953,196.37120666503904,33.13627624511719,33.13627624511719,XGBoost,4
2025-10-01,Crestor,TER-08,153,155.61989,113.64266586303711,203.27808074951173,-2.6198883056640625,2.6198883056640625,XGBoost,4
2025-11-01,Crestor,TER-08,134,158.9357,122.67182655334473,216.554825592041,-24.935699462890625,24.935699462890625,XGBoost,4
2025-12-01,Crestor,TER-08,140,162.90918,126.82086563110352,214.10173416137695,-22.9091796875,22.9091796875,XGBoost,4
2025-05-01,Crestor,TER-09,128,142.0997,96.30034790039062,194.65611572265624,-14.099700927734375,14.099700927734375,XGBoost,4
2025-06-01,Crestor,TER-09,182,161.88136,124.56736640930175,216.83421325683594,20.118637084960938,20.118637084960938,XGBoost,4
2025-07-01,Crestor,TER-09,142,138.23827,100.63801574707031,184.96137390136715,3.7617340087890625,3.7617340087890625,XGBoost,4
2025-08-01,Crestor,TER-09,83,167.00204,125.76634559631347,218.2863384246826,-84.00204467773438,84.00204467773438,XGBoost,4
2025-09-01,Crestor,TER-09,161,138.7211,101.17091369628906,191.268635559082,22.278900146484375,22.278900146484375,XGBoost,4
2025-10-01,Crestor,TER-09,200,160.06905,119.90452423095704,215.67558650970457,39.93095397949219,39.93095397949219,XGBoost,4
2025-11-01,Crestor,TER-09,121,141.9411,98.24624099731446,194.51707000732418,-20.94110107421875,20.94110107421875,XGBoost,4
2025-12-01,Crestor,TER-09,150,147.15372,107.11732482910156,199.32994842529297,2.846282958984375,2.846282958984375,XGBoost,4
2025-05-01,Crestor,TER-10,148,135.62341,102.28318786621094,193.0223232269287,12.3765869140625,12.3765869140625,XGBoost,4
2025-06-01,Crestor,TER-10,147,195.12173,152.6958465576172,245.70191726684564,-48.121734619140625,48.121734619140625,XGBoost,4
2025-07-01,Crestor,TER-10,114,149.54175,112.40468673706056,206.31499481201172,-35.541748046875,35.541748046875,XGBoost,4
2025-08-01,Crestor,TER-10,102,127.87812,85.52393341064453,179.6037712097168,-25.87812042236328,25.87812042236328,XGBoost,4
2025-09-01,Crestor,TER-10,190,154.49837,112.5551643371582,209.45088653564446,35.50163269042969,35.50163269042969,XGBoost,4
2025-10-01,Crestor,TER-10,149,134.92154,90.49556045532228,186.56362342834473,14.078460693359375,14.078460693359375,XGBoost,4
2025-11-01,Crestor,TER-10,214,159.31726,113.4777816772461,214.61888580322264,54.6827392578125,54.6827392578125,XGBoost,4
2025-12-01,Crestor,TER-10,147,157.49866,115.92776336669922,211.31093292236326,-10.4986572265625,10.4986572265625,XGBoost,4
2025-05-01,Crestor,TER-11,178,145.00218,104.663862991333,198.46155586242676,32.99781799316406,32.99781799316406,XGBoost,4
2025-06-01,Crestor,TER-11,229,180.953,141.57389450073242,228.66209564208984,48.0469970703125,48.0469970703125,XGBoost,4
2025-07-01,Crestor,TER-11,125,133.31635,87.12867660522461,179.6001884460449,-8.31634521484375,8.31634521484375,XGBoost,4
2025-08-01,Crestor,TER-11,108,159.07928,121.79635353088379,206.36654930114744,-51.07928466796875,51.07928466796875,XGBoost,4
2025-09-01,Crestor,TER-11,183,150.49367,113.32964324951172,201.7750473022461,32.50633239746094,32.50633239746094,XGBoost,4
2025-10-01,Crestor,TER-11,169,141.72818,101.22446060180664,196.2621368408203,27.271820068359375,27.271820068359375,XGBoost,4
2025-11-01,Crestor,TER-11,149,170.16805,131.3279037475586,222.56373291015623,-21.168045043945312,21.168045043945312,XGBoost,4
2025-12-01,Crestor,TER-11,151,177.0718,137.1576690673828,229.03106689453125,-26.071792602539062,26.071792602539062,XGBoost,4
2025-05-01,Crestor,TER-12,162,136.79408,94.09346771240234,186.18879623413085,25.205917358398438,25.205917358398438,XGBoost,4
2025-06-01,Crestor,TER-12,162,161.41663,119.6303726196289,217.42433795928952,0.5833740234375,0.5833740234375,XGBoost,4
2025-07-01,Crestor,TER-12,118,137.75223,95.79840393066407,190.58041229248045,-19.752227783203125,19.752227783203125,XGBoost,4
2025-08-01,Crestor,TER-12,91,137.69206,99.94009399414062,189.42657051086425,-46.69206237792969,46.69206237792969,XGBoost,4
2025-09-01,Crestor,TER-12,142,143.72981,103.44816284179687,189.998225402832,-1.7298126220703125,1.7298126220703125,XGBoost,4
2025-10-01,Crestor,TER-12,123,132.02274,94.22293701171876,189.619140625,-9.022735595703125,9.022735595703125,XGBoost,4
2025-11-01,Crestor,TER-12,120,139.4477,93.5982276916504,194.71424770355222,-19.44769287109375,19.44769287109375,XGBoost,4
2025-12-01,Crestor,TER-12,207,142.81583,100.15555343627929,197.2087251663208,64.18417358398438,64.18417358398438,XGBoost,4
2025-05-01,Crestor,TER-13,134,136.68246,98.75345001220703,195.75274810791015,-2.682464599609375,2.682464599609375,XGBoost,4
2025-06-01,Crestor,TER-13,130,155.03566,116.50863494873047,202.78208541870114,-25.035659790039062,25.035659790039062,XGBoost,4
2025-07-01,Crestor,TER-13,136,118.86302,79.94797439575196,171.41055641174316,17.136978149414062,17.136978149414062,XGBoost,4
2025-08-01,Crestor,TER-13,76,119.81683,81.54047775268555,174.21373920440672,-43.81683349609375,43.81683349609375,XGBoost,4
2025-09-01,Crestor,TER-13,201,142.78162,99.46732749938965,195.686058807373,58.2183837890625,58.2183837890625,XGBoost,4
2025-10-01,Crestor,TER-13,165,143.87051,101.50289916992188,205.2417755126953,21.129486083984375,21.129486083984375,XGBoost,4
2025-11-01,Crestor,TER-13,134,151.49214,111.5940658569336,203.3157196044922,-17.492141723632812,17.492141723632812,XGBoost,4
2025-12-01,Crestor,TER-13,136,160.94626,125.87850646972656,220.82723999023438,-24.946258544921875,24.946258544921875,XGBoost,4
2025-05-01,Crestor,TER-14,116,120.97382,79.0004768371582,180.12169342041014,-4.973823547363281,4.973823547363281,XGBoost,4
2025-06-01,Crestor,TER-14,117,127.38764,84.15664253234864,180.2624500274658,-10.387641906738281,10.387641906738281,XGBoost,4
2025-07-01,Crestor,TER-14,97,112.42661,74.85032119750977,173.56401596069327,-15.426612854003906,15.426612854003906,XGBoost,4
2025-08-01,Crestor,TER-14,127,135.85596,95.97180519104005,187.50272903442382,-8.85595703125,8.85595703125,XGBoost,4
2025-09-01,Crestor,TER-14,176,120.61391,80.68197097778321,170.2672191619873,55.38609313964844,55.38609313964844,XGBoost,4
2025-10-01,Crestor,TER-14,99,123.24213,84.78804244995118,178.90771636962884,-24.24212646484375,24.24212646484375,XGBoost,4
2025-11-01,Crestor,TER-14,126,141.14543,108.09053649902344,197.17703037261956,-15.145431518554688,15.145431518554688,XGBoost,4
2025-12-01,Crestor,TER-14,192,141.2487,105.41761283874511,196.83177471160886,50.75129699707031,50.75129699707031,XGBoost,4
2025-05-01,Crestor,TER-15,87,121.39804,84.84710273742675,169.15783119201654,-34.398040771484375,34.398040771484375,XGBoost,4
2025-06-01,Crestor,TER-15,112,158.02412,119.084228515625,208.58339233398434,-46.02412414550781,46.02412414550781,XGBoost,4
2025-07-01,Crestor,TER-15,132,132.43704,87.63951110839844,184.19329109191892,-0.437042236328125,0.437042236328125,XGBoost,4
2025-08-01,Crestor,TER-15,98,154.2562,109.09301452636718,203.53108749389648,-56.256195068359375,56.256195068359375,XGBoost,4
2025-09-01,Crestor,TER-15,151,122.80117,76.31468315124512,182.13008460998532,28.198829650878906,28.198829650878906,XGBoost,4
2025-10-01,Crestor,TER-15,126,154.4161,122.35925254821778,207.98531494140624,-28.416107177734375,28.416107177734375,XGBoost,4
2025-11-01,Crestor,TER-15,117,127.75876,92.15202674865722,181.71686172485352,-10.758758544921875,10.758758544921875,XGBoost,4
2025-12-01,Crestor,TER-15,133,140.18814,102.18171691894531,195.2434314727783,-7.188140869140625,7.188140869140625,XGBoost,4
2025-05-01,Crestor,TER-16,126,145.21486,103.26185302734375,196.56940994262695,-19.214859008789062,19.214859008789062,XGBoost,4
2025-06-01,Crestor,TER-16,209,144.4983,108.75494613647462,205.90278396606442,64.50169372558594,64.50169372558594,XGBoost,4
2025-07-01,Crestor,TER-16,81,132.12135,89.42073822021484,185.09643478393554,-51.12135314941406,51.12135314941406,XGBoost,4
2025-08-01,Crestor,TER-16,100,115.942184,76.49617919921874,165.65755882263184,-15.942184448242188,15.942184448242188,XGBoost,4
2025-09-01,Crestor,TER-16,194,141.82521,104.2750244140625,194.4011795043945,52.17478942871094,52.17478942871094,XGBoost,4
2025-10-01,Crestor,TER-16,186,145.30388,106.83376121520996,195.9664413452148,40.69612121582031,40.69612121582031,XGBoost,4
2025-11-01,Crestor,TER-16,157,139.25151,99.26390037536622,191.2614608764648,17.748489379882812,17.748489379882812,XGBoost,4
2025-12-01,Crestor,TER-16,135,135.1404,93.24721832275391,191.91364288330078,-0.1403961181640625,0.1403961181640625,XGBoost,4
2025-05-01,Crestor,TER-17,147,117.425156,81.64551010131837,168.6443328857422,29.574844360351562,29.574844360351562,XGBoost,4
2025-06-01,Crestor,TER-17,172,120.90022,83.68167343139649,179.29716682434076,51.09977722167969,51.09977722167969,XGBoost,4
2025-07-01,Crestor,TER-17,135,107.83053,69.27799072265626,161.3642963409423,27.169471740722656,27.169471740722656,XGBoost,4
2025-08-01,Crestor,TER-17,114,123.19266,77.61041870117188,177.6027681350708,-9.192657470703125,9.192657470703125,XGBoost,4
2025-09-01,Crestor,TER-17,87,116.921776,76.42581939697266,170.73098831176756,-29.921775817871094,29.921775817871094,XGBoost,4
2025-10-01,Crestor,TER-17,109,132.97401,89.76841506958007,182.4046966552734,-23.974014282226562,23.974014282226562,XGBoost,4
2025-11-01,Crestor,TER-17,166,135.14452,97.38463821411133,193.62289886474608,30.855484008789062,30.855484008789062,XGBoost,4
2025-12-01,Crestor,TER-17,140,113.773125,78.01467170715333,163.9168361663818,26.22687530517578,26.22687530517578,XGBoost,4
2025-05-01,Crestor,TER-18,163,123.5307,84.94501342773438,177.91061305999756,39.46929931640625,39.46929931640625,XGBoost,4
2025-06-01,Crestor,TER-18,104,133.51735,93.44391632080078,185.41953086853025,-29.517349243164062,29.517349243164062,XGBoost,4
2025-07-01,Crestor,TER-18,98,113.20783,66.03133392333984,161.4511295318603,-15.207832336425781,15.207832336425781,XGBoost,4
2025-08-01,Crestor,TER-18,113,119.66019,81.17793617248535,170.85274124145508,-6.660186767578125,6.660186767578125,XGBoost,4
2025-09-01,Crestor,TER-18,108,111.993484,73.41483650207519,160.65789031982422,-3.9934844970703125,3.9934844970703125,XGBoost,4
2025-10-01,Crestor,TER-18,113,129.25475,92.08483581542968,182.10999946594237,-16.254745483398438,16.254745483398438,XGBoost,4
2025-11-01,Crestor,TER-18,129,128.8694,94.98330764770508,183.9061050415039,0.1305999755859375,0.1305999755859375,XGBoost,4
2025-12-01,Crestor,TER-18,97,109.809074,71.32044906616211,166.95988311767576,-12.809074401855469,12.809074401855469,XGBoost,4
2025-05-01,Crestor,TER-19,117,114.00937,66.76185607910156,171.16290664672852,2.990631103515625,2.990631103515625,XGBoost,4
2025-06-01,Crestor,TER-19,160,133.00089,93.04551391601562,187.5762395858763,26.999114990234375,26.999114990234375,XGBoost,4
2025-07-01,Crestor,TER-19,98,105.396255,68.34671211242676,157.84817657470703,-7.3962554931640625,7.3962554931640625,XGBoost,4
2025-08-01,Crestor,TER-19,101,135.5427,92.32953033447265,193.1614994049072,-34.542694091796875,34.542694091796875,XGBoost,4
2025-09-01,Crestor,TER-19,171,125.04824,82.26509399414063,180.05969505310057,45.951759338378906,45.951759338378906,XGBoost,4
2025-10-01,Crestor,TER-19,87,140.9917,100.21827697753906,198.66821861267087,-53.99169921875,53.99169921875,XGBoost,4
2025-11-01,Crestor,TER-19,144,135.539,92.41016883850098,182.82626609802244,8.46099853515625,8.46099853515625,XGBoost,4
2025-12-01,Crestor,TER-19,98,143.7316,104.88581848144531,192.39722785949706,-45.731597900390625,45.731597900390625,XGBoost,4
2025-05-01,Crestor,TER-20,97,97.60429,56.04436492919922,149.79333038330077,-0.6042861938476562,0.6042861938476562,XGBoost,4
2025-06-01,Crestor,TER-20,153,122.927666,82.64396667480469,176.9632549285888,30.07233428955078,30.07233428955078,XGBoost,4
2025-07-01,Crestor,TER-20,97,113.85782,75.34384689331054,165.58576202392578,-16.857818603515625,16.857818603515625,XGBoost,4
2025-08-01,Crestor,TER-20,93,105.18874,61.85741195678712,167.15662918090817,-12.188743591308594,12.188743591308594,XGBoost,4
2025-09-01,Crestor,TER-20,155,115.82617,77.2411491394043,168.00240325927734,39.173828125,39.173828125,XGBoost,4
2025-10-01,Crestor,TER-20,102,130.29346,87.0372817993164,179.71228981018064,-28.29345703125,28.29345703125,XGBoost,4
2025-11-01,Crestor,TER-20,113,113.368744,70.13712120056152,166.39072608947748,-0.368743896484375,0.368743896484375,XGBoost,4
2025-12-01,Crestor,TER-20,161,124.092545,78.03622436523438,176.46738929748534,36.90745544433594,36.90745544433594,XGBoost,4
2025-05-01,Enbrel,TER-01,49,65.97805,30.22284698486328,117.87052917480466,-16.978050231933594,16.978050231933594,XGBoost,4
2025-06-01,Enbrel,TER-01,97,68.24994,30.334400939941407,120.0031539916992,28.75006103515625,28.75006103515625,XGBoost,4
2025-07-01,Enbrel,TER-01,50,61.87585,20.2390079498291,113.76750106811521,-11.875850677490234,11.875850677490234,XGBoost,4
2025-08-01,Enbrel,TER-01,42,52.35239,6.642810821533204,106.40958023071288,-10.35239028930664,10.35239028930664,XGBoost,4
2025-09-01,Enbrel,TER-01,92,59.39033,19.434960174560548,111.5763416290283,32.60966873168945,32.60966873168945,XGBoost,4
2025-10-01,Enbrel,TER-01,60,75.552,29.075225830078125,127.37771987915039,-15.552001953125,15.552001953125,XGBoost,4
2025-11-01,Enbrel,TER-01,79,62.109543,16.111610412597656,116.0889331817627,16.890457153320312,16.890457153320312,XGBoost,4
2025-12-01,Enbrel,TER-01,66,61.365353,18.053952026367188,112.64673233032227,4.634647369384766,4.634647369384766,XGBoost,4
2025-05-01,Enbrel,TER-02,73,59.532684,19.111685180664065,110.77476692199703,13.467315673828125,13.467315673828125,XGBoost,4
2025-06-01,Enbrel,TER-02,66,63.331493,15.754349517822266,118.62537841796875,2.668506622314453,2.668506622314453,XGBoost,4
2025-07-01,Enbrel,TER-02,56,55.00804,16.168722152709964,114.59704589843747,0.9919586181640625,0.9919586181640625,XGBoost,4
2025-08-01,Enbrel,TER-02,76,53.03616,11.143665313720705,104.67824363708496,22.96384048461914,22.96384048461914,XGBoost,4
2025-09-01,Enbrel,TER-02,50,61.27114,23.97348442077637,115.29400863647457,-11.271141052246094,11.271141052246094,XGBoost,4
2025-10-01,Enbrel,TER-02,82,61.466457,18.687382125854494,115.01527786254883,20.53354263305664,20.53354263305664,XGBoost,4
2025-11-01,Enbrel,TER-02,71,76.055504,32.81156539916992,127.87908172607422,-5.055503845214844,5.055503845214844,XGBoost,4
2025-12-01,Enbrel,TER-02,61,65.39979,31.80656967163086,119.40669898986815,-4.399787902832031,4.399787902832031,XGBoost,4
2025-05-01,Enbrel,TER-03,75,53.920727,14.442523956298832,105.74430465698242,21.079273223876953,21.079273223876953,XGBoost,4
2025-06-01,Enbrel,TER-03,71,70.59269,29.779942321777344,125.01252384185788,0.40731048583984375,0.40731048583984375,XGBoost,4
2025-07-01,Enbrel,TER-03,59,51.374996,21.526736450195312,110.64689254760742,7.625003814697266,7.625003814697266,XGBoost,4
2025-08-01,Enbrel,TER-03,47,67.33134,29.403962326049804,125.78447723388672,-20.331336975097656,20.331336975097656,XGBoost,4
2025-09-01,Enbrel,TER-03,47,62.267117,25.618665313720705,121.46629867553706,-15.26711654663086,15.26711654663086,XGBoost,4
2025-10-01,Enbrel,TER-03,61,54.502644,12.048401641845704,106.50371475219723,6.497356414794922,6.497356414794922,XGBoost,4
2025-11-01,Enbrel,TER-03,83,69.74825,32.2365665435791,122.77135543823238,13.251747131347656,13.251747131347656,XGBoost,4
2025-12-01,Enbrel,TER-03,81,50.475327,8.904432678222657,104.87356872558593,30.524673461914062,30.524673461914062,XGBoost,4
2025-05-01,Enbrel,TER-04,53,53.95346,14.021524810791016,111.30051918029784,-0.953460693359375,0.953460693359375,XGBoost,4
2025-06-01,Enbrel,TER-04,81,59.156765,24.363227844238285,113.92006607055663,21.84323501586914,21.84323501586914,XGBoost,4
2025-07-01,Enbrel,TER-04,46,51.515,11.488796997070313,109.51142959594726,-5.5149993896484375,5.5149993896484375,XGBoost,4
2025-08-01,Enbrel,TER-04,60,54.73506,18.556808471679688,102.99982490539544,5.2649383544921875,5.2649383544921875,XGBoost,4
2025-09-01,Enbrel,TER-04,44,60.397087,16.679973220825197,112.26402015686035,-16.39708709716797,16.39708709716797,XGBoost,4
2025-10-01,Enbrel,TER-04,44,52.005043,9.232568359375001,113.47818946838376,-8.005043029785156,8.005043029785156,XGBoost,4
2025-11-01,Enbrel,TER-04,64,58.26862,15.135555267333984,115.42215728759764,5.731380462646484,5.731380462646484,XGBoost,4
2025-12-01,Enbrel,TER-04,82,51.458744,15.312997817993166,109.79981689453125,30.541255950927734,30.541255950927734,XGBoost,4
2025-05-01,Enbrel,TER-05,52,54.631634,12.712830352783204,109.12591171264648,-2.631633758544922,2.631633758544922,XGBoost,4
2025-06-01,Enbrel,TER-05,52,56.320072,12.548084259033203,108.72879562377928,-4.320072174072266,4.320072174072266,XGBoost,4
2025-07-01,Enbrel,TER-05,57,49.588135,6.25384140014649,104.00628051757812,7.411865234375,7.411865234375,XGBoost,4
2025-08-01,Enbrel,TER-05,54,54.856068,11.191128540039067,105.62028121948242,-0.8560676574707031,0.8560676574707031,XGBoost,4
2025-09-01,Enbrel,TER-05,71,50.252007,12.23669052124024,109.18955993652344,20.74799346923828,20.74799346923828,XGBoost,4
2025-10-01,Enbrel,TER-05,70,63.088135,24.12223815917969,118.04098510742188,6.911865234375,6.911865234375,XGBoost,4
2025-11-01,Enbrel,TER-05,74,59.432854,20.864847946166993,108.83833580017088,14.567146301269531,14.567146301269531,XGBoost,4
2025-12-01,Enbrel,TER-05,65,55.38387,16.730548858642578,108.24141120910643,9.616130828857422,9.616130828857422,XGBoost,4
2025-05-01,Enbrel,TER-06,51,51.798832,4.903812408447266,101.43643493652344,-0.7988319396972656,0.7988319396972656,XGBoost,4
2025-06-01,Enbrel,TER-06,40,63.62989,18.477745056152344,115.40427551269526,-23.62989044189453,23.62989044189453,XGBoost,4
2025-07-01,Enbrel,TER-06,29,40.16343,1.2143852233886732,98.4956359863281,-11.163429260253906,11.163429260253906,XGBoost,4
2025-08-01,Enbrel,TER-06,53,42.474598,0.0,95.49658012390132,10.525402069091797,10.525402069091797,XGBoost,4
2025-09-01,Enbrel,TER-06,44,43.326313,8.276387023925782,95.78528976440423,0.6736869812011719,0.6736869812011719,XGBoost,4
2025-10-01,Enbrel,TER-06,60,45.357296,6.694523239135751,99.16650848388672,14.642704010009766,14.642704010009766,XGBoost,4
2025-11-01,Enbrel,TER-06,60,59.771126,16.382816314697266,116.58735580444332,0.22887420654296875,0.22887420654296875,XGBoost,4
2025-12-01,Enbrel,TER-06,49,48.74822,5.619353103637695,105.58509674072265,0.2517814636230469,0.2517814636230469,XGBoost,4
2025-05-01,Enbrel,TER-07,46,51.21063,11.197277069091797,106.09506378173826,-5.210628509521484,5.210628509521484,XGBoost,4
2025-06-01,Enbrel,TER-07,62,54.250664,11.042821502685547,105.48025588989258,7.749336242675781,7.749336242675781,XGBoost,4
2025-07-01,Enbrel,TER-07,29,41.889137,7.803491210937503,92.02086486816404,-12.889137268066406,12.889137268066406,XGBoost,4
2025-08-01,Enbrel,TER-07,33,45.76267,6.94484100341797,96.32062377929684,-12.76266860961914,12.76266860961914,XGBoost,4
2025-09-01,Enbrel,TER-07,52,42.46228,0.0,94.35468292236327,9.5377197265625,9.5377197265625,XGBoost,4
2025-10-01,Enbrel,TER-07,64,46.75919,0.0,96.1420181274414,17.24081039428711,17.24081039428711,XGBoost,4
2025-11-01,Enbrel,TER-07,47,54.057877,19.64313888549805,103.70252571105956,-7.0578765869140625,7.0578765869140625,XGBoost,4
2025-12-01,Enbrel,TER-07,66,50.046814,15.30399856567383,107.71367378234861,15.95318603515625,15.95318603515625,XGBoost,4
2025-05-01,Enbrel,TER-08,41,50.05012,6.670195007324219,99.32431106567383,-9.050121307373047,9.050121307373047,XGBoost,4
2025-06-01,Enbrel,TER-08,57,57.690975,14.47843475341797,109.54279327392575,-0.6909751892089844,0.6909751892089844,XGBoost,4
2025-07-01,Enbrel,TER-08,37,48.4993,9.558538436889657,98.39429702758785,-11.499298095703125,11.499298095703125,XGBoost,4
2025-08-01,Enbrel,TER-08,54,48.35552,12.06286697387696,99.59092330932616,5.644481658935547,5.644481658935547,XGBoost,4
2025-09-01,Enbrel,TER-08,63,47.94141,4.784983444213869,94.11138496398921,15.058589935302734,15.058589935302734,XGBoost,4
2025-10-01,Enbrel,TER-08,59,53.753815,10.407575988769532,100.22633056640616,5.246185302734375,5.246185302734375,XGBoost,4
2025-11-01,Enbrel,TER-08,59,54.369247,17.5579891204834,109.32357597351074,4.6307525634765625,4.6307525634765625,XGBoost,4
2025-12-01,Enbrel,TER-08,53,45.75581,11.32871246337891,95.82956542968749,7.244190216064453,7.244190216064453,XGBoost,4
2025-05-01,Enbrel,TER-09,36,47.54373,12.146503829956055,103.17991180419915,-11.543731689453125,11.543731689453125,XGBoost,4
2025-06-01,Enbrel,TER-09,56,49.17644,11.823261642456057,102.1687889099121,6.823558807373047,6.823558807373047,XGBoost,4
2025-07-01,Enbrel,TER-09,40,41.043102,0.0,94.10855751037593,-1.0431022644042969,1.0431022644042969,XGBoost,4
2025-08-01,Enbrel,TER-09,43,43.656204,5.35635223388672,97.46429634094237,-0.6562042236328125,0.6562042236328125,XGBoost,4
2025-09-01,Enbrel,TER-09,50,42.21306,2.3767261505126953,92.33319969177244,7.7869415283203125,7.7869415283203125,XGBoost,4
2025-10-01,Enbrel,TER-09,49,46.56325,10.279228973388674,100.59884071350093,2.436748504638672,2.436748504638672,XGBoost,4
2025-11-01,Enbrel,TER-09,55,48.679585,7.108690643310547,106.30232620239255,6.320415496826172,6.320415496826172,XGBoost,4
2025-12-01,Enbrel,TER-09,66,45.68889,7.969245910644531,100.18316650390625,20.311111450195312,20.311111450195312,XGBoost,4
2025-05-01,Enbrel,TER-10,53,47.35055,1.2544860839843772,102.93847274780273,5.649448394775391,5.649448394775391,XGBoost,4
2025-06-01,Enbrel,TER-10,61,52.313816,12.376415252685552,105.38039169311519,8.68618392944336,8.68618392944336,XGBoost,4
2025-07-01,Enbrel,TER-10,50,48.360245,3.208099365234375,100.10153770446776,1.6397552490234375,1.6397552490234375,XGBoost,4
2025-08-01,Enbrel,TER-10,44,51.444267,9.575489044189453,105.24454498291016,-7.444267272949219,7.444267272949219,XGBoost,4
2025-09-01,Enbrel,TER-10,65,47.127846,7.119673156738285,100.93593788146971,17.872154235839844,17.872154235839844,XGBoost,4
2025-10-01,Enbrel,TER-10,53,53.352234,12.888438796997074,105.75409393310544,-0.35223388671875,0.35223388671875,XGBoost,4
2025-11-01,Enbrel,TER-10,49,61.718575,22.33864402770996,116.48187561035155,-12.718574523925781,12.718574523925781,XGBoost,4
2025-12-01,Enbrel,TER-10,66,52.168945,13.712840270996093,106.93224639892577,13.8310546875,13.8310546875,XGBoost,4
2025-05-01,Enbrel,TER-11,45,50.062843,13.435941314697269,106.86101150512692,-5.062843322753906,5.062843322753906,XGBoost,4
2025-06-01,Enbrel,TER-11,54,57.222023,22.942234420776366,106.50880050659178,-3.2220230102539062,3.2220230102539062,XGBoost,4
2025-07-01,Enbrel,TER-11,30,47.79011,8.996848678588867,98.57576026916502,-17.790111541748047,17.790111541748047,XGBoost,4
2025-08-01,Enbrel,TER-11,32,44.57464,0.0,90.02352523803708,-12.574638366699219,12.574638366699219,XGBoost,4
2025-09-01,Enbrel,TER-11,43,47.47466,4.345793533325195,98.71891021728513,-4.474658966064453,4.474658966064453,XGBoost,4
2025-10-01,Enbrel,TER-11,40,47.990303,9.399242782592774,100.96538467407227,-7.990303039550781,7.990303039550781,XGBoost,4
2025-11-01,Enbrel,TER-11,61,54.07969,15.714956665039066,110.92227172851561,6.920310974121094,6.920310974121094,XGBoost,4
2025-12-01,Enbrel,TER-11,56,42.6281,6.771874618530275,100.35300064086911,13.371898651123047,13.371898651123047,XGBoost,4
2025-05-01,Enbrel,TER-12,39,43.6769,5.0098609924316415,96.72196693420408,-4.676898956298828,4.676898956298828,XGBoost,4
2025-06-01,Enbrel,TER-12,63,50.869022,13.963556289672857,103.2416618347168,12.130977630615234,12.130977630615234,XGBoost,4
2025-07-01,Enbrel,TER-12,48,40.698467,0.4066919326782239,94.09351539611814,7.301532745361328,7.301532745361328,XGBoost,4
2025-08-01,Enbrel,TER-12,39,42.502926,4.153562164306642,95.30083045959472,-3.5029258728027344,3.5029258728027344,XGBoost,4
2025-09-01,Enbrel,TER-12,64,43.32844,4.53198471069336,91.01975631713867,20.671558380126953,20.671558380126953,XGBoost,4
2025-10-01,Enbrel,TER-12,47,48.782635,14.400228118896488,100.22476882934569,-1.7826347351074219,1.7826347351074219,XGBoost,4
2025-11-01,Enbrel,TER-12,36,47.306934,7.3912841796875,99.70262222290039,-11.306934356689453,11.306934356689453,XGBoost,4
2025-12-01,Enbrel,TER-12,53,43.198658,4.727367401123047,100.60420150756835,9.801342010498047,9.801342010498047,XGBoost,4
2025-05-01,Enbrel,TER-13,42,43.883392,7.795078277587893,97.9644607543945,-1.883392333984375,1.883392333984375,XGBoost,4
2025-06-01,Enbrel,TER-13,36,44.659264,6.074240875244142,94.7455062866211,-8.659263610839844,8.659263610839844,XGBoost,4
2025-07-01,Enbrel,TER-13,48,40.298485,2.017342376708986,93.36394004821773,7.701515197753906,7.701515197753906,XGBoost,4
2025-08-01,Enbrel,TER-13,47,42.408672,6.099847412109379,96.25685501098629,4.591327667236328,4.591327667236328,XGBoost,4
2025-09-01,Enbrel,TER-13,37,40.917156,0.0,89.68731460571287,-3.917156219482422,3.917156219482422,XGBoost,4
2025-10-01,Enbrel,TER-13,62,48.041412,9.104899978637704,96.82313632965085,13.958587646484375,13.958587646484375,XGBoost,4
2025-11-01,Enbrel,TER-13,42,51.09733,11.643255615234377,98.87916679382317,-9.097328186035156,9.097328186035156,XGBoost,4
2025-12-01,Enbrel,TER-13,40,43.428833,0.86370849609375,94.6908279418945,-3.4288330078125,3.4288330078125,XGBoost,4
2025-05-01,Enbrel,TER-14,47,42.46868,4.102085494995124,101.53522491455078,4.531318664550781,4.531318664550781,XGBoost,4
2025-06-01,Enbrel,TER-14,54,45.4459,7.903299713134766,95.16973114013672,8.554100036621094,8.554100036621094,XGBoost,4
2025-07-01,Enbrel,TER-14,30,34.48087,0.0,88.87777500152588,-4.480869293212891,4.480869293212891,XGBoost,4
2025-08-01,Enbrel,TER-14,33,40.05446,1.2117851257324248,94.06311225891112,-7.0544586181640625,7.0544586181640625,XGBoost,4
2025-09-01,Enbrel,TER-14,56,43.23741,4.7481216430664075,100.38822021484374,12.762588500976562,12.762588500976562,XGBoost,4
2025-10-01,Enbrel,TER-14,33,38.61558,0.0,89.9262111663818,-5.615581512451172,5.615581512451172,XGBoost,4
2025-11-01,Enbrel,TER-14,54,46.702682,4.760260009765626,99.26138534545896,7.2973175048828125,7.2973175048828125,XGBoost,4
2025-12-01,Enbrel,TER-14,69,39.25056,0.0,83.67707595825192,29.749439239501953,29.749439239501953,XGBoost,4
2025-05-01,Enbrel,TER-15,46,44.358906,0.0,101.26729202270508,1.6410942077636719,1.6410942077636719,XGBoost,4
2025-06-01,Enbrel,TER-15,49,42.53973,3.9717243194580076,92.61348571777343,6.460269927978516,6.460269927978516,XGBoost,4
2025-07-01,Enbrel,TER-15,38,39.619843,0.0,90.89748001098627,-1.619842529296875,1.619842529296875,XGBoost,4
2025-08-01,Enbrel,TER-15,44,45.019062,0.0,94.31640491485595,-1.0190620422363281,1.0190620422363281,XGBoost,4
2025-09-01,Enbrel,TER-15,61,42.138393,4.523322296142579,93.06166687011718,18.86160659790039,18.86160659790039,XGBoost,4
2025-10-01,Enbrel,TER-15,32,43.550358,0.0,99.17706985473627,-11.550357818603516,11.550357818603516,XGBoost,4
2025-11-01,Enbrel,TER-15,42,47.36409,6.568589782714845,97.49193878173823,-5.3640899658203125,5.3640899658203125,XGBoost,4
2025-12-01,Enbrel,TER-15,50,40.080563,7.824379348754883,86.89965515136716,9.919437408447266,9.919437408447266,XGBoost,4
2025-05-01,Enbrel,TER-16,35,39.458332,1.6991287231445316,89.1116443634033,-4.458332061767578,4.458332061767578,XGBoost,4
2025-06-01,Enbrel,TER-16,66,45.108776,5.724210357666017,105.34123001098625,20.891223907470703,20.891223907470703,XGBoost,4
2025-07-01,Enbrel,TER-16,24,41.802105,0.0,86.50161437988274,-17.802104949951172,17.802104949951172,XGBoost,4
2025-08-01,Enbrel,TER-16,50,43.692074,5.913999938964845,100.86503143310544,6.307926177978516,6.307926177978516,XGBoost,4
2025-09-01,Enbrel,TER-16,44,41.287907,1.0062568664550788,92.50708389282227,2.7120933532714844,2.7120933532714844,XGBoost,4
2025-10-01,Enbrel,TER-16,58,43.978523,3.4686935424804695,101.6017364501953,14.021476745605469,14.021476745605469,XGBoost,4
2025-11-01,Enbrel,TER-16,38,47.619,5.975276565551758,108.39314002990723,-9.618999481201172,9.618999481201172,XGBoost,4
2025-12-01,Enbrel,TER-16,46,44.1794,7.538875579833984,101.23284645080564,1.8205986022949219,1.8205986022949219,XGBoost,4
2025-05-01,Enbrel,TER-17,33,43.382427,3.361795806884766,95.64921264648429,-10.382427215576172,10.382427215576172,XGBoost,4
2025-06-01,Enbrel,TER-17,39,48.970707,4.173175811767578,101.94578857421875,-9.970706939697266,9.970706939697266,XGBoost,4
2025-07-01,Enbrel,TER-17,31,37.057144,0.0,89.60467987060545,-6.0571441650390625,6.0571441650390625,XGBoost,4
2025-08-01,Enbrel,TER-17,39,35.304745,0.0,90.71316146850586,3.6952552795410156,3.6952552795410156,XGBoost,4
2025-09-01,Enbrel,TER-17,45,41.700302,0.0,101.0455371856689,3.2996978759765625,3.2996978759765625,XGBoost,4
2025-10-01,Enbrel,TER-17,58,41.852722,0.0,89.75018005371092,16.14727783203125,16.14727783203125,XGBoost,4
2025-11-01,Enbrel,TER-17,33,45.1989,5.172695922851563,99.60834236145017,-12.198898315429688,12.198898315429688,XGBoost,4
2025-12-01,Enbrel,TER-17,30,37.59671,1.3373607635498055,95.96610336303705,-7.596710205078125,7.596710205078125,XGBoost,4
2025-05-01,Enbrel,TER-18,36,40.461323,3.260666275024416,83.12400932312006,-4.461322784423828,4.461322784423828,XGBoost,4
2025-06-01,Enbrel,TER-18,50,45.187458,4.997783660888674,97.05848159790038,4.812541961669922,4.812541961669922,XGBoost,4
2025-07-01,Enbrel,TER-18,29,39.15117,0.0,93.54406757354737,-10.151168823242188,10.151168823242188,XGBoost,4
2025-08-01,Enbrel,TER-18,29,39.587826,4.16200866699219,96.5200988769531,-10.587825775146484,10.587825775146484,XGBoost,4
2025-09-01,Enbrel,TER-18,39,43.93099,3.9193550109863335,101.0845260620117,-4.930988311767578,4.930988311767578,XGBoost,4
2025-10-01,Enbrel,TER-18,43,40.014507,0.0,92.81857643127441,2.985492706298828,2.985492706298828,XGBoost,4
2025-11-01,Enbrel,TER-18,36,47.06694,8.13052215576172,97.85258903503416,-11.066940307617188,11.066940307617188,XGBoost,4
2025-12-01,Enbrel,TER-18,46,37.570183,1.0156028747558596,92.01125717163083,8.429817199707031,8.429817199707031,XGBoost,4
2025-05-01,Enbrel,TER-19,41,34.86089,0.0,90.42410659790039,6.139110565185547,6.139110565185547,XGBoost,4
2025-06-01,Enbrel,TER-19,39,45.37537,4.132169342041017,98.45135917663565,-6.375370025634766,6.375370025634766,XGBoost,4
2025-07-01,Enbrel,TER-19,39,33.254044,0.0,87.06367301940917,5.7459564208984375,5.7459564208984375,XGBoost,4
2025-08-01,Enbrel,TER-19,27,34.256115,0.0,85.44866943359375,-7.256114959716797,7.256114959716797,XGBoost,4
2025-09-01,Enbrel,TER-19,30,43.806114,0.0,95.75789909362786,-13.806114196777344,13.806114196777344,XGBoost,4
2025-10-01,Enbrel,TER-19,49,37.90577,0.0,89.63157272338867,11.094230651855469,11.094230651855469,XGBoost,4
2025-11-01,Enbrel,TER-19,50,40.24955,3.953616714477542,95.83262157440184,9.750450134277344,9.750450134277344,XGBoost,4
2025-12-01,Enbrel,TER-19,31,34.922314,0.0,88.42383556365962,-3.922313690185547,3.922313690185547,XGBoost,4
2025-05-01,Enbrel,TER-20,44,37.28206,0.0,95.43190612792968,6.7179412841796875,6.7179412841796875,XGBoost,4
2025-06-01,Enbrel,TER-20,50,43.048473,6.851630020141602,94.24234085083008,6.951526641845703,6.951526641845703,XGBoost,4
2025-07-01,Enbrel,TER-20,32,36.209312,0.0,83.97777137756341,-4.209312438964844,4.209312438964844,XGBoost,4
2025-08-01,Enbrel,TER-20,29,38.780254,1.6761859893798863,88.9119819641113,-9.780254364013672,9.780254364013672,XGBoost,4
2025-09-01,Enbrel,TER-20,34,36.23323,0.0,87.53657417297362,-2.2332305908203125,2.2332305908203125,XGBoost,4
2025-10-01,Enbrel,TER-20,43,38.50598,0.0,89.32585754394526,4.4940185546875,4.4940185546875,XGBoost,4
2025-11-01,Enbrel,TER-20,54,40.809517,0.2978824615478525,88.01497459411618,13.190483093261719,13.190483093261719,XGBoost,4
2025-12-01,Enbrel,TER-20,62,37.014465,0.0,93.95819473266599,24.98553466796875,24.98553466796875,XGBoost,4
2025-05-01,Gleevec,TER-01,58,49.378498,5.780332183837891,108.4564685821533,8.621501922607422,8.621501922607422,XGBoost,4
2025-06-01,Gleevec,TER-01,48,69.669304,24.180437469482424,121.11143798828124,-21.66930389404297,21.66930389404297,XGBoost,4
2025-07-01,Gleevec,TER-01,31,48.62312,9.956745910644532,100.99493026733398,-17.623119354248047,17.623119354248047,XGBoost,4
2025-08-01,Gleevec,TER-01,38,50.35245,5.256578826904297,100.93679351806635,-12.35245132446289,12.35245132446289,XGBoost,4
2025-09-01,Gleevec,TER-01,61,46.9302,10.720906448364259,104.32777862548826,14.069801330566406,14.069801330566406,XGBoost,4
2025-10-01,Gleevec,TER-01,41,52.04778,13.205105590820315,106.9232955932617,-11.047779083251953,11.047779083251953,XGBoost,4
2025-11-01,Gleevec,TER-01,65,50.014175,12.701697921752931,102.44666290283203,14.985824584960938,14.985824584960938,XGBoost,4
2025-12-01,Gleevec,TER-01,65,60.037548,21.325118255615237,108.2820268630981,4.962451934814453,4.962451934814453,XGBoost,4
2025-05-01,Gleevec,TER-02,60,43.58038,5.059729385375977,89.28149414062497,16.419620513916016,16.419620513916016,XGBoost,4
2025-06-01,Gleevec,TER-02,53,56.06066,16.61155014038086,107.8881248474121,-3.0606613159179688,3.0606613159179688,XGBoost,4
2025-07-01,Gleevec,TER-02,38,49.475674,5.121759033203126,102.86918449401853,-11.47567367553711,11.47567367553711,XGBoost,4
2025-08-01,Gleevec,TER-02,42,45.2001,6.251055908203126,100.56898345947258,-3.2000999450683594,3.2000999450683594,XGBoost,4
2025-09-01,Gleevec,TER-02,35,49.284496,9.175963592529301,103.72557067871091,-14.284496307373047,14.284496307373047,XGBoost,4
2025-10-01,Gleevec,TER-02,44,40.17325,10.411230468750004,97.83244743347166,3.826751708984375,3.826751708984375,XGBoost,4
2025-11-01,Gleevec,TER-02,55,46.166348,6.247262573242188,108.01287078857422,8.83365249633789,8.83365249633789,XGBoost,4
2025-12-01,Gleevec,TER-02,56,49.0944,9.214871215820313,100.53653259277343,6.905601501464844,6.905601501464844,XGBoost,4
2025-05-01,Gleevec,TER-03,53,39.7302,6.392424011230469,88.5095443725586,13.269798278808594,13.269798278808594,XGBoost,4
2025-06-01,Gleevec,TER-03,56,48.670753,10.188502883911134,106.82060089111327,7.329246520996094,7.329246520996094,XGBoost,4
2025-07-01,Gleevec,TER-03,35,34.949455,0.0,90.9915185928344,0.05054473876953125,0.05054473876953125,XGBoost,4
2025-08-01,Gleevec,TER-03,29,43.134026,0.0,89.39127349853516,-14.134025573730469,14.134025573730469,XGBoost,4
2025-09-01,Gleevec,TER-03,44,43.034187,3.177549743652344,96.66706886291496,0.9658126831054688,0.9658126831054688,XGBoost,4
2025-10-01,Gleevec,TER-03,30,40.79578,1.4158470153808609,92.46996383666989,-10.795780181884766,10.795780181884766,XGBoost,4
2025-11-01,Gleevec,TER-03,53,47.439896,8.59975166320801,99.36388320922846,5.5601043701171875,5.5601043701171875,XGBoost,4
2025-12-01,Gleevec,TER-03,50,45.515896,4.6879287719726594,99.32398796081542,4.484104156494141,4.484104156494141,XGBoost,4
2025-05-01,Gleevec,TER-04,51,41.35668,5.257423782348634,91.07074623107908,9.643318176269531,9.643318176269531,XGBoost,4
2025-06-01,Gleevec,TER-04,63,43.542763,4.011361694335943,95.18438873291015,19.457237243652344,19.457237243652344,XGBoost,4
2025-07-01,Gleevec,TER-04,29,37.613388,0.9408020019531268,90.47093009948729,-8.613388061523438,8.613388061523438,XGBoost,4
2025-08-01,Gleevec,TER-04,40,41.29911,1.3420219421386743,92.08918228149412,-1.2991104125976562,1.2991104125976562,XGBoost,4
2025-09-01,Gleevec,TER-04,35,48.671757,9.291826248168947,97.51325798034662,-13.671756744384766,13.671756744384766,XGBoost,4
2025-10-01,Gleevec,TER-04,44,40.630276,2.355535125732422,88.43058471679679,3.3697242736816406,3.3697242736816406,XGBoost,4
2025-11-01,Gleevec,TER-04,47,41.793232,0.0,96.65488891601562,5.206768035888672,5.206768035888672,XGBoost,4
2025-12-01,Gleevec,TER-04,43,45.30935,4.813392639160156,95.44107666015623,-2.3093490600585938,2.3093490600585938,XGBoost,4
2025-05-01,Gleevec,TER-05,25,37.374325,0.0,89.9088249206543,-12.374324798583984,12.374324798583984,XGBoost,4
2025-06-01,Gleevec,TER-05,39,34.177364,0.0,80.5658592224121,4.822635650634766,4.822635650634766,XGBoost,4
2025-07-01,Gleevec,TER-05,28,29.953268,0.0,81.40039558410643,-1.953268051147461,1.953268051147461,XGBoost,4
2025-08-01,Gleevec,TER-05,23,31.42632,0.0,88.22448730468747,-8.426319122314453,8.426319122314453,XGBoost,4
2025-09-01,Gleevec,TER-05,55,36.274323,0.0,86.05424423217767,18.725677490234375,18.725677490234375,XGBoost,4
2025-10-01,Gleevec,TER-05,48,37.60077,0.0,85.02876396179195,10.39923095703125,10.39923095703125,XGBoost,4
2025-11-01,Gleevec,TER-05,31,42.115902,0.5281816482543961,92.2146675109863,-11.115901947021484,11.115901947021484,XGBoost,4
2025-12-01,Gleevec,TER-05,39,35.852062,0.0,92.64071807861326,3.147937774658203,3.147937774658203,XGBoost,4
2025-05-01,Gleevec,TER-06,37,30.292599,0.0,82.79477310180658,6.707401275634766,6.707401275634766,XGBoost,4
2025-06-01,Gleevec,TER-06,26,37.288876,0.0,89.01681900024414,-11.288875579833984,11.288875579833984,XGBoost,4
2025-07-01,Gleevec,TER-06,34,27.85622,0.0,75.54799118041993,6.143779754638672,6.143779754638672,XGBoost,4
2025-08-01,Gleevec,TER-06,26,29.17005,0.0,80.87428245544427,-3.1700496673583984,3.1700496673583984,XGBoost,4
2025-09-01,Gleevec,TER-06,45,32.47895,0.0,86.89110908508297,12.521049499511719,12.521049499511719,XGBoost,4
2025-10-01,Gleevec,TER-06,44,36.65476,0.0,86.68169975280762,7.345241546630859,7.345241546630859,XGBoost,4
2025-11-01,Gleevec,TER-06,25,39.011497,0.0,92.03766326904292,-14.011497497558594,14.011497497558594,XGBoost,4
2025-12-01,Gleevec,TER-06,28,32.57103,0.0,80.30407562255857,-4.5710296630859375,4.5710296630859375,XGBoost,4
2025-05-01,Gleevec,TER-07,38,33.646935,0.0,86.69200248718259,4.353065490722656,4.353065490722656,XGBoost,4
2025-06-01,Gleevec,TER-07,32,43.572025,4.622981262207032,97.6292152404785,-11.572025299072266,11.572025299072266,XGBoost,4
2025-07-01,Gleevec,TER-07,31,29.737354,0.0,81.47170982360839,1.2626457214355469,1.2626457214355469,XGBoost,4
2025-08-01,Gleevec,TER-07,24,32.587334,1.005832672119142,84.35228729248044,-8.587333679199219,8.587333679199219,XGBoost,4
2025-09-01,Gleevec,TER-07,37,31.764187,0.0,85.57339935302734,5.235813140869141,5.235813140869141,XGBoost,4
2025-10-01,Gleevec,TER-07,39,37.192665,0.0,91.17099170684813,1.8073348999023438,1.8073348999023438,XGBoost,4
2025-11-01,Gleevec,TER-07,24,38.36701,5.648245239257815,95.96728973388672,-14.367008209228516,14.367008209228516,XGBoost,4
2025-12-01,Gleevec,TER-07,50,36.839027,0.5796779632568368,94.54544677734374,13.160972595214844,13.160972595214844,XGBoost,4
2025-05-01,Gleevec,TER-08,24,35.96083,0.3316360473632822,90.71920776367188,-11.960830688476562,11.960830688476562,XGBoost,4
2025-06-01,Gleevec,TER-08,47,40.434986,0.0,91.71927986145019,6.565013885498047,6.565013885498047,XGBoost,4
2025-07-01,Gleevec,TER-08,33,29.859385,0.0,84.39334144592281,3.140615463256836,3.140615463256836,XGBoost,4
2025-08-01,Gleevec,TER-08,31,30.283834,0.0,83.350410079956,0.7161655426025391,0.7161655426025391,XGBoost,4
2025-09-01,Gleevec,TER-08,46,39.9548,1.29480094909668,91.18439178466797,6.045200347900391,6.045200347900391,XGBoost,4
2025-10-01,Gleevec,TER-08,34,36.583298,1.5223590850830095,91.65509605407706,-2.5832977294921875,2.5832977294921875,XGBoost,4
2025-11-01,Gleevec,TER-08,43,39.77098,0.0,90.96521072387695,3.2290191650390625,3.2290191650390625,XGBoost,4
2025-12-01,Gleevec,TER-08,54,33.79352,0.0,87.27328300476071,20.206478118896484,20.206478118896484,XGBoost,4
2025-05-01,Gleevec,TER-09,26,35.365486,0.0,87.80307426452636,-9.365486145019531,9.365486145019531,XGBoost,4
2025-06-01,Gleevec,TER-09,39,37.377037,0.0,88.63903198242184,1.6229629516601562,1.6229629516601562,XGBoost,4
2025-07-01,Gleevec,TER-09,24,28.741232,0.0,83.27518882751461,-4.741231918334961,4.741231918334961,XGBoost,4
2025-08-01,Gleevec,TER-09,35,30.108316,0.0,92.79925422668455,4.891683578491211,4.891683578491211,XGBoost,4
2025-09-01,Gleevec,TER-09,38,33.828434,0.0,85.1014644622802,4.171566009521484,4.171566009521484,XGBoost,4
2025-10-01,Gleevec,TER-09,43,36.050934,0.0,88.4834213256836,6.949066162109375,6.949066162109375,XGBoost,4
2025-11-01,Gleevec,TER-09,29,38.78899,0.12888622283935586,96.40779533386228,-9.788990020751953,9.788990020751953,XGBoost,4
2025-12-01,Gleevec,TER-09,43,34.38744,0.0,87.2667873382568,8.612560272216797,8.612560272216797,XGBoost,4
2025-05-01,Gleevec,TER-10,30,32.391148,0.0,86.38110618591308,-2.3911476135253906,2.3911476135253906,XGBoost,4
2025-06-01,Gleevec,TER-10,38,38.739204,0.0,95.58178710937499,-0.7392044067382812,0.7392044067382812,XGBoost,4
2025-07-01,Gleevec,TER-10,26,29.551323,0.0,85.17488403320307,-3.5513229370117188,3.5513229370117188,XGBoost,4
2025-08-01,Gleevec,TER-10,21,32.39496,0.0,85.46195526123039,-11.39495849609375,11.39495849609375,XGBoost,4
2025-09-01,Gleevec,TER-10,42,36.638702,0.0,86.52171745300289,5.361297607421875,5.361297607421875,XGBoost,4
2025-10-01,Gleevec,TER-10,30,36.759,0.0,89.61654090881346,-6.758998870849609,6.758998870849609,XGBoost,4
2025-11-01,Gleevec,TER-10,51,38.15064,0.0,93.39733886718749,12.849361419677734,12.849361419677734,XGBoost,4
2025-12-01,Gleevec,TER-10,30,33.175037,0.0,81.83944320678711,-3.175037384033203,3.175037384033203,XGBoost,4
2025-05-01,Gleevec,TER-11,38,34.507088,0.5908580780029314,97.60195693969722,3.4929122924804688,3.4929122924804688,XGBoost,4
2025-06-01,Gleevec,TER-11,44,37.68114,0.0,90.06108627319335,6.318859100341797,6.318859100341797,XGBoost,4
2025-07-01,Gleevec,TER-11,21,28.36276,0.0,80.81468048095701,-7.362760543823242,7.362760543823242,XGBoost,4
2025-08-01,Gleevec,TER-11,27,31.498217,0.0,78.03799552917465,-4.49821662902832,4.49821662902832,XGBoost,4
2025-09-01,Gleevec,TER-11,41,33.879547,0.0,89.52972793579096,7.120452880859375,7.120452880859375,XGBoost,4
2025-10-01,Gleevec,TER-11,33,35.446064,0.0,85.10380325317381,-2.446063995361328,2.446063995361328,XGBoost,4
2025-11-01,Gleevec,TER-11,48,39.0529,0.0,97.41813812255856,8.947101593017578,8.947101593017578,XGBoost,4
2025-12-01,Gleevec,TER-11,58,33.725796,0.0,85.57938461303699,24.27420425415039,24.27420425415039,XGBoost,4
2025-05-01,Gleevec,TER-12,33,29.35265,0.0,88.92533340454099,3.647350311279297,3.647350311279297,XGBoost,4
2025-06-01,Gleevec,TER-12,37,34.582893,0.0,85.50927696228025,2.4171066284179688,2.4171066284179688,XGBoost,4
2025-07-01,Gleevec,TER-12,19,27.343376,0.0,74.4394115447998,-8.343376159667969,8.343376159667969,XGBoost,4
2025-08-01,Gleevec,TER-12,25,28.907536,0.0,80.83976631164546,-3.9075355529785156,3.9075355529785156,XGBoost,4
2025-09-01,Gleevec,TER-12,38,31.338203,0.0,81.18745422363281,6.661796569824219,6.661796569824219,XGBoost,4
2025-10-01,Gleevec,TER-12,34,31.674461,0.0,82.32213363647458,2.3255386352539062,2.3255386352539062,XGBoost,4
2025-11-01,Gleevec,TER-12,43,35.284508,0.0,92.61605072021484,7.715492248535156,7.715492248535156,XGBoost,4
2025-12-01,Gleevec,TER-12,24,30.0714,0.0,83.87949180603026,-6.071399688720703,6.071399688720703,XGBoost,4
2025-05-01,Gleevec,TER-13,34,32.58263,0.0,84.23209648132323,1.4173698425292969,1.4173698425292969,XGBoost,4
2025-06-01,Gleevec,TER-13,40,36.087788,0.0,88.07072257995603,3.912212371826172,3.912212371826172,XGBoost,4
2025-07-01,Gleevec,TER-13,21,24.780928,0.0,83.85889816284178,-3.7809276580810547,3.7809276580810547,XGBoost,4
2025-08-01,Gleevec,TER-13,27,31.803871,0.0,85.2185180664062,-4.803871154785156,4.803871154785156,XGBoost,4
2025-09-01,Gleevec,TER-13,23,31.019606,0.0,81.54847755432128,-8.01960563659668,8.01960563659668,XGBoost,4
2025-10-01,Gleevec,TER-13,28,30.581285,0.0,85.34938621520995,-2.5812854766845703,2.5812854766845703,XGBoost,4
2025-11-01,Gleevec,TER-13,42,32.263447,0.0,87.78121337890614,9.736553192138672,9.736553192138672,XGBoost,4
2025-12-01,Gleevec,TER-13,41,33.14367,0.0,91.44473495483398,7.856330871582031,7.856330871582031,XGBoost,4
2025-05-01,Gleevec,TER-14,31,30.996675,0.0,92.3688117980957,0.0033245086669921875,0.0033245086669921875,XGBoost,4
2025-06-01,Gleevec,TER-14,41,32.056232,0.0,89.3905044555664,8.943767547607422,8.943767547607422,XGBoost,4
2025-07-01,Gleevec,TER-14,20,24.203163,0.0,79.83934326171868,-4.203163146972656,4.203163146972656,XGBoost,4
2025-08-01,Gleevec,TER-14,20,30.741528,0.0,85.51110649108885,-10.741527557373047,10.741527557373047,XGBoost,4
2025-09-01,Gleevec,TER-14,30,28.73189,0.0,77.39153480529785,1.2681102752685547,1.2681102752685547,XGBoost,4
2025-10-01,Gleevec,TER-14,19,28.525738,0.0,81.40979309082029,-9.525737762451172,9.525737762451172,XGBoost,4
2025-11-01,Gleevec,TER-14,21,31.20899,0.0,89.50826072692871,-10.208990097045898,10.208990097045898,XGBoost,4
2025-12-01,Gleevec,TER-14,30,28.499426,0.0,88.47971839904784,1.5005741119384766,1.5005741119384766,XGBoost,4
2025-05-01,Gleevec,TER-15,25,29.331919,0.0,76.7646549224853,-4.331918716430664,4.331918716430664,XGBoost,4
2025-06-01,Gleevec,TER-15,44,32.02889,0.0,84.08802757263174,11.971111297607422,11.971111297607422,XGBoost,4
2025-07-01,Gleevec,TER-15,21,23.052763,0.0,74.27224617004394,-2.052762985229492,2.052762985229492,XGBoost,4
2025-08-01,Gleevec,TER-15,23,31.425886,0.0,78.34097023010251,-8.425886154174805,8.425886154174805,XGBoost,4
2025-09-01,Gleevec,TER-15,35,30.630156,0.0,89.70043907165527,4.369844436645508,4.369844436645508,XGBoost,4
2025-10-01,Gleevec,TER-15,35,28.791382,0.0,84.43841171264643,6.2086181640625,6.2086181640625,XGBoost,4
2025-11-01,Gleevec,TER-15,28,32.359016,0.0,84.31829071044922,-4.359016418457031,4.359016418457031,XGBoost,4
2025-12-01,Gleevec,TER-15,42,31.909115,0.0,90.87627487182617,10.090885162353516,10.090885162353516,XGBoost,4
2025-05-01,Gleevec,TER-16,40,32.210136,0.0,90.19890594482422,7.789863586425781,7.789863586425781,XGBoost,4
2025-06-01,Gleevec,TER-16,42,34.54962,2.5552978515625004,91.88116455078125,7.45037841796875,7.45037841796875,XGBoost,4
2025-07-01,Gleevec,TER-16,32,25.371866,0.0,78.43393898010245,6.628133773803711,6.628133773803711,XGBoost,4
2025-08-01,Gleevec,TER-16,33,30.081444,0.0,77.95494842529297,2.9185562133789062,2.9185562133789062,XGBoost,4
2025-09-01,Gleevec,TER-16,42,29.639624,0.0,74.3212814331054,12.360376358032227,12.360376358032227,XGBoost,4
2025-10-01,Gleevec,TER-16,44,32.188892,0.0,83.63102645874022,11.811107635498047,11.811107635498047,XGBoost,4
2025-11-01,Gleevec,TER-16,34,34.680855,0.0,89.54251174926758,-0.6808547973632812,0.6808547973632812,XGBoost,4
2025-12-01,Gleevec,TER-16,31,30.610306,0.0,85.91735000610345,0.3896942138671875,0.3896942138671875,XGBoost,4
2025-05-01,Gleevec,TER-17,30,27.27053,0.0,86.71469955444324,2.7294692993164062,2.7294692993164062,XGBoost,4
2025-06-01,Gleevec,TER-17,21,31.42008,0.0,89.18154792785639,-10.420080184936523,10.420080184936523,XGBoost,4
2025-07-01,Gleevec,TER-17,18,22.417799,0.0,80.11350593566894,-4.41779899597168,4.41779899597168,XGBoost,4
2025-08-01,Gleevec,TER-17,15,25.860167,0.0,86.09785881042473,-10.860166549682617,10.860166549682617,XGBoost,4
2025-09-01,Gleevec,TER-17,39,25.948215,0.0,73.22031059265136,13.05178451538086,13.05178451538086,XGBoost,4
2025-10-01,Gleevec,TER-17,34,28.74803,0.0,76.06493682861324,5.251970291137695,5.251970291137695,XGBoost,4
2025-11-01,Gleevec,TER-17,22,31.436594,0.0,85.39428024291992,-9.436594009399414,9.436594009399414,XGBoost,4
2025-12-01,Gleevec,TER-17,24,30.566257,0.0,81.92080841064451,-6.566257476806641,6.566257476806641,XGBoost,4
2025-05-01,Gleevec,TER-18,38,26.57389,0.0,76.7247764587402,11.426109313964844,11.426109313964844,XGBoost,4
2025-06-01,Gleevec,TER-18,37,31.405191,0.0,77.6477725982666,5.594808578491211,5.594808578491211,XGBoost,4
2025-07-01,Gleevec,TER-18,30,25.74328,0.0,84.11876335144039,4.256719589233398,4.256719589233398,XGBoost,4
2025-08-01,Gleevec,TER-18,29,28.925455,0.0,83.36203975677486,0.07454490661621094,0.07454490661621094,XGBoost,4
2025-09-01,Gleevec,TER-18,34,29.837448,0.0,85.46100921630854,4.1625518798828125,4.1625518798828125,XGBoost,4
2025-10-01,Gleevec,TER-18,19,30.33088,0.0,83.69929504394531,-11.330879211425781,11.330879211425781,XGBoost,4
2025-11-01,Gleevec,TER-18,34,33.919037,0.0,85.36162910461424,0.080963134765625,0.080963134765625,XGBoost,4
2025-12-01,Gleevec,TER-18,24,29.752361,0.0,81.50557632446287,-5.752361297607422,5.752361297607422,XGBoost,4
2025-05-01,Gleevec,TER-19,35,27.623995,0.0,78.18193092346188,7.376005172729492,7.376005172729492,XGBoost,4
2025-06-01,Gleevec,TER-19,29,29.511526,0.0,87.20314598083496,-0.5115261077880859,0.5115261077880859,XGBoost,4
2025-07-01,Gleevec,TER-19,26,22.874393,0.0,77.84399414062499,3.1256065368652344,3.1256065368652344,XGBoost,4
2025-08-01,Gleevec,TER-19,26,27.402105,0.0,79.95852012634275,-1.4021053314208984,1.4021053314208984,XGBoost,4
2025-09-01,Gleevec,TER-19,28,26.364897,0.0,80.88250789642322,1.6351032257080078,1.6351032257080078,XGBoost,4
2025-10-01,Gleevec,TER-19,33,26.069298,0.0,76.0455051422118,6.930702209472656,6.930702209472656,XGBoost,4
2025-11-01,Gleevec,TER-19,39,31.150286,0.0,83.69782142639158,7.849714279174805,7.849714279174805,XGBoost,4
2025-12-01,Gleevec,TER-19,32,28.0213,0.0,81.47596549987793,3.978700637817383,3.978700637817383,XGBoost,4
2025-05-01,Gleevec,TER-20,19,27.658419,0.0,74.8402042388916,-8.658418655395508,8.658418655395508,XGBoost,4
2025-06-01,Gleevec,TER-20,24,30.207926,0.0,80.82682571411132,-6.207925796508789,6.207925796508789,XGBoost,4
2025-07-01,Gleevec,TER-20,23,22.147583,0.0,71.92343330383297,0.8524169921875,0.8524169921875,XGBoost,4
2025-08-01,Gleevec,TER-20,21,26.956944,0.0,78.67805900573731,-5.956943511962891,5.956943511962891,XGBoost,4
2025-09-01,Gleevec,TER-20,33,27.631878,0.0,85.9670524597168,5.368122100830078,5.368122100830078,XGBoost,4
2025-10-01,Gleevec,TER-20,35,26.276697,0.0,79.18113975524898,8.723302841186523,8.723302841186523,XGBoost,4
2025-11-01,Gleevec,TER-20,26,27.93631,0.0,79.84912910461422,-1.936309814453125,1.936309814453125,XGBoost,4
2025-12-01,Gleevec,TER-20,26,31.059256,0.0,89.13431167602538,-5.059255599975586,5.059255599975586,XGBoost,4
2025-05-01,Herceptin,TER-01,47,39.32008,0.0,96.4708885192871,7.679920196533203,7.679920196533203,XGBoost,4
2025-06-01,Herceptin,TER-01,51,47.620117,5.642894744873049,100.02884063720701,3.3798828125,3.3798828125,XGBoost,4
2025-07-01,Herceptin,TER-01,37,33.586525,0.0,92.53324584960937,3.4134750366210938,3.4134750366210938,XGBoost,4
2025-08-01,Herceptin,TER-01,29,39.799534,0.0,92.0067142486572,-10.79953384399414,10.79953384399414,XGBoost,4
2025-09-01,Herceptin,TER-01,59,36.67856,0.0,85.0512424468994,22.321441650390625,22.321441650390625,XGBoost,4
2025-10-01,Herceptin,TER-01,42,43.971706,5.682768249511719,99.33367538452141,-1.9717063903808594,1.9717063903808594,XGBoost,4
2025-11-01,Herceptin,TER-01,40,46.10758,2.8134449005126956,93.56384925842279,-6.107578277587891,6.107578277587891,XGBoost,4
2025-12-01,Herceptin,TER-01,54,48.502895,10.587357330322266,102.48493194580078,5.497104644775391,5.497104644775391,XGBoost,4
2025-05-01,Herceptin,TER-02,50,32.81215,0.0,82.54225120544433,17.187850952148438,17.187850952148438,XGBoost,4
2025-06-01,Herceptin,TER-02,30,44.94029,8.867600250244141,96.13284301757812,-14.940288543701172,14.940288543701172,XGBoost,4
2025-07-01,Herceptin,TER-02,24,31.373304,0.0,81.07113456726074,-7.37330436706543,7.37330436706543,XGBoost,4
2025-08-01,Herceptin,TER-02,30,35.10759,0.0,89.14465713500972,-5.1075897216796875,5.1075897216796875,XGBoost,4
2025-09-01,Herceptin,TER-02,36,33.858486,0.0,83.14526367187499,2.1415138244628906,2.1415138244628906,XGBoost,4
2025-10-01,Herceptin,TER-02,49,36.28399,0.10044898986816436,84.00887336730955,12.716011047363281,12.716011047363281,XGBoost,4
2025-11-01,Herceptin,TER-02,34,40.689827,0.0,86.65588531494139,-6.689826965332031,6.689826965332031,XGBoost,4
2025-12-01,Herceptin,TER-02,32,35.498123,0.0,89.57426757812497,-3.4981231689453125,3.4981231689453125,XGBoost,4
2025-05-01,Herceptin,TER-03,36,34.592545,0.0,86.44663619995114,1.4074554443359375,1.4074554443359375,XGBoost,4
2025-06-01,Herceptin,TER-03,48,38.285957,4.952825546264648,92.09558677673338,9.714042663574219,9.714042663574219,XGBoost,4
2025-07-01,Herceptin,TER-03,40,33.03003,0.0,84.87123985290526,6.969970703125,6.969970703125,XGBoost,4
2025-08-01,Herceptin,TER-03,21,37.605038,0.0,90.05566024780272,-16.605037689208984,16.605037689208984,XGBoost,4
2025-09-01,Herceptin,TER-03,46,34.940437,0.0,91.96885452270507,11.059562683105469,11.059562683105469,XGBoost,4
2025-10-01,Herceptin,TER-03,43,40.222652,6.687560653686525,91.66977996826171,2.7773475646972656,2.7773475646972656,XGBoost,4
2025-11-01,Herceptin,TER-03,30,38.712086,2.124245071411135,95.88089523315428,-8.712085723876953,8.712085723876953,XGBoost,4
2025-12-01,Herceptin,TER-03,28,31.405165,0.0,83.88876113891597,-3.4051647186279297,3.4051647186279297,XGBoost,4
2025-05-01,Herceptin,TER-04,48,35.576206,0.0,95.15332832336425,12.42379379272461,12.42379379272461,XGBoost,4
2025-06-01,Herceptin,TER-04,36,33.943542,0.0,86.8010845184326,2.05645751953125,2.05645751953125,XGBoost,4
2025-07-01,Herceptin,TER-04,33,31.25485,0.0,81.80722885131834,1.7451496124267578,1.7451496124267578,XGBoost,4
2025-08-01,Herceptin,TER-04,36,31.035423,0.0,76.46127166748046,4.964576721191406,4.964576721191406,XGBoost,4
2025-09-01,Herceptin,TER-04,41,37.10786,0.5578041076660156,87.21601791381833,3.892139434814453,3.892139434814453,XGBoost,4
2025-10-01,Herceptin,TER-04,48,36.93106,0.0,95.0827033996582,11.068939208984375,11.068939208984375,XGBoost,4
2025-11-01,Herceptin,TER-04,35,39.6401,6.280448532104494,91.0826908111572,-4.640098571777344,4.640098571777344,XGBoost,4
2025-12-01,Herceptin,TER-04,51,34.093414,0.6267135620117206,91.82421188354489,16.906585693359375,16.906585693359375,XGBoost,4
2025-05-01,Herceptin,TER-05,22,36.477932,0.0,89.54338722229,-14.47793197631836,14.47793197631836,XGBoost,4
2025-06-01,Herceptin,TER-05,40,31.51302,0.0,84.48581314086914,8.486980438232422,8.486980438232422,XGBoost,4
2025-07-01,Herceptin,TER-05,30,25.47167,0.0,74.1674392700195,4.528329849243164,4.528329849243164,XGBoost,4
2025-08-01,Herceptin,TER-05,19,26.933636,0.0,79.42969894409168,-7.933635711669922,7.933635711669922,XGBoost,4
2025-09-01,Herceptin,TER-05,37,30.405464,0.0,78.17392311096185,6.594535827636719,6.594535827636719,XGBoost,4
2025-10-01,Herceptin,TER-05,24,33.122593,0.0,85.05482368469234,-9.12259292602539,9.12259292602539,XGBoost,4
2025-11-01,Herceptin,TER-05,24,32.509644,0.0,81.31922302246089,-8.5096435546875,8.5096435546875,XGBoost,4
2025-12-01,Herceptin,TER-05,31,31.844078,0.0,85.6521701812744,-0.8440780639648438,0.8440780639648438,XGBoost,4
2025-05-01,Herceptin,TER-06,22,25.377985,0.0,74.73608150482171,-3.3779850006103516,3.3779850006103516,XGBoost,4
2025-06-01,Herceptin,TER-06,40,27.82025,0.0,82.59254302978515,12.179750442504883,12.179750442504883,XGBoost,4
2025-07-01,Herceptin,TER-06,32,23.163755,0.0,76.01855049133296,8.836244583129883,8.836244583129883,XGBoost,4
2025-08-01,Herceptin,TER-06,26,27.203938,0.0,80.59898567199704,-1.2039375305175781,1.2039375305175781,XGBoost,4
2025-09-01,Herceptin,TER-06,24,31.977531,0.0,84.78162231445312,-7.977531433105469,7.977531433105469,XGBoost,4
2025-10-01,Herceptin,TER-06,26,28.026041,0.0,82.08323097229002,-2.026041030883789,2.026041030883789,XGBoost,4
2025-11-01,Herceptin,TER-06,28,30.1166,0.0,76.49587860107421,-2.1166000366210938,2.1166000366210938,XGBoost,4
2025-12-01,Herceptin,TER-06,41,29.115067,0.0,84.41792678833006,11.884933471679688,11.884933471679688,XGBoost,4
2025-05-01,Herceptin,TER-07,36,30.363956,0.0,79.02836227416992,5.636043548583984,5.636043548583984,XGBoost,4
2025-06-01,Herceptin,TER-07,41,34.982628,0.6060024261474609,85.90901145935057,6.017372131347656,6.017372131347656,XGBoost,4
2025-07-01,Herceptin,TER-07,13,26.299591,0.0,78.48870353698729,-13.299591064453125,13.299591064453125,XGBoost,4
2025-08-01,Herceptin,TER-07,31,28.847315,0.0,83.89368667602538,2.1526851654052734,2.1526851654052734,XGBoost,4
2025-09-01,Herceptin,TER-07,39,30.697327,0.0,75.11088790893554,8.30267333984375,8.30267333984375,XGBoost,4
2025-10-01,Herceptin,TER-07,26,35.675793,0.0,85.72424278259275,-9.675792694091797,9.675792694091797,XGBoost,4
2025-11-01,Herceptin,TER-07,31,35.25372,0.0,87.07729721069336,-4.253719329833984,4.253719329833984,XGBoost,4
2025-12-01,Herceptin,TER-07,34,32.45807,0.0,88.46578083038325,1.54193115234375,1.54193115234375,XGBoost,4
2025-05-01,Herceptin,TER-08,25,29.273468,0.0,76.98968391418455,-4.273468017578125,4.273468017578125,XGBoost,4
2025-06-01,Herceptin,TER-08,44,36.401848,0.0,87.65705795288083,7.598152160644531,7.598152160644531,XGBoost,4
2025-07-01,Herceptin,TER-08,26,28.582174,0.0,87.0594814300537,-2.582174301147461,2.582174301147461,XGBoost,4
2025-08-01,Herceptin,TER-08,30,27.20609,0.0,76.92015533447264,2.7939090728759766,2.7939090728759766,XGBoost,4
2025-09-01,Herceptin,TER-08,32,29.589897,0.0,87.2342357635498,2.4101028442382812,2.4101028442382812,XGBoost,4
2025-10-01,Herceptin,TER-08,24,30.210426,0.0,84.17117576599121,-6.210426330566406,6.210426330566406,XGBoost,4
2025-11-01,Herceptin,TER-08,23,32.564213,0.0,83.9916877746582,-9.564212799072266,9.564212799072266,XGBoost,4
2025-12-01,Herceptin,TER-08,41,30.599934,0.0,80.33003578186035,10.400066375732422,10.400066375732422,XGBoost,4
2025-05-01,Herceptin,TER-09,34,27.743145,0.0,77.48633728027342,6.256855010986328,6.256855010986328,XGBoost,4
2025-06-01,Herceptin,TER-09,31,32.332657,0.0,87.63551712036131,-1.3326568603515625,1.3326568603515625,XGBoost,4
2025-07-01,Herceptin,TER-09,21,24.556515,0.0,81.89078674316406,-3.5565147399902344,3.5565147399902344,XGBoost,4
2025-08-01,Herceptin,TER-09,23,26.526117,0.0,78.24677467346191,-3.5261173248291016,3.5261173248291016,XGBoost,4
2025-09-01,Herceptin,TER-09,36,29.443245,0.0,71.5072357177734,6.556755065917969,6.556755065917969,XGBoost,4
2025-10-01,Herceptin,TER-09,24,27.720463,0.0,85.50569610595703,-3.7204627990722656,3.7204627990722656,XGBoost,4
2025-11-01,Herceptin,TER-09,33,30.43731,0.0,88.14488830566405,2.5626907348632812,2.5626907348632812,XGBoost,4
2025-12-01,Herceptin,TER-09,32,30.606007,0.0,77.28905868530272,1.3939933776855469,1.3939933776855469,XGBoost,4
2025-05-01,Herceptin,TER-10,30,27.058056,0.0,79.02817802429199,2.941944122314453,2.941944122314453,XGBoost,4
2025-06-01,Herceptin,TER-10,32,32.560688,0.0,86.99203872680663,-0.5606880187988281,0.5606880187988281,XGBoost,4
2025-07-01,Herceptin,TER-10,34,25.851553,0.0,71.86832923889153,8.148447036743164,8.148447036743164,XGBoost,4
2025-08-01,Herceptin,TER-10,28,27.266306,0.0,78.99889411926269,0.7336940765380859,0.7336940765380859,XGBoost,4
2025-09-01,Herceptin,TER-10,40,31.174538,0.0,82.8211570739746,8.825462341308594,8.825462341308594,XGBoost,4
2025-10-01,Herceptin,TER-10,27,34.383274,0.0,85.62336578369138,-7.383274078369141,7.383274078369141,XGBoost,4
2025-11-01,Herceptin,TER-10,29,34.937054,0.0,87.54377746582024,-5.937053680419922,5.937053680419922,XGBoost,4
2025-12-01,Herceptin,TER-10,39,31.807203,0.0,82.34843254089355,7.19279670715332,7.19279670715332,XGBoost,4
2025-05-01,Herceptin,TER-11,33,32.99829,0.0,80.65532302856445,0.001708984375,0.001708984375,XGBoost,4
2025-06-01,Herceptin,TER-11,36,30.890606,0.0,80.57335510253901,5.109394073486328,5.109394073486328,XGBoost,4
2025-07-01,Herceptin,TER-11,27,24.262926,0.0,69.85517158508297,2.7370738983154297,2.7370738983154297,XGBoost,4
2025-08-01,Herceptin,TER-11,19,28.504345,0.0,85.67066917419432,-9.504344940185547,9.504344940185547,XGBoost,4
2025-09-01,Herceptin,TER-11,45,29.899025,0.0,81.7654037475586,15.100975036621094,15.100975036621094,XGBoost,4
2025-10-01,Herceptin,TER-11,24,34.747875,0.0,86.61889877319335,-10.747875213623047,10.747875213623047,XGBoost,4
2025-11-01,Herceptin,TER-11,34,32.16892,0.0,83.36145401000977,1.8310813903808594,1.8310813903808594,XGBoost,4
2025-12-01,Herceptin,TER-11,39,32.12312,0.0,84.0049907684326,6.876880645751953,6.876880645751953,XGBoost,4
2025-05-01,Herceptin,TER-12,30,27.480587,0.0,76.55298175811767,2.5194129943847656,2.5194129943847656,XGBoost,4
2025-06-01,Herceptin,TER-12,41,31.780163,0.0,84.82523078918454,9.219837188720703,9.219837188720703,XGBoost,4
2025-07-01,Herceptin,TER-12,28,25.359974,0.0,73.69453716278072,2.640026092529297,2.640026092529297,XGBoost,4
2025-08-01,Herceptin,TER-12,24,24.30133,0.0,74.32703132629395,-0.30133056640625,0.30133056640625,XGBoost,4
2025-09-01,Herceptin,TER-12,28,28.106318,0.0,79.5557376861572,-0.10631752014160156,0.10631752014160156,XGBoost,4
2025-10-01,Herceptin,TER-12,30,27.402576,0.0,75.15573692321773,2.597423553466797,2.597423553466797,XGBoost,4
2025-11-01,Herceptin,TER-12,31,30.234953,0.0,76.49246330261228,0.7650470733642578,0.7650470733642578,XGBoost,4
2025-12-01,Herceptin,TER-12,31,28.959166,0.0,86.65487251281738,2.040834426879883,2.040834426879883,XGBoost,4
2025-05-01,Herceptin,TER-13,26,24.842205,0.0,81.6732345581054,1.1577949523925781,1.1577949523925781,XGBoost,4
2025-06-01,Herceptin,TER-13,29,29.164593,0.0,86.60406723022456,-0.16459274291992188,0.16459274291992188,XGBoost,4
2025-07-01,Herceptin,TER-13,28,22.973047,0.0,81.03630256652832,5.026952743530273,5.026952743530273,XGBoost,4
2025-08-01,Herceptin,TER-13,23,25.388144,0.0,79.46921195983883,-2.388143539428711,2.388143539428711,XGBoost,4
2025-09-01,Herceptin,TER-13,31,26.72834,0.0,86.87916030883788,4.271659851074219,4.271659851074219,XGBoost,4
2025-10-01,Herceptin,TER-13,35,26.89418,0.0,70.30277709960934,8.105819702148438,8.105819702148438,XGBoost,4
2025-11-01,Herceptin,TER-13,26,29.033634,0.0,76.43672790527343,-3.0336341857910156,3.0336341857910156,XGBoost,4
2025-12-01,Herceptin,TER-13,29,30.437645,0.0,84.49657745361327,-1.4376449584960938,1.4376449584960938,XGBoost,4
2025-05-01,Herceptin,TER-14,25,26.025778,0.0,78.61099395751948,-1.025777816772461,1.025777816772461,XGBoost,4
2025-06-01,Herceptin,TER-14,35,27.933947,0.0,87.20700225830078,7.06605339050293,7.06605339050293,XGBoost,4
2025-07-01,Herceptin,TER-14,15,20.915007,0.0,75.77666358947754,-5.915006637573242,5.915006637573242,XGBoost,4
2025-08-01,Herceptin,TER-14,22,22.98146,0.0,77.4889434814453,-0.9814605712890625,0.9814605712890625,XGBoost,4
2025-09-01,Herceptin,TER-14,22,27.806904,0.0,79.0216857910156,-5.806903839111328,5.806903839111328,XGBoost,4
2025-10-01,Herceptin,TER-14,25,26.926136,0.0,80.4058971405029,-1.9261360168457031,1.9261360168457031,XGBoost,4
2025-11-01,Herceptin,TER-14,33,27.393675,0.0,88.76176261901855,5.606325149536133,5.606325149536133,XGBoost,4
2025-12-01,Herceptin,TER-14,32,25.35819,0.0,82.15908775329586,6.641809463500977,6.641809463500977,XGBoost,4
2025-05-01,Herceptin,TER-15,30,25.706373,0.0,77.62972373962398,4.29362678527832,4.29362678527832,XGBoost,4
2025-06-01,Herceptin,TER-15,24,28.105337,0.0,80.98014526367186,-4.105337142944336,4.105337142944336,XGBoost,4
2025-07-01,Herceptin,TER-15,25,20.252703,0.0,71.48080291748046,4.747297286987305,4.747297286987305,XGBoost,4
2025-08-01,Herceptin,TER-15,23,23.845085,0.0,76.42559356689449,-0.8450851440429688,0.8450851440429688,XGBoost,4
2025-09-01,Herceptin,TER-15,21,25.117779,0.0,78.92699127197265,-4.117778778076172,4.117778778076172,XGBoost,4
2025-10-01,Herceptin,TER-15,29,24.276102,0.0,77.36331806182855,4.723897933959961,4.723897933959961,XGBoost,4
2025-11-01,Herceptin,TER-15,34,24.738417,0.0,77.58386001586909,9.26158332824707,9.26158332824707,XGBoost,4
2025-12-01,Herceptin,TER-15,31,28.837275,0.0,74.83923072814936,2.1627254486083984,2.1627254486083984,XGBoost,4
2025-05-01,Herceptin,TER-16,26,24.754622,0.0,75.27999229431153,1.2453784942626953,1.2453784942626953,XGBoost,4
2025-06-01,Herceptin,TER-16,19,27.78974,0.0,84.56674995422362,-8.789739608764648,8.789739608764648,XGBoost,4
2025-07-01,Herceptin,TER-16,15,21.8919,0.0,84.93990859985351,-6.891899108886719,6.891899108886719,XGBoost,4
2025-08-01,Herceptin,TER-16,17,23.548887,0.0,72.48313598632798,-6.548887252807617,6.548887252807617,XGBoost,4
2025-09-01,Herceptin,TER-16,36,27.513721,0.0,80.46945648193349,8.486278533935547,8.486278533935547,XGBoost,4
2025-10-01,Herceptin,TER-16,24,25.09609,0.0,76.35399475097654,-1.096090316772461,1.096090316772461,XGBoost,4
2025-11-01,Herceptin,TER-16,27,28.561642,0.0,82.61883163452147,-1.5616416931152344,1.5616416931152344,XGBoost,4
2025-12-01,Herceptin,TER-16,37,29.686626,0.0,84.34076843261704,7.313373565673828,7.313373565673828,XGBoost,4
2025-05-01,Herceptin,TER-17,16,24.34025,0.0,76.2112735748291,-8.340250015258789,8.340250015258789,XGBoost,4
2025-06-01,Herceptin,TER-17,33,24.850288,0.0,76.75247001647946,8.149711608886719,8.149711608886719,XGBoost,4
2025-07-01,Herceptin,TER-17,25,18.990227,0.0,67.35815010070799,6.009773254394531,6.009773254394531,XGBoost,4
2025-08-01,Herceptin,TER-17,25,20.345213,0.0,65.41989402770994,4.654787063598633,4.654787063598633,XGBoost,4
2025-09-01,Herceptin,TER-17,18,28.499634,0.0,78.61068725585938,-10.4996337890625,10.4996337890625,XGBoost,4
2025-10-01,Herceptin,TER-17,30,24.619383,0.0,76.58950500488281,5.380617141723633,5.380617141723633,XGBoost,4
2025-11-01,Herceptin,TER-17,23,25.72851,0.0,77.17064399719237,-2.7285099029541016,2.7285099029541016,XGBoost,4
2025-12-01,Herceptin,TER-17,34,22.655666,0.0,70.31315460205077,11.34433364868164,11.34433364868164,XGBoost,4
2025-05-01,Herceptin,TER-18,22,23.701338,0.0,73.3989093780517,-1.7013378143310547,1.7013378143310547,XGBoost,4
2025-06-01,Herceptin,TER-18,23,26.195414,0.0,81.42545509338379,-3.195413589477539,3.195413589477539,XGBoost,4
2025-07-01,Herceptin,TER-18,18,21.146278,0.0,71.77235260009765,-3.1462783813476562,3.1462783813476562,XGBoost,4
2025-08-01,Herceptin,TER-18,13,20.51163,0.0,70.28747940063472,-7.511629104614258,7.511629104614258,XGBoost,4
2025-09-01,Herceptin,TER-18,20,25.069166,0.0,80.65223789215086,-5.06916618347168,5.06916618347168,XGBoost,4
2025-10-01,Herceptin,TER-18,34,25.493586,0.0,76.72459983825684,8.506414413452148,8.506414413452148,XGBoost,4
2025-11-01,Herceptin,TER-18,17,25.856098,0.0,77.08711242675781,-8.856098175048828,8.856098175048828,XGBoost,4
2025-12-01,Herceptin,TER-18,30,25.689157,0.0,84.80096015930172,4.310842514038086,4.310842514038086,XGBoost,4
2025-05-01,Herceptin,TER-19,28,24.894066,0.0,78.85063171386719,3.1059341430664062,3.1059341430664062,XGBoost,4
2025-06-01,Herceptin,TER-19,25,24.68918,0.0,77.77751426696771,0.3108196258544922,0.3108196258544922,XGBoost,4
2025-07-01,Herceptin,TER-19,16,20.180845,0.0,68.48976860046385,-4.180845260620117,4.180845260620117,XGBoost,4
2025-08-01,Herceptin,TER-19,22,21.696491,0.0,78.57004280090328,0.3035087585449219,0.3035087585449219,XGBoost,4
2025-09-01,Herceptin,TER-19,21,23.152676,0.0,77.21049022674559,-2.1526756286621094,2.1526756286621094,XGBoost,4
2025-10-01,Herceptin,TER-19,22,23.083105,0.0,74.00668449401854,-1.0831050872802734,1.0831050872802734,XGBoost,4
2025-11-01,Herceptin,TER-19,18,25.506681,0.0,77.419501876831,-7.506681442260742,7.506681442260742,XGBoost,4
2025-12-01,Herceptin,TER-19,35,23.488813,0.0,78.02766456603993,11.511186599731445,11.511186599731445,XGBoost,4
2025-05-01,Herceptin,TER-20,29,21.324223,0.0,65.73127098083495,7.675777435302734,7.675777435302734,XGBoost,4
2025-06-01,Herceptin,TER-20,25,28.747448,0.0,75.67886199951168,-3.747447967529297,3.747447967529297,XGBoost,4
2025-07-01,Herceptin,TER-20,15,19.436218,0.0,76.83512840270996,-4.43621826171875,4.43621826171875,XGBoost,4
2025-08-01,Herceptin,TER-20,26,23.187037,0.0,70.98414802551261,2.8129634857177734,2.8129634857177734,XGBoost,4
2025-09-01,Herceptin,TER-20,33,22.577906,0.0,74.40826835632323,10.422094345092773,10.422094345092773,XGBoost,4
2025-10-01,Herceptin,TER-20,18,25.249538,0.0,79.08050918579099,-7.249538421630859,7.249538421630859,XGBoost,4
2025-11-01,Herceptin,TER-20,17,23.968828,0.0,76.41945075988768,-6.968828201293945,6.968828201293945,XGBoost,4
2025-12-01,Herceptin,TER-20,22,24.794891,0.0,74.50029258728027,-2.794891357421875,2.794891357421875,XGBoost,4
2025-05-01,Humira,TER-01,52,59.60845,23.570411682128906,112.06306571960447,-7.608451843261719,7.608451843261719,XGBoost,4
2025-06-01,Humira,TER-01,47,64.870125,27.29481086730957,119.26836700439452,-17.87012481689453,17.87012481689453,XGBoost,4
2025-07-01,Humira,TER-01,45,47.92084,4.579132461547852,104.85038528442381,-2.9208412170410156,2.9208412170410156,XGBoost,4
2025-08-01,Humira,TER-01,61,49.659916,8.030574798583984,98.44684181213375,11.340084075927734,11.340084075927734,XGBoost,4
2025-09-01,Humira,TER-01,78,51.905178,12.426975250244144,101.61428146362304,26.09482192993164,26.09482192993164,XGBoost,4
2025-10-01,Humira,TER-01,68,65.377335,30.60494995117188,124.64923095703125,2.6226654052734375,2.6226654052734375,XGBoost,4
2025-11-01,Humira,TER-01,53,67.464676,28.804677200317382,121.26495361328125,-14.464675903320312,14.464675903320312,XGBoost,4
2025-12-01,Humira,TER-01,56,65.44125,27.186729431152344,117.26202392578116,-9.441253662109375,9.441253662109375,XGBoost,4
2025-05-01,Humira,TER-02,67,50.239464,7.026923370361328,102.0905879974365,16.760536193847656,16.760536193847656,XGBoost,4
2025-06-01,Humira,TER-02,61,66.92035,28.41834411621094,122.9242975234985,-5.92034912109375,5.92034912109375,XGBoost,4
2025-07-01,Humira,TER-02,49,48.67098,5.018849945068363,104.32115936279291,0.3290214538574219,0.3290214538574219,XGBoost,4
2025-08-01,Humira,TER-02,32,52.133823,16.729782104492188,104.97926673889155,-20.13382339477539,20.13382339477539,XGBoost,4
2025-09-01,Humira,TER-02,60,53.887764,11.453073120117187,101.70902366638174,6.112236022949219,6.112236022949219,XGBoost,4
2025-10-01,Humira,TER-02,76,57.300323,23.245671844482423,111.40896987915033,18.699676513671875,18.699676513671875,XGBoost,4
2025-11-01,Humira,TER-02,60,60.281578,21.634326934814457,113.07676811218262,-0.28157806396484375,0.28157806396484375,XGBoost,4
2025-12-01,Humira,TER-02,73,61.037716,20.635265350341797,113.49232978820798,11.962284088134766,11.962284088134766,XGBoost,4
2025-05-01,Humira,TER-03,60,49.534164,11.207847595214844,105.09738159179688,10.465835571289062,10.465835571289062,XGBoost,4
2025-06-01,Humira,TER-03,57,61.876858,19.206667709350587,112.51719284057614,-4.876857757568359,4.876857757568359,XGBoost,4
2025-07-01,Humira,TER-03,59,46.374332,11.770462036132816,101.67595748901365,12.625667572021484,12.625667572021484,XGBoost,4
2025-08-01,Humira,TER-03,35,48.512154,5.383320999145508,94.63557739257811,-13.512153625488281,13.512153625488281,XGBoost,4
2025-09-01,Humira,TER-03,58,43.877846,4.021208190917969,96.29544830322263,14.122154235839844,14.122154235839844,XGBoost,4
2025-10-01,Humira,TER-03,56,53.164547,9.958980560302734,110.20247650146483,2.8354530334472656,2.8354530334472656,XGBoost,4
2025-11-01,Humira,TER-03,73,50.074394,16.17005157470703,94.7919483184814,22.92560577392578,22.92560577392578,XGBoost,4
2025-12-01,Humira,TER-03,43,57.55688,20.239449310302735,114.95346908569336,-14.556880950927734,14.556880950927734,XGBoost,4
2025-05-01,Humira,TER-04,44,47.937622,14.027915954589846,95.8316596984863,-3.9376220703125,3.9376220703125,XGBoost,4
2025-06-01,Humira,TER-04,72,53.681496,16.353443908691407,106.48787460327148,18.318504333496094,18.318504333496094,XGBoost,4
2025-07-01,Humira,TER-04,49,47.160744,8.575925064086915,95.37958259582517,1.8392562866210938,1.8392562866210938,XGBoost,4
2025-08-01,Humira,TER-04,60,50.854744,13.090033721923831,103.8275375366211,9.145256042480469,9.145256042480469,XGBoost,4
2025-09-01,Humira,TER-04,63,49.94359,18.968865203857423,102.33424377441406,13.056411743164062,13.056411743164062,XGBoost,4
2025-10-01,Humira,TER-04,46,56.105984,14.855902862548831,109.9062614440918,-10.10598373413086,10.10598373413086,XGBoost,4
2025-11-01,Humira,TER-04,69,56.777588,16.213213348388674,106.80010223388672,12.222412109375,12.222412109375,XGBoost,4
2025-12-01,Humira,TER-04,69,52.21642,14.405665588378909,101.48610973358154,16.783580780029297,16.783580780029297,XGBoost,4
2025-05-01,Humira,TER-05,43,44.135025,0.4179111480712892,99.50390853881828,-1.1350250244140625,1.1350250244140625,XGBoost,4
2025-06-01,Humira,TER-05,55,50.32401,11.611579132080081,96.5665901184082,4.675991058349609,4.675991058349609,XGBoost,4
2025-07-01,Humira,TER-05,53,37.71893,0.0,90.22891807556145,15.281070709228516,15.281070709228516,XGBoost,4
2025-08-01,Humira,TER-05,27,41.50067,0.0,93.68971557617186,-14.50067138671875,14.50067138671875,XGBoost,4
2025-09-01,Humira,TER-05,46,43.46269,0.8189643859863285,101.76965255737304,2.537311553955078,2.537311553955078,XGBoost,4
2025-10-01,Humira,TER-05,38,45.83499,9.28923225402832,95.57622070312499,-7.834991455078125,7.834991455078125,XGBoost,4
2025-11-01,Humira,TER-05,34,52.378067,16.16877479553223,104.36100196838376,-18.378067016601562,18.378067016601562,XGBoost,4
2025-12-01,Humira,TER-05,52,41.865295,5.191508865356448,91.2841281890869,10.13470458984375,10.13470458984375,XGBoost,4
2025-05-01,Humira,TER-06,52,40.51289,6.649494171142582,92.40454025268552,11.487110137939453,11.487110137939453,XGBoost,4
2025-06-01,Humira,TER-06,31,46.10811,8.82517738342285,101.34706878662108,-15.108108520507812,15.108108520507812,XGBoost,4
2025-07-01,Humira,TER-06,45,36.432358,0.0,88.30338134765624,8.567642211914062,8.567642211914062,XGBoost,4
2025-08-01,Humira,TER-06,38,43.291508,0.6206489562988291,96.19748764038081,-5.291507720947266,5.291507720947266,XGBoost,4
2025-09-01,Humira,TER-06,60,37.086544,0.0,88.56123580932613,22.913455963134766,22.913455963134766,XGBoost,4
2025-10-01,Humira,TER-06,42,45.91357,3.2730712890625,105.20645446777343,-3.9135704040527344,3.9135704040527344,XGBoost,4
2025-11-01,Humira,TER-06,53,47.147526,10.842136001586917,98.34175567626953,5.852474212646484,5.852474212646484,XGBoost,4
2025-12-01,Humira,TER-06,57,45.584972,6.657299041748047,94.71982154846185,11.415027618408203,11.415027618408203,XGBoost,4
2025-05-01,Humira,TER-07,54,38.470833,0.0,85.75925788879393,15.529167175292969,15.529167175292969,XGBoost,4
2025-06-01,Humira,TER-07,61,48.737385,2.724414825439453,104.73818225860592,12.262615203857422,12.262615203857422,XGBoost,4
2025-07-01,Humira,TER-07,29,36.743137,0.0,94.14453277587889,-7.743137359619141,7.743137359619141,XGBoost,4
2025-08-01,Humira,TER-07,27,40.52145,6.981936264038087,95.50657882690429,-13.52145004272461,13.52145004272461,XGBoost,4
2025-09-01,Humira,TER-07,33,39.161774,0.0,91.96813087463377,-6.161773681640625,6.161773681640625,XGBoost,4
2025-10-01,Humira,TER-07,49,39.41995,3.503311157226563,90.00429077148432,9.58005142211914,9.58005142211914,XGBoost,4
2025-11-01,Humira,TER-07,39,47.821907,9.353668975830079,100.19454650878906,-8.821907043457031,8.821907043457031,XGBoost,4
2025-12-01,Humira,TER-07,53,40.62732,0.44495010375976696,92.2689453125,12.3726806640625,12.3726806640625,XGBoost,4
2025-05-01,Humira,TER-08,47,45.794537,9.207896423339847,98.64000167846675,1.2054634094238281,1.2054634094238281,XGBoost,4
2025-06-01,Humira,TER-08,49,56.29086,19.241315841674805,111.35512504577635,-7.290859222412109,7.290859222412109,XGBoost,4
2025-07-01,Humira,TER-08,23,41.222836,0.0,88.50829582214354,-18.222835540771484,18.222835540771484,XGBoost,4
2025-08-01,Humira,TER-08,49,37.540585,0.0,89.72742347717285,11.459415435791016,11.459415435791016,XGBoost,4
2025-09-01,Humira,TER-08,39,44.09484,4.2397300720214846,97.66404876708982,-5.094841003417969,5.094841003417969,XGBoost,4
2025-10-01,Humira,TER-08,36,45.81399,8.062023162841797,94.88638629913329,-9.81399154663086,9.81399154663086,XGBoost,4
2025-11-01,Humira,TER-08,39,48.19528,8.084918975830083,99.47957191467285,-9.19527816772461,9.19527816772461,XGBoost,4
2025-12-01,Humira,TER-08,54,37.35133,1.3092063903808595,93.3590417861938,16.648670196533203,16.648670196533203,XGBoost,4
2025-05-01,Humira,TER-09,42,39.63608,0.0,84.32544898986815,2.3639183044433594,2.3639183044433594,XGBoost,4
2025-06-01,Humira,TER-09,62,48.377586,5.03134765625,95.7897895812988,13.622413635253906,13.622413635253906,XGBoost,4
2025-07-01,Humira,TER-09,45,38.89491,0.0,94.53108901977532,6.105091094970703,6.105091094970703,XGBoost,4
2025-08-01,Humira,TER-09,31,43.1855,4.343652343750003,93.04660148620604,-12.185501098632812,12.185501098632812,XGBoost,4
2025-09-01,Humira,TER-09,44,45.45201,0.0,93.64609107971191,-1.4520111083984375,1.4520111083984375,XGBoost,4
2025-10-01,Humira,TER-09,49,42.906246,0.0,91.30579433441157,6.093753814697266,6.093753814697266,XGBoost,4
2025-11-01,Humira,TER-09,55,49.24279,12.569003677368165,97.61547431945799,5.757209777832031,5.757209777832031,XGBoost,4
2025-12-01,Humira,TER-09,67,41.219296,0.0,94.59241905212401,25.780704498291016,25.780704498291016,XGBoost,4
2025-05-01,Humira,TER-10,56,41.899788,0.0,101.23693847656249,14.100212097167969,14.100212097167969,XGBoost,4
2025-06-01,Humira,TER-10,53,53.563828,19.154277420043947,105.50962066650384,-0.5638275146484375,0.5638275146484375,XGBoost,4
2025-07-01,Humira,TER-10,34,42.583336,0.0,91.88067874908447,-8.583335876464844,8.583335876464844,XGBoost,4
2025-08-01,Humira,TER-10,46,42.85196,4.055502319335938,96.85669784545897,3.148040771484375,3.148040771484375,XGBoost,4
2025-09-01,Humira,TER-10,40,45.48788,9.865717697143555,97.93850440979003,-5.487880706787109,5.487880706787109,XGBoost,4
2025-10-01,Humira,TER-10,62,45.28379,8.709061050415041,102.9029167175293,16.716209411621094,16.716209411621094,XGBoost,4
2025-11-01,Humira,TER-10,43,56.32267,13.561790466308594,110.71445083618164,-13.322669982910156,13.322669982910156,XGBoost,4
2025-12-01,Humira,TER-10,47,41.441147,0.0,93.8930667877197,5.5588531494140625,5.5588531494140625,XGBoost,4
2025-05-01,Humira,TER-11,41,45.97096,6.436086654663092,107.3430950164795,-4.970958709716797,4.970958709716797,XGBoost,4
2025-06-01,Humira,TER-11,69,53.318653,16.767715072631837,106.69177665710448,15.681346893310547,15.681346893310547,XGBoost,4
2025-07-01,Humira,TER-11,52,46.243114,3.1183204650878906,101.22552871704102,5.756885528564453,5.756885528564453,XGBoost,4
2025-08-01,Humira,TER-11,48,47.28433,14.580013275146486,104.94352760314939,0.7156715393066406,0.7156715393066406,XGBoost,4
2025-09-01,Humira,TER-11,55,49.060104,10.533079528808594,96.76124801635743,5.9398956298828125,5.9398956298828125,XGBoost,4
2025-10-01,Humira,TER-11,42,46.268135,7.7001293182373045,96.01163635253901,-4.268135070800781,4.268135070800781,XGBoost,4
2025-11-01,Humira,TER-11,40,49.727127,4.877616119384767,99.00131683349609,-9.727127075195312,9.727127075195312,XGBoost,4
2025-12-01,Humira,TER-11,56,47.064537,0.37386245727539175,98.29555130004883,8.935462951660156,8.935462951660156,XGBoost,4
2025-05-01,Humira,TER-12,43,39.410645,0.0,88.80855560302733,3.58935546875,3.58935546875,XGBoost,4
2025-06-01,Humira,TER-12,45,41.325634,3.036695861816406,94.17470169067383,3.674365997314453,3.674365997314453,XGBoost,4
2025-07-01,Humira,TER-12,26,35.97766,0.0,93.0155906677246,-9.9776611328125,9.9776611328125,XGBoost,4
2025-08-01,Humira,TER-12,29,39.29341,0.714763259887696,93.67269897460938,-10.293411254882812,10.293411254882812,XGBoost,4
2025-09-01,Humira,TER-12,57,38.79927,2.4798255920410197,88.21053237915038,18.200729370117188,18.200729370117188,XGBoost,4
2025-10-01,Humira,TER-12,50,41.565536,6.990612030029299,93.00351104736328,8.434463500976562,8.434463500976562,XGBoost,4
2025-11-01,Humira,TER-12,57,45.9737,5.944810867309575,101.02899208068845,11.026298522949219,11.026298522949219,XGBoost,4
2025-12-01,Humira,TER-12,48,44.742138,2.303825378417969,87.55734672546382,3.257862091064453,3.257862091064453,XGBoost,4
2025-05-01,Humira,TER-13,44,37.905804,4.515213775634766,95.56294784545895,6.094196319580078,6.094196319580078,XGBoost,4
2025-06-01,Humira,TER-13,55,51.486378,13.570177459716797,102.69066009521484,3.513622283935547,3.513622283935547,XGBoost,4
2025-07-01,Humira,TER-13,42,37.121864,0.0,94.81348419189453,4.878135681152344,4.878135681152344,XGBoost,4
2025-08-01,Humira,TER-13,37,42.516884,0.0,93.74789810180664,-5.516883850097656,5.516883850097656,XGBoost,4
2025-09-01,Humira,TER-13,54,47.32358,4.292565917968752,99.54192924499507,6.676418304443359,6.676418304443359,XGBoost,4
2025-10-01,Humira,TER-13,35,42.46196,0.0,93.07321166992188,-7.4619598388671875,7.4619598388671875,XGBoost,4
2025-11-01,Humira,TER-13,58,45.69047,0.0,100.11229705810543,12.309528350830078,12.309528350830078,XGBoost,4
2025-12-01,Humira,TER-13,61,39.13868,4.809104919433594,99.12672576904295,21.86132049560547,21.86132049560547,XGBoost,4
2025-05-01,Humira,TER-14,32,38.495636,4.63881988525391,89.71481323242188,-6.495635986328125,6.495635986328125,XGBoost,4
2025-06-01,Humira,TER-14,30,41.41554,0.0,94.85886383056634,-11.415538787841797,11.415538787841797,XGBoost,4
2025-07-01,Humira,TER-14,35,31.743706,0.0,84.54777488708496,3.2562942504882812,3.2562942504882812,XGBoost,4
2025-08-01,Humira,TER-14,41,32.88805,0.0,85.44675292968748,8.111949920654297,8.111949920654297,XGBoost,4
2025-09-01,Humira,TER-14,55,38.761402,0.0,88.47050552368164,16.238597869873047,16.238597869873047,XGBoost,4
2025-10-01,Humira,TER-14,27,40.981506,0.4855499267578125,94.44088020324706,-13.98150634765625,13.98150634765625,XGBoost,4
2025-11-01,Humira,TER-14,36,40.604973,0.0,91.83584518432613,-4.604972839355469,4.604972839355469,XGBoost,4
2025-12-01,Humira,TER-14,51,35.577,0.0,87.76604385375975,15.42300033569336,15.42300033569336,XGBoost,4
2025-05-01,Humira,TER-15,40,36.317875,0.0,91.32158927917479,3.6821250915527344,3.6821250915527344,XGBoost,4
2025-06-01,Humira,TER-15,33,42.103928,4.749770355224612,93.79928016662592,-9.103927612304688,9.103927612304688,XGBoost,4
2025-07-01,Humira,TER-15,27,29.882847,0.0,82.95612144470206,-2.8828468322753906,2.8828468322753906,XGBoost,4
2025-08-01,Humira,TER-15,22,34.498222,0.0,94.22201080322263,-12.498222351074219,12.498222351074219,XGBoost,4
2025-09-01,Humira,TER-15,38,36.95359,0.0,92.20029067993163,1.0464096069335938,1.0464096069335938,XGBoost,4
2025-10-01,Humira,TER-15,42,37.51004,1.5300178527832071,88.800796508789,4.489959716796875,4.489959716796875,XGBoost,4
2025-11-01,Humira,TER-15,55,41.56524,0.0,92.14067153930661,13.434761047363281,13.434761047363281,XGBoost,4
2025-12-01,Humira,TER-15,33,34.238968,0.0,89.54182815551756,-1.2389678955078125,1.2389678955078125,XGBoost,4
2025-05-01,Humira,TER-16,33,41.761913,2.972362518310547,97.05579833984375,-8.761913299560547,8.761913299560547,XGBoost,4
2025-06-01,Humira,TER-16,41,47.942486,13.44937744140626,101.94209957122801,-6.942485809326172,6.942485809326172,XGBoost,4
2025-07-01,Humira,TER-16,32,33.042526,0.0,83.6841743469238,-1.0425262451171875,1.0425262451171875,XGBoost,4
2025-08-01,Humira,TER-16,35,37.233078,0.0,88.15946159362791,-2.2330780029296875,2.2330780029296875,XGBoost,4
2025-09-01,Humira,TER-16,39,37.93243,1.8616600036621094,91.50163803100584,1.0675697326660156,1.0675697326660156,XGBoost,4
2025-10-01,Humira,TER-16,53,37.609592,0.0,92.0197031021118,15.39040756225586,15.39040756225586,XGBoost,4
2025-11-01,Humira,TER-16,52,45.915874,5.943653106689455,97.27042541503904,6.084125518798828,6.084125518798828,XGBoost,4
2025-12-01,Humira,TER-16,46,34.54801,0.0,80.21697158813477,11.451988220214844,11.451988220214844,XGBoost,4
2025-05-01,Humira,TER-17,48,35.287453,0.0,87.1081314086914,12.712547302246094,12.712547302246094,XGBoost,4
2025-06-01,Humira,TER-17,39,44.602154,0.0,102.29377365112305,-5.602153778076172,5.602153778076172,XGBoost,4
2025-07-01,Humira,TER-17,23,30.924063,0.0,79.15697593688961,-7.924062728881836,7.924062728881836,XGBoost,4
2025-08-01,Humira,TER-17,34,33.622272,0.0,86.59506607055664,0.3777275085449219,0.3777275085449219,XGBoost,4
2025-09-01,Humira,TER-17,52,33.685078,0.0,85.41072845458984,18.314922332763672,18.314922332763672,XGBoost,4
2025-10-01,Humira,TER-17,27,35.317223,0.0,90.61110763549804,-8.317222595214844,8.317222595214844,XGBoost,4
2025-11-01,Humira,TER-17,22,40.502678,0.0,93.52619743347164,-18.50267791748047,18.50267791748047,XGBoost,4
2025-12-01,Humira,TER-17,37,37.65723,0.0,86.06127777099604,-0.6572303771972656,0.6572303771972656,XGBoost,4
2025-05-01,Humira,TER-18,30,36.242393,0.0,90.77433013916004,-6.242393493652344,6.242393493652344,XGBoost,4
2025-06-01,Humira,TER-18,44,43.24736,0.0,95.7818603515625,0.7526397705078125,0.7526397705078125,XGBoost,4
2025-07-01,Humira,TER-18,30,37.343536,0.0,88.98562049865723,-7.343536376953125,7.343536376953125,XGBoost,4
2025-08-01,Humira,TER-18,38,34.103138,0.0,92.1799892425537,3.896862030029297,3.896862030029297,XGBoost,4
2025-09-01,Humira,TER-18,52,38.638973,3.241745376586915,91.43685607910156,13.361026763916016,13.361026763916016,XGBoost,4
2025-10-01,Humira,TER-18,48,39.06944,0.0,96.10736846923827,8.930561065673828,8.930561065673828,XGBoost,4
2025-11-01,Humira,TER-18,50,43.3373,9.40934295654297,91.75843200683587,6.662700653076172,6.662700653076172,XGBoost,4
2025-12-01,Humira,TER-18,29,36.700848,0.0,96.30779075622556,-7.700847625732422,7.700847625732422,XGBoost,4
2025-05-01,Humira,TER-19,37,34.63697,0.0,88.59465675354004,2.3630294799804688,2.3630294799804688,XGBoost,4
2025-06-01,Humira,TER-19,54,40.556683,2.6025566101074245,94.6134355545043,13.443317413330078,13.443317413330078,XGBoost,4
2025-07-01,Humira,TER-19,30,28.022945,0.0,80.2097843170166,1.9770545959472656,1.9770545959472656,XGBoost,4
2025-08-01,Humira,TER-19,34,35.2943,0.0,90.69985694885243,-1.2943000793457031,1.2943000793457031,XGBoost,4
2025-09-01,Humira,TER-19,28,35.10395,0.0,87.55457305908202,-7.103950500488281,7.103950500488281,XGBoost,4
2025-10-01,Humira,TER-19,43,35.28033,0.0,89.33926315307616,7.719669342041016,7.719669342041016,XGBoost,4
2025-11-01,Humira,TER-19,32,39.941895,0.0,91.8522106170654,-7.94189453125,7.94189453125,XGBoost,4
2025-12-01,Humira,TER-19,38,36.662365,0.0,94.32528839111326,1.3376350402832031,1.3376350402832031,XGBoost,4
2025-05-01,Humira,TER-20,30,35.677353,0.0,86.23692703247067,-5.6773529052734375,5.6773529052734375,XGBoost,4
2025-06-01,Humira,TER-20,42,40.779823,0.7281482696533225,92.98700256347654,1.2201766967773438,1.2201766967773438,XGBoost,4
2025-07-01,Humira,TER-20,22,32.092793,0.0,83.31227569580078,-10.092792510986328,10.092792510986328,XGBoost,4
2025-08-01,Humira,TER-20,37,33.376015,0.0,89.376812171936,3.6239852905273438,3.6239852905273438,XGBoost,4
2025-09-01,Humira,TER-20,50,36.777878,0.0,88.13242874145506,13.222122192382812,13.222122192382812,XGBoost,4
2025-10-01,Humira,TER-20,38,35.91599,0.0,87.77001228332517,2.0840110778808594,2.0840110778808594,XGBoost,4
2025-11-01,Humira,TER-20,44,40.91568,5.865753936767579,90.99671440124506,3.084320068359375,3.084320068359375,XGBoost,4
2025-12-01,Humira,TER-20,41,34.993977,1.7185852050781254,87.96677017211914,6.006023406982422,6.006023406982422,XGBoost,4
2025-05-01,Januvia,TER-01,259,186.43176,143.67088317871094,241.30727920532226,72.5682373046875,72.5682373046875,XGBoost,4
2025-06-01,Januvia,TER-01,275,280.27792,234.2904151916504,332.6685791015625,-5.277923583984375,5.277923583984375,XGBoost,4
2025-07-01,Januvia,TER-01,219,211.92247,175.84978179931642,261.6208251953125,7.0775299072265625,7.0775299072265625,XGBoost,4
2025-08-01,Januvia,TER-01,125,221.21355,181.36154174804688,269.5481100082397,-96.21354675292969,96.21354675292969,XGBoost,4
2025-09-01,Januvia,TER-01,231,202.8255,164.24685249328613,254.8888229370116,28.17449951171875,28.17449951171875,XGBoost,4
2025-10-01,Januvia,TER-01,180,203.34485,170.94444198608397,255.34591865539548,-23.3448486328125,23.3448486328125,XGBoost,4
2025-11-01,Januvia,TER-01,307,195.19835,154.6491943359375,252.1067352294922,111.80165100097656,111.80165100097656,XGBoost,4
2025-12-01,Januvia,TER-01,248,207.2114,166.6443878173828,257.9970249176025,40.788604736328125,40.788604736328125,XGBoost,4
2025-05-01,Januvia,TER-02,189,218.76984,178.74363403320314,273.28224334716793,-29.76983642578125,29.76983642578125,XGBoost,4
2025-06-01,Januvia,TER-02,249,232.05081,193.58257369995118,283.87363052368164,16.949188232421875,16.949188232421875,XGBoost,4
2025-07-01,Januvia,TER-02,211,176.25096,138.49021492004394,235.2046852111816,34.74903869628906,34.74903869628906,XGBoost,4
2025-08-01,Januvia,TER-02,189,238.36588,201.76837043762208,291.9392665863037,-49.365875244140625,49.365875244140625,XGBoost,4
2025-09-01,Januvia,TER-02,196,233.0421,186.54660034179688,284.2716911315918,-37.04209899902344,37.04209899902344,XGBoost,4
2025-10-01,Januvia,TER-02,258,196.6077,158.14425735473634,253.9938201904297,61.392303466796875,61.392303466796875,XGBoost,4
2025-11-01,Januvia,TER-02,292,205.10072,167.1733486175537,260.41468200683585,86.89927673339844,86.89927673339844,XGBoost,4
2025-12-01,Januvia,TER-02,294,218.84036,181.19745254516602,270.6031108856201,75.15963745117188,75.15963745117188,XGBoost,4
2025-05-01,Januvia,TER-03,189,195.36024,157.06397705078126,246.71895523071288,-6.3602447509765625,6.3602447509765625,XGBoost,4
2025-06-01,Januvia,TER-03,281,250.40863,207.76389694213867,302.30110931396484,30.59136962890625,30.59136962890625,XGBoost,4
2025-07-01,Januvia,TER-03,171,175.94221,135.76641387939452,225.7291957855224,-4.9422149658203125,4.9422149658203125,XGBoost,4
2025-08-01,Januvia,TER-03,139,208.98648,167.7147331237793,260.88866233825684,-69.98648071289062,69.98648071289062,XGBoost,4
2025-09-01,Januvia,TER-03,222,195.61102,153.1567810058594,245.6920574188232,26.38897705078125,26.38897705078125,XGBoost,4
2025-10-01,Januvia,TER-03,213,186.08224,152.47698135375975,232.4615234375,26.917755126953125,26.917755126953125,XGBoost,4
2025-11-01,Januvia,TER-03,238,216.92291,180.3481830596924,262.621142578125,21.07708740234375,21.07708740234375,XGBoost,4
2025-12-01,Januvia,TER-03,212,180.49576,143.8996612548828,240.8514453887939,31.504241943359375,31.504241943359375,XGBoost,4
2025-05-01,Januvia,TER-04,160,191.8675,148.47845611572265,237.82773513793944,-31.86749267578125,31.86749267578125,XGBoost,4
2025-06-01,Januvia,TER-04,216,224.01526,190.42701301574706,277.0510795593262,-8.0152587890625,8.0152587890625,XGBoost,4
2025-07-01,Januvia,TER-04,122,153.42068,117.79263801574707,206.3957664489746,-31.420684814453125,31.420684814453125,XGBoost,4
2025-08-01,Januvia,TER-04,124,175.50157,137.16526107788087,222.79794578552244,-51.50157165527344,51.50157165527344,XGBoost,4
2025-09-01,Januvia,TER-04,196,183.72647,146.43184852600098,239.23104400634756,12.273529052734375,12.273529052734375,XGBoost,4
2025-10-01,Januvia,TER-04,266,160.7544,115.27618408203125,214.61649360656733,105.24560546875,105.24560546875,XGBoost,4
2025-11-01,Januvia,TER-04,202,176.2738,138.01763954162598,231.93345260620112,25.7261962890625,25.7261962890625,XGBoost,4
2025-12-01,Januvia,TER-04,180,192.46127,149.07525749206542,243.71313476562494,-12.461273193359375,12.461273193359375,XGBoost,4
2025-05-01,Januvia,TER-05,167,164.26476,115.04633483886718,222.64023818969724,2.7352447509765625,2.7352447509765625,XGBoost,4
2025-06-01,Januvia,TER-05,247,209.34563,171.41727447509766,258.97950744628906,37.65437316894531,37.65437316894531,XGBoost,4
2025-07-01,Januvia,TER-05,119,166.03973,132.65043983459472,218.4786193847656,-47.03973388671875,47.03973388671875,XGBoost,4
2025-08-01,Januvia,TER-05,124,161.44722,127.88308486938476,214.8636093139648,-37.44721984863281,37.44721984863281,XGBoost,4
2025-09-01,Januvia,TER-05,203,156.72131,124.03131523132325,213.49456024169922,46.2786865234375,46.2786865234375,XGBoost,4
2025-10-01,Januvia,TER-05,193,162.07234,122.23600692749024,216.60629882812498,30.927658081054688,30.927658081054688,XGBoost,4
2025-11-01,Januvia,TER-05,145,177.7756,134.57003784179688,227.06610412597655,-32.775604248046875,32.775604248046875,XGBoost,4
2025-12-01,Januvia,TER-05,158,179.29082,142.63559761047364,229.0146484375,-21.290817260742188,21.290817260742188,XGBoost,4
2025-05-01,Januvia,TER-06,151,156.75563,118.04237861633301,216.26869506835936,-5.7556304931640625,5.7556304931640625,XGBoost,4
2025-06-01,Januvia,TER-06,123,166.25183,122.77748336791993,218.0752040863037,-43.2518310546875,43.2518310546875,XGBoost,4
2025-07-01,Januvia,TER-06,161,135.68172,95.80879364013671,187.50918045043946,25.318283081054688,25.318283081054688,XGBoost,4
2025-08-01,Januvia,TER-06,139,153.07487,118.99046859741212,208.70158691406243,-14.074874877929688,14.074874877929688,XGBoost,4
2025-09-01,Januvia,TER-06,169,133.35652,91.40301513671875,184.72037811279296,35.64347839355469,35.64347839355469,XGBoost,4
2025-10-01,Januvia,TER-06,184,172.59521,135.99771003723146,224.4067378997802,11.40478515625,11.40478515625,XGBoost,4
2025-11-01,Januvia,TER-06,119,166.86118,124.41349639892579,224.57247886657714,-47.861175537109375,47.861175537109375,XGBoost,4
2025-12-01,Januvia,TER-06,130,172.77293,130.1000015258789,218.00857696533203,-42.77293395996094,42.77293395996094,XGBoost,4
2025-05-01,Januvia,TER-07,177,155.1116,113.16918029785157,206.83271827697754,21.888397216796875,21.888397216796875,XGBoost,4
2025-06-01,Januvia,TER-07,116,199.01898,160.5434097290039,257.01147575378417,-83.01898193359375,83.01898193359375,XGBoost,4
2025-07-01,Januvia,TER-07,85,145.15108,109.31998710632324,204.09405822753905,-60.15107727050781,60.15107727050781,XGBoost,4
2025-08-01,Januvia,TER-07,130,141.25293,103.7044448852539,194.3401456832885,-11.2529296875,11.2529296875,XGBoost,4
2025-09-01,Januvia,TER-07,197,142.5369,103.60047760009766,194.17897987365723,54.463104248046875,54.463104248046875,XGBoost,4
2025-10-01,Januvia,TER-07,167,142.70905,100.00843048095703,193.96410293579098,24.29095458984375,24.29095458984375,XGBoost,4
2025-11-01,Januvia,TER-07,187,163.24274,119.45663452148438,217.2533096313476,23.75726318359375,23.75726318359375,XGBoost,4
2025-12-01,Januvia,TER-07,126,163.28984,122.47709350585937,215.11730422973633,-37.28984069824219,37.28984069824219,XGBoost,4
2025-05-01,Januvia,TER-08,172,160.408,122.14289588928223,214.4482421875,11.591995239257812,11.591995239257812,XGBoost,4
2025-06-01,Januvia,TER-08,218,184.8116,143.5596923828125,239.81531410217283,33.18840026855469,33.18840026855469,XGBoost,4
2025-07-01,Januvia,TER-08,173,148.30467,113.09305953979492,202.2836456298828,24.695327758789062,24.695327758789062,XGBoost,4
2025-08-01,Januvia,TER-08,110,167.47475,120.97582473754883,213.17764587402317,-57.47474670410156,57.47474670410156,XGBoost,4
2025-09-01,Januvia,TER-08,190,167.20486,123.97386512756349,217.78310127258297,22.795135498046875,22.795135498046875,XGBoost,4
2025-10-01,Januvia,TER-08,211,148.0915,107.26353988647462,209.7911636352539,62.90849304199219,62.90849304199219,XGBoost,4
2025-11-01,Januvia,TER-08,196,160.24884,119.84171447753906,212.12630462646484,35.75115966796875,35.75115966796875,XGBoost,4
2025-12-01,Januvia,TER-08,216,159.88138,113.6483856201172,207.08683586120603,56.118621826171875,56.118621826171875,XGBoost,4
2025-05-01,Januvia,TER-09,180,126.443565,89.90232963562012,178.84771347045896,53.556434631347656,53.556434631347656,XGBoost,4
2025-06-01,Januvia,TER-09,217,184.26004,151.24916076660156,234.8179763793945,32.739959716796875,32.739959716796875,XGBoost,4
2025-07-01,Januvia,TER-09,160,142.20605,99.51758270263672,192.85081291198728,17.7939453125,17.7939453125,XGBoost,4
2025-08-01,Januvia,TER-09,150,170.69264,132.7636276245117,217.8999042510986,-20.692642211914062,20.692642211914062,XGBoost,4
2025-09-01,Januvia,TER-09,192,165.47908,126.89439468383789,216.8231315612793,26.520919799804688,26.520919799804688,XGBoost,4
2025-10-01,Januvia,TER-09,204,148.17809,114.1811996459961,201.66203002929686,55.82191467285156,55.82191467285156,XGBoost,4
2025-11-01,Januvia,TER-09,112,174.39145,131.94697036743165,224.41642723083496,-62.391448974609375,62.391448974609375,XGBoost,4
2025-12-01,Januvia,TER-09,166,154.04912,120.00518417358398,205.96193733215327,11.950881958007812,11.950881958007812,XGBoost,4
2025-05-01,Januvia,TER-10,186,186.81628,145.0300308227539,240.87521667480468,-0.8162841796875,0.8162841796875,XGBoost,4
2025-06-01,Januvia,TER-10,185,225.88182,187.6272964477539,277.77657318115234,-40.88182067871094,40.88182067871094,XGBoost,4
2025-07-01,Januvia,TER-10,155,177.64151,138.95310134887694,234.81031951904293,-22.641510009765625,22.641510009765625,XGBoost,4
2025-08-01,Januvia,TER-10,151,171.15958,137.24900588989257,230.71220207214355,-20.159576416015625,20.159576416015625,XGBoost,4
2025-09-01,Januvia,TER-10,221,145.7335,101.94189567565918,198.24638023376457,75.26649475097656,75.26649475097656,XGBoost,4
2025-10-01,Januvia,TER-10,184,166.19339,130.57509994506836,219.81660461425776,17.806610107421875,17.806610107421875,XGBoost,4
2025-11-01,Januvia,TER-10,231,188.49248,152.45280075073242,243.54776802062986,42.50752258300781,42.50752258300781,XGBoost,4
2025-12-01,Januvia,TER-10,191,139.89696,99.95841751098632,197.97201347351074,51.10304260253906,51.10304260253906,XGBoost,4
2025-05-01,Januvia,TER-11,144,160.58441,118.69579315185547,213.629479598999,-16.58441162109375,16.58441162109375,XGBoost,4
2025-06-01,Januvia,TER-11,154,207.54303,164.10271606445312,264.48238830566396,-53.54302978515625,53.54302978515625,XGBoost,4
2025-07-01,Januvia,TER-11,142,156.35213,116.00205917358399,210.86453399658203,-14.352127075195312,14.352127075195312,XGBoost,4
2025-08-01,Januvia,TER-11,134,180.27625,138.37032318115234,234.27585887908933,-46.2762451171875,46.2762451171875,XGBoost,4
2025-09-01,Januvia,TER-11,124,173.21756,127.52183990478515,225.1303802490234,-49.217559814453125,49.217559814453125,XGBoost,4
2025-10-01,Januvia,TER-11,212,168.95663,126.93887252807617,218.7761474609374,43.043365478515625,43.043365478515625,XGBoost,4
2025-11-01,Januvia,TER-11,229,165.95824,121.59302978515625,213.70466232299802,63.04176330566406,63.04176330566406,XGBoost,4
2025-12-01,Januvia,TER-11,241,129.23196,89.78678359985352,182.26778488159178,111.76803588867188,111.76803588867188,XGBoost,4
2025-05-01,Januvia,TER-12,134,144.75406,105.90827941894531,202.54072761535636,-10.754058837890625,10.754058837890625,XGBoost,4
2025-06-01,Januvia,TER-12,190,199.79015,158.14905586242676,254.84077301025383,-9.790145874023438,9.790145874023438,XGBoost,4
2025-07-01,Januvia,TER-12,166,126.25564,79.75671615600587,183.60037460327146,39.744361877441406,39.744361877441406,XGBoost,4
2025-08-01,Januvia,TER-12,137,155.53735,114.72460632324218,208.46293220520013,-18.537353515625,18.537353515625,XGBoost,4
2025-09-01,Januvia,TER-12,140,157.35849,114.91401138305665,210.3508377075195,-17.358489990234375,17.358489990234375,XGBoost,4
2025-10-01,Januvia,TER-12,123,144.42737,105.51232070922852,191.14867172241208,-21.4273681640625,21.4273681640625,XGBoost,4
2025-11-01,Januvia,TER-12,144,166.2212,122.42069549560547,220.66228103637692,-22.221206665039062,22.221206665039062,XGBoost,4
2025-12-01,Januvia,TER-12,230,154.65378,123.04800415039062,208.2151714324951,75.34622192382812,75.34622192382812,XGBoost,4
2025-05-01,Januvia,TER-13,152,166.3774,127.71739692687989,220.79554138183593,-14.377395629882812,14.377395629882812,XGBoost,4
2025-06-01,Januvia,TER-13,193,173.6064,133.3294250488281,228.39125061035153,19.393600463867188,19.393600463867188,XGBoost,4
2025-07-01,Januvia,TER-13,134,129.64166,89.75925674438477,185.30881156921376,4.35833740234375,4.35833740234375,XGBoost,4
2025-08-01,Januvia,TER-13,125,169.11108,127.15807800292968,223.11582260131834,-44.111083984375,44.111083984375,XGBoost,4
2025-09-01,Januvia,TER-13,136,155.47958,113.6126319885254,207.90099792480464,-19.479583740234375,19.479583740234375,XGBoost,4
2025-10-01,Januvia,TER-13,207,154.90042,121.82168045043946,203.23948364257808,52.099578857421875,52.099578857421875,XGBoost,4
2025-11-01,Januvia,TER-13,158,167.19894,125.62117004394531,223.23054294586174,-9.198944091796875,9.198944091796875,XGBoost,4
2025-12-01,Januvia,TER-13,183,146.4447,101.64521255493165,200.44369125366208,36.5552978515625,36.5552978515625,XGBoost,4
2025-05-01,Januvia,TER-14,129,107.11214,63.90653762817383,158.4561882019043,21.887863159179688,21.887863159179688,XGBoost,4
2025-06-01,Januvia,TER-14,128,144.28604,108.2439178466797,204.15845565795897,-16.286041259765625,16.286041259765625,XGBoost,4
2025-07-01,Januvia,TER-14,110,90.92458,50.57451553344727,138.65762939453123,19.075416564941406,19.075416564941406,XGBoost,4
2025-08-01,Januvia,TER-14,149,144.99223,104.64641265869142,194.38694686889647,4.0077667236328125,4.0077667236328125,XGBoost,4
2025-09-01,Januvia,TER-14,201,117.762985,70.9095687866211,162.3881378173828,83.23701477050781,83.23701477050781,XGBoost,4
2025-10-01,Januvia,TER-14,143,143.90572,98.72222137451172,199.58354721069327,-0.9057159423828125,0.9057159423828125,XGBoost,4
2025-11-01,Januvia,TER-14,113,147.22005,112.04696540832519,201.76777191162105,-34.22004699707031,34.22004699707031,XGBoost,4
2025-12-01,Januvia,TER-14,102,145.79079,102.66195411682129,193.07805137634276,-43.79078674316406,43.79078674316406,XGBoost,4
2025-05-01,Januvia,TER-15,196,121.3824,82.58594360351563,175.76231288909912,74.61759948730469,74.61759948730469,XGBoost,4
2025-06-01,Januvia,TER-15,148,167.81804,125.82315444946289,221.18645477294922,-19.818038940429688,19.818038940429688,XGBoost,4
2025-07-01,Januvia,TER-15,124,133.81099,97.76939468383789,185.0048568725586,-9.810989379882812,9.810989379882812,XGBoost,4
2025-08-01,Januvia,TER-15,89,139.84898,104.2357021331787,191.69126167297352,-50.84898376464844,50.84898376464844,XGBoost,4
2025-09-01,Januvia,TER-15,121,146.77563,99.10920715332031,200.57591247558594,-25.775634765625,25.775634765625,XGBoost,4
2025-10-01,Januvia,TER-15,99,129.16661,89.72060546875,181.35565490722655,-30.166610717773438,30.166610717773438,XGBoost,4
2025-11-01,Januvia,TER-15,144,155.12265,107.87142944335938,210.0148254394531,-11.122650146484375,11.122650146484375,XGBoost,4
2025-12-01,Januvia,TER-15,171,126.75618,91.07285079956056,184.43090400695797,44.24382019042969,44.24382019042969,XGBoost,4
2025-05-01,Januvia,TER-16,171,147.0724,101.23292388916016,198.89308166503906,23.927597045898438,23.927597045898438,XGBoost,4
2025-06-01,Januvia,TER-16,164,196.154,156.19863586425782,254.49164123535152,-32.15400695800781,32.15400695800781,XGBoost,4
2025-07-01,Januvia,TER-16,102,148.41862,105.18000793457031,193.10836067199705,-46.41862487792969,46.41862487792969,XGBoost,4
2025-08-01,Januvia,TER-16,115,150.79167,109.99617156982421,208.58456573486328,-35.79167175292969,35.79167175292969,XGBoost,4
2025-09-01,Januvia,TER-16,129,141.72328,106.56062316894531,191.422412109375,-12.723281860351562,12.723281860351562,XGBoost,4
2025-10-01,Januvia,TER-16,191,126.560425,93.77969589233399,174.91299438476562,64.4395751953125,64.4395751953125,XGBoost,4
2025-11-01,Januvia,TER-16,170,155.90637,112.6122386932373,213.91066665649413,14.0936279296875,14.0936279296875,XGBoost,4
2025-12-01,Januvia,TER-16,227,144.88544,98.9000961303711,194.27423572540275,82.11456298828125,82.11456298828125,XGBoost,4
2025-05-01,Januvia,TER-17,130,138.05255,96.0619010925293,192.03986358642578,-8.05255126953125,8.05255126953125,XGBoost,4
2025-06-01,Januvia,TER-17,175,163.32672,129.86324615478514,218.39098701477047,11.67327880859375,11.67327880859375,XGBoost,4
2025-07-01,Januvia,TER-17,122,133.3514,97.231689453125,184.57548217773436,-11.351394653320312,11.351394653320312,XGBoost,4
2025-08-01,Januvia,TER-17,104,112.10879,65.61109924316406,163.9925327301024,-8.108787536621094,8.108787536621094,XGBoost,4
2025-09-01,Januvia,TER-17,148,137.34758,100.04992332458497,192.6690595626831,10.652420043945312,10.652420043945312,XGBoost,4
2025-10-01,Januvia,TER-17,140,139.56743,93.07192993164062,193.54681892395018,0.4325714111328125,0.4325714111328125,XGBoost,4
2025-11-01,Januvia,TER-17,97,135.92136,98.19380416870118,185.8646354675292,-38.921356201171875,38.921356201171875,XGBoost,4
2025-12-01,Januvia,TER-17,161,124.33963,76.36320114135742,170.05860519409174,36.660369873046875,36.660369873046875,XGBoost,4
2025-05-01,Januvia,TER-18,170,131.79744,90.92363510131837,181.06594848632812,38.20256042480469,38.20256042480469,XGBoost,4
2025-06-01,Januvia,TER-18,98,174.2917,136.9859619140625,227.77564697265623,-76.29170227050781,76.29170227050781,XGBoost,4
2025-07-01,Januvia,TER-18,135,118.90997,74.55605850219726,174.43260803222645,16.09002685546875,16.09002685546875,XGBoost,4
2025-08-01,Januvia,TER-18,96,135.05522,96.46416130065919,186.27452545166014,-39.05522155761719,39.05522155761719,XGBoost,4
2025-09-01,Januvia,TER-18,146,118.96685,82.4122703552246,182.56473388671873,27.03314971923828,27.03314971923828,XGBoost,4
2025-10-01,Januvia,TER-18,104,131.6307,87.45738410949707,184.1405185699462,-27.630706787109375,27.630706787109375,XGBoost,4
2025-11-01,Januvia,TER-18,137,129.6716,89.38995056152343,180.44298820495604,7.328399658203125,7.328399658203125,XGBoost,4
2025-12-01,Januvia,TER-18,196,132.50174,96.81739349365235,189.31790847778316,63.498260498046875,63.498260498046875,XGBoost,4
2025-05-01,Januvia,TER-19,149,122.78318,75.87035064697265,176.79009132385252,26.216819763183594,26.216819763183594,XGBoost,4
2025-06-01,Januvia,TER-19,191,140.95116,106.35409965515137,199.4571914672851,50.04884338378906,50.04884338378906,XGBoost,4
2025-07-01,Januvia,TER-19,105,131.0003,93.2734275817871,182.64692459106445,-26.00030517578125,26.00030517578125,XGBoost,4
2025-08-01,Januvia,TER-19,103,119.05991,75.77412567138673,171.44829559326172,-16.059913635253906,16.059913635253906,XGBoost,4
2025-09-01,Januvia,TER-19,167,120.269005,73.57901535034179,172.65738677978516,46.730995178222656,46.730995178222656,XGBoost,4
2025-10-01,Januvia,TER-19,112,125.43891,89.80385398864746,181.2007637023924,-13.438911437988281,13.438911437988281,XGBoost,4
2025-11-01,Januvia,TER-19,176,133.57611,92.34388275146485,190.38747253417964,42.42388916015625,42.42388916015625,XGBoost,4
2025-12-01,Januvia,TER-19,104,129.17885,86.54129028320312,180.91605072021483,-25.178848266601562,25.178848266601562,XGBoost,4
2025-05-01,Januvia,TER-20,154,126.603874,87.94387550354004,186.54626541137688,27.39612579345703,27.39612579345703,XGBoost,4
2025-06-01,Januvia,TER-20,173,137.68182,98.30271530151367,192.73711433410642,35.31817626953125,35.31817626953125,XGBoost,4
2025-07-01,Januvia,TER-20,102,133.09581,97.17917251586914,185.00862922668452,-31.095809936523438,31.095809936523438,XGBoost,4
2025-08-01,Januvia,TER-20,72,128.10785,85.752978515625,177.81617736816406,-56.10784912109375,56.10784912109375,XGBoost,4
2025-09-01,Januvia,TER-20,118,121.75744,81.73123626708984,175.7570524215698,-3.7574386596679688,3.7574386596679688,XGBoost,4
2025-10-01,Januvia,TER-20,177,104.291916,63.82812080383301,155.6286457061767,72.70808410644531,72.70808410644531,XGBoost,4
2025-11-01,Januvia,TER-20,109,146.67522,103.91332778930663,201.44331741333008,-37.67521667480469,37.67521667480469,XGBoost,4
2025-12-01,Januvia,TER-20,184,111.89526,66.05433044433593,164.693168258667,72.104736328125,72.104736328125,XGBoost,4
2025-05-01,Keytruda,TER-01,26,27.021404,0.0,84.35294723510742,-1.0214042663574219,1.0214042663574219,XGBoost,4
2025-06-01,Keytruda,TER-01,34,34.429882,0.0,88.42887115478514,-0.4298820495605469,0.4298820495605469,XGBoost,4
2025-07-01,Keytruda,TER-01,27,27.667433,0.0,80.11935386657713,-0.6674327850341797,0.6674327850341797,XGBoost,4
2025-08-01,Keytruda,TER-01,29,28.056305,0.0,75.78068237304684,0.943695068359375,0.943695068359375,XGBoost,4
2025-09-01,Keytruda,TER-01,34,34.47484,0.0,92.96891632080074,-0.4748382568359375,0.4748382568359375,XGBoost,4
2025-10-01,Keytruda,TER-01,34,32.877197,0.0,88.5368461608886,1.122802734375,1.122802734375,XGBoost,4
2025-11-01,Keytruda,TER-01,40,32.48897,0.0,92.24417877197261,7.511028289794922,7.511028289794922,XGBoost,4
2025-12-01,Keytruda,TER-01,44,35.201687,0.0,92.59926681518553,8.79831314086914,8.79831314086914,XGBoost,4
2025-05-01,Keytruda,TER-02,29,28.283113,0.0,79.50205497741698,0.7168865203857422,0.7168865203857422,XGBoost,4
2025-06-01,Keytruda,TER-02,41,34.30283,0.3862529754638683,91.34075927734374,6.697170257568359,6.697170257568359,XGBoost,4
2025-07-01,Keytruda,TER-02,33,30.73014,0.0,80.8662040710449,2.2698593139648438,2.2698593139648438,XGBoost,4
2025-08-01,Keytruda,TER-02,26,24.414793,0.0,76.86541671752929,1.5852069854736328,1.5852069854736328,XGBoost,4
2025-09-01,Keytruda,TER-02,41,35.159657,0.0,90.39861679077147,5.840343475341797,5.840343475341797,XGBoost,4
2025-10-01,Keytruda,TER-02,31,35.163357,0.0,85.23514938354492,-4.163356781005859,4.163356781005859,XGBoost,4
2025-11-01,Keytruda,TER-02,42,34.89185,0.0,78.36018829345701,7.108150482177734,7.108150482177734,XGBoost,4
2025-12-01,Keytruda,TER-02,46,34.69057,0.0,85.94109306335447,11.309429168701172,11.309429168701172,XGBoost,4
2025-05-01,Keytruda,TER-03,40,27.798134,0.0,83.16325378417962,12.201866149902344,12.201866149902344,XGBoost,4
2025-06-01,Keytruda,TER-03,27,35.484673,0.0,81.25794677734366,-8.484672546386719,8.484672546386719,XGBoost,4
2025-07-01,Keytruda,TER-03,27,26.178665,0.0,76.97165107727048,0.8213348388671875,0.8213348388671875,XGBoost,4
2025-08-01,Keytruda,TER-03,25,25.752851,0.0,78.38021564483634,-0.7528514862060547,0.7528514862060547,XGBoost,4
2025-09-01,Keytruda,TER-03,23,28.031166,0.0,80.63830680847161,-5.031166076660156,5.031166076660156,XGBoost,4
2025-10-01,Keytruda,TER-03,40,27.229073,0.0,78.59506912231443,12.770927429199219,12.770927429199219,XGBoost,4
2025-11-01,Keytruda,TER-03,35,34.736343,0.0,92.44648704528807,0.2636566162109375,0.2636566162109375,XGBoost,4
2025-12-01,Keytruda,TER-03,40,30.757904,0.0,82.0690879821777,9.242095947265625,9.242095947265625,XGBoost,4
2025-05-01,Keytruda,TER-04,24,27.21936,0.0,79.59420509338379,-3.2193603515625,3.2193603515625,XGBoost,4
2025-06-01,Keytruda,TER-04,31,27.950684,0.0,81.49950408935547,3.04931640625,3.04931640625,XGBoost,4
2025-07-01,Keytruda,TER-04,31,23.092884,0.0,74.31206130981445,7.907115936279297,7.907115936279297,XGBoost,4
2025-08-01,Keytruda,TER-04,24,26.638933,0.0,78.54111480712888,-2.6389331817626953,2.6389331817626953,XGBoost,4
2025-09-01,Keytruda,TER-04,22,30.844814,0.0,86.07485580444336,-8.84481430053711,8.84481430053711,XGBoost,4
2025-10-01,Keytruda,TER-04,21,27.755192,0.0,70.05556030273436,-6.755191802978516,6.755191802978516,XGBoost,4
2025-11-01,Keytruda,TER-04,25,30.929272,0.0,86.22315673828125,-5.929271697998047,5.929271697998047,XGBoost,4
2025-12-01,Keytruda,TER-04,22,27.621975,0.0,85.01856307983398,-5.621974945068359,5.621974945068359,XGBoost,4
2025-05-01,Keytruda,TER-05,18,27.064322,0.0,78.5064556121826,-9.064321517944336,9.064321517944336,XGBoost,4
2025-06-01,Keytruda,TER-05,34,30.788563,0.0,82.01666297912597,3.211437225341797,3.211437225341797,XGBoost,4
2025-07-01,Keytruda,TER-05,27,22.137821,0.0,81.86936340332028,4.862178802490234,4.862178802490234,XGBoost,4
2025-08-01,Keytruda,TER-05,17,23.21558,0.0,74.51892356872557,-6.215579986572266,6.215579986572266,XGBoost,4
2025-09-01,Keytruda,TER-05,32,28.761084,0.0,84.1772403717041,3.2389163970947266,3.2389163970947266,XGBoost,4
2025-10-01,Keytruda,TER-05,37,26.544804,0.0,76.32736129760735,10.455196380615234,10.455196380615234,XGBoost,4
2025-11-01,Keytruda,TER-05,32,33.272346,0.0,82.06576347351073,-1.2723464965820312,1.2723464965820312,XGBoost,4
2025-12-01,Keytruda,TER-05,26,29.025557,0.0,80.76899261474607,-3.0255565643310547,3.0255565643310547,XGBoost,4
2025-05-01,Keytruda,TER-06,17,20.47651,0.0,78.1680679321289,-3.4765090942382812,3.4765090942382812,XGBoost,4
2025-06-01,Keytruda,TER-06,30,24.31219,0.0,75.9657459259033,5.687810897827148,5.687810897827148,XGBoost,4
2025-07-01,Keytruda,TER-06,25,19.503414,0.0,77.10369567871093,5.496585845947266,5.496585845947266,XGBoost,4
2025-08-01,Keytruda,TER-06,17,22.850443,0.0,76.80700874328613,-5.850442886352539,5.850442886352539,XGBoost,4
2025-09-01,Keytruda,TER-06,31,24.183153,0.0,81.97637977600088,6.81684684753418,6.81684684753418,XGBoost,4
2025-10-01,Keytruda,TER-06,20,24.10505,0.0,75.46875305175779,-4.105049133300781,4.105049133300781,XGBoost,4
2025-11-01,Keytruda,TER-06,25,25.337036,0.0,77.81739044189449,-0.3370361328125,0.3370361328125,XGBoost,4
2025-12-01,Keytruda,TER-06,33,25.665209,0.0,78.21274337768554,7.33479118347168,7.33479118347168,XGBoost,4
2025-05-01,Keytruda,TER-07,25,24.433004,0.0,72.98653602600079,0.5669956207275391,0.5669956207275391,XGBoost,4
2025-06-01,Keytruda,TER-07,33,27.557188,0.0,78.86552505493161,5.442811965942383,5.442811965942383,XGBoost,4
2025-07-01,Keytruda,TER-07,15,22.29113,0.0,72.36292266845703,-7.291130065917969,7.291130065917969,XGBoost,4
2025-08-01,Keytruda,TER-07,15,20.555557,0.0,72.61730918884261,-5.5555572509765625,5.5555572509765625,XGBoost,4
2025-09-01,Keytruda,TER-07,24,24.934307,0.0,77.34303054809568,-0.9343070983886719,0.9343070983886719,XGBoost,4
2025-10-01,Keytruda,TER-07,22,25.371033,0.0,70.00114097595213,-3.37103271484375,3.37103271484375,XGBoost,4
2025-11-01,Keytruda,TER-07,29,24.6577,0.0,77.05338745117187,4.3423004150390625,4.3423004150390625,XGBoost,4
2025-12-01,Keytruda,TER-07,20,23.827469,0.0,81.47595558166503,-3.8274688720703125,3.8274688720703125,XGBoost,4
2025-05-01,Keytruda,TER-08,31,25.624382,0.0,74.28878784179688,5.375617980957031,5.375617980957031,XGBoost,4
2025-06-01,Keytruda,TER-08,38,29.613018,0.0,88.0903251647949,8.386981964111328,8.386981964111328,XGBoost,4
2025-07-01,Keytruda,TER-08,21,21.904375,0.0,73.2440357208252,-0.9043750762939453,0.9043750762939453,XGBoost,4
2025-08-01,Keytruda,TER-08,16,23.963362,0.0,75.25204620361328,-7.963361740112305,7.963361740112305,XGBoost,4
2025-09-01,Keytruda,TER-08,28,25.138245,0.0,83.20149993896484,2.86175537109375,2.86175537109375,XGBoost,4
2025-10-01,Keytruda,TER-08,16,23.63288,0.0,81.01900291442871,-7.632879257202148,7.632879257202148,XGBoost,4
2025-11-01,Keytruda,TER-08,34,25.262308,0.0,76.18558158874511,8.737691879272461,8.737691879272461,XGBoost,4
2025-12-01,Keytruda,TER-08,40,25.456884,0.0,77.88944015502929,14.543115615844727,14.543115615844727,XGBoost,4
2025-05-01,Keytruda,TER-09,16,21.695734,0.0,70.7889381408691,-5.695734024047852,5.695734024047852,XGBoost,4
2025-06-01,Keytruda,TER-09,27,22.246471,0.0,77.02843170166014,4.753528594970703,4.753528594970703,XGBoost,4
2025-07-01,Keytruda,TER-09,20,19.931837,0.0,78.2388011932373,0.06816291809082031,0.06816291809082031,XGBoost,4
2025-08-01,Keytruda,TER-09,24,20.060219,0.0,71.47265586853021,3.9397811889648438,3.9397811889648438,XGBoost,4
2025-09-01,Keytruda,TER-09,19,24.754454,0.0,77.3522426605224,-5.754453659057617,5.754453659057617,XGBoost,4
2025-10-01,Keytruda,TER-09,16,23.115875,0.0,70.55203170776363,-7.115875244140625,7.115875244140625,XGBoost,4
2025-11-01,Keytruda,TER-09,20,25.298512,0.0,88.36757736206053,-5.298511505126953,5.298511505126953,XGBoost,4
2025-12-01,Keytruda,TER-09,37,23.000525,0.0,75.90496711730952,13.999475479125977,13.999475479125977,XGBoost,4
2025-05-01,Keytruda,TER-10,19,21.509699,0.0,69.21084251403809,-2.5096988677978516,2.5096988677978516,XGBoost,4
2025-06-01,Keytruda,TER-10,35,25.65139,0.0,85.18022994995115,9.348609924316406,9.348609924316406,XGBoost,4
2025-07-01,Keytruda,TER-10,21,20.552317,0.0,72.19394264221191,0.44768333435058594,0.44768333435058594,XGBoost,4
2025-08-01,Keytruda,TER-10,30,23.487143,0.0,73.19547080993652,6.512857437133789,6.512857437133789,XGBoost,4
2025-09-01,Keytruda,TER-10,29,27.920404,0.0,85.70563774108886,1.0795955657958984,1.0795955657958984,XGBoost,4
2025-10-01,Keytruda,TER-10,23,25.3692,0.0,77.10370788574218,-2.369199752807617,2.369199752807617,XGBoost,4
2025-11-01,Keytruda,TER-10,40,28.52421,0.0,72.9535060882568,11.475790023803711,11.475790023803711,XGBoost,4
2025-12-01,Keytruda,TER-10,24,29.633121,0.0,82.72145538330072,-5.633121490478516,5.633121490478516,XGBoost,4
2025-05-01,Keytruda,TER-11,28,23.033901,0.0,69.92409896850586,4.966098785400391,4.966098785400391,XGBoost,4
2025-06-01,Keytruda,TER-11,38,25.709171,0.0,72.04607696533203,12.290828704833984,12.290828704833984,XGBoost,4
2025-07-01,Keytruda,TER-11,16,23.187946,0.0,74.40725021362303,-7.187946319580078,7.187946319580078,XGBoost,4
2025-08-01,Keytruda,TER-11,13,22.902008,0.0,71.59209632873532,-9.902008056640625,9.902008056640625,XGBoost,4
2025-09-01,Keytruda,TER-11,17,25.86085,0.0,85.01102256774901,-8.860849380493164,8.860849380493164,XGBoost,4
2025-10-01,Keytruda,TER-11,25,24.654627,0.0,77.53397445678708,0.34537315368652344,0.34537315368652344,XGBoost,4
2025-11-01,Keytruda,TER-11,26,25.855923,0.0,77.71125411987292,0.14407730102539062,0.14407730102539062,XGBoost,4
2025-12-01,Keytruda,TER-11,25,24.556479,0.0,79.61950912475584,0.44352149963378906,0.44352149963378906,XGBoost,4
2025-05-01,Keytruda,TER-12,16,20.891596,0.0,70.93921127319334,-4.891595840454102,4.891595840454102,XGBoost,4
2025-06-01,Keytruda,TER-12,21,23.132893,0.0,76.06422080993644,-2.132892608642578,2.132892608642578,XGBoost,4
2025-07-01,Keytruda,TER-12,13,18.175148,0.0,69.85016021728512,-5.175148010253906,5.175148010253906,XGBoost,4
2025-08-01,Keytruda,TER-12,15,19.418333,0.0,72.22242393493651,-4.418333053588867,4.418333053588867,XGBoost,4
2025-09-01,Keytruda,TER-12,20,21.468725,0.0,75.97620811462401,-1.4687252044677734,1.4687252044677734,XGBoost,4
2025-10-01,Keytruda,TER-12,25,22.396902,0.0,76.7768144607544,2.603097915649414,2.603097915649414,XGBoost,4
2025-11-01,Keytruda,TER-12,19,23.077929,0.0,73.1029067993164,-4.07792854309082,4.07792854309082,XGBoost,4
2025-12-01,Keytruda,TER-12,24,22.663567,0.0,80.305419921875,1.3364334106445312,1.3364334106445312,XGBoost,4
2025-05-01,Keytruda,TER-13,19,22.642788,0.0,80.048331451416,-3.6427879333496094,3.6427879333496094,XGBoost,4
2025-06-01,Keytruda,TER-13,23,28.133492,0.0,84.97036972045898,-5.133491516113281,5.133491516113281,XGBoost,4
2025-07-01,Keytruda,TER-13,16,19.345276,0.0,79.00587501525871,-3.34527587890625,3.34527587890625,XGBoost,4
2025-08-01,Keytruda,TER-13,14,19.36787,0.0,71.80675582885742,-5.367870330810547,5.367870330810547,XGBoost,4
2025-09-01,Keytruda,TER-13,20,23.040937,0.0,73.15335235595695,-3.0409374237060547,3.0409374237060547,XGBoost,4
2025-10-01,Keytruda,TER-13,16,22.262903,0.0,72.7882740020752,-6.262903213500977,6.262903213500977,XGBoost,4
2025-11-01,Keytruda,TER-13,22,23.677183,0.0,75.33073997497557,-1.6771831512451172,1.6771831512451172,XGBoost,4
2025-12-01,Keytruda,TER-13,16,22.587694,0.0,74.3202823638916,-6.58769416809082,6.58769416809082,XGBoost,4
2025-05-01,Keytruda,TER-14,20,19.913544,0.0,73.72581939697264,0.086456298828125,0.086456298828125,XGBoost,4
2025-06-01,Keytruda,TER-14,26,22.557755,0.0,75.36184539794921,3.4422454833984375,3.4422454833984375,XGBoost,4
2025-07-01,Keytruda,TER-14,15,17.077906,0.0,62.64180717468261,-2.0779056549072266,2.0779056549072266,XGBoost,4
2025-08-01,Keytruda,TER-14,22,18.002274,0.0,71.5926174163818,3.9977264404296875,3.9977264404296875,XGBoost,4
2025-09-01,Keytruda,TER-14,17,20.813334,0.0,70.83903427124024,-3.813333511352539,3.813333511352539,XGBoost,4
2025-10-01,Keytruda,TER-14,28,21.667545,0.0,73.58036575317378,6.332454681396484,6.332454681396484,XGBoost,4
2025-11-01,Keytruda,TER-14,22,23.04532,0.0,72.12221450805663,-1.0453205108642578,1.0453205108642578,XGBoost,4
2025-12-01,Keytruda,TER-14,29,21.370277,0.0,73.01689682006835,7.629722595214844,7.629722595214844,XGBoost,4
2025-05-01,Keytruda,TER-15,16,20.073587,0.0,72.0534885406494,-4.073587417602539,4.073587417602539,XGBoost,4
2025-06-01,Keytruda,TER-15,19,21.742264,0.0,70.00702705383294,-2.7422637939453125,2.7422637939453125,XGBoost,4
2025-07-01,Keytruda,TER-15,13,18.018461,0.0,67.30523872375487,-5.018461227416992,5.018461227416992,XGBoost,4
2025-08-01,Keytruda,TER-15,20,18.745373,0.0,74.80710391998282,1.2546272277832031,1.2546272277832031,XGBoost,4
2025-09-01,Keytruda,TER-15,29,21.164663,0.0,69.85475158691403,7.835336685180664,7.835336685180664,XGBoost,4
2025-10-01,Keytruda,TER-15,17,22.038202,0.0,73.48532981872557,-5.038202285766602,5.038202285766602,XGBoost,4
2025-11-01,Keytruda,TER-15,17,22.098787,0.0,74.89669189453124,-5.098787307739258,5.098787307739258,XGBoost,4
2025-12-01,Keytruda,TER-15,23,20.939028,0.0,73.3431758880615,2.060972213745117,2.060972213745117,XGBoost,4
2025-05-01,Keytruda,TER-16,24,20.04817,0.0,74.02714347839355,3.9518299102783203,3.9518299102783203,XGBoost,4
2025-06-01,Keytruda,TER-16,31,22.669743,0.0,74.52086677551267,8.330257415771484,8.330257415771484,XGBoost,4
2025-07-01,Keytruda,TER-16,25,18.733267,0.0,70.6151382446289,6.266733169555664,6.266733169555664,XGBoost,4
2025-08-01,Keytruda,TER-16,17,20.48265,0.0,70.19802513122558,-3.4826507568359375,3.4826507568359375,XGBoost,4
2025-09-01,Keytruda,TER-16,30,22.133142,0.0,73.54557952880853,7.866857528686523,7.866857528686523,XGBoost,4
2025-10-01,Keytruda,TER-16,17,23.15915,0.0,74.60174140930174,-6.159149169921875,6.159149169921875,XGBoost,4
2025-11-01,Keytruda,TER-16,23,23.474583,0.0,80.52570571899412,-0.4745826721191406,0.4745826721191406,XGBoost,4
2025-12-01,Keytruda,TER-16,24,21.10873,0.0,72.78374252319333,2.8912696838378906,2.8912696838378906,XGBoost,4
2025-05-01,Keytruda,TER-17,22,19.034512,0.0,62.82962417602536,2.9654884338378906,2.9654884338378906,XGBoost,4
2025-06-01,Keytruda,TER-17,25,22.203762,0.0,69.86195449829101,2.7962379455566406,2.7962379455566406,XGBoost,4
2025-07-01,Keytruda,TER-17,14,16.281763,0.0,67.92838249206542,-2.2817630767822266,2.2817630767822266,XGBoost,4
2025-08-01,Keytruda,TER-17,22,17.333313,0.0,70.80525970458983,4.66668701171875,4.66668701171875,XGBoost,4
2025-09-01,Keytruda,TER-17,14,18.96712,0.0,69.1031826019287,-4.967119216918945,4.967119216918945,XGBoost,4
2025-10-01,Keytruda,TER-17,25,20.808891,0.0,73.68823890686032,4.191108703613281,4.191108703613281,XGBoost,4
2025-11-01,Keytruda,TER-17,23,21.8367,0.0,70.08117923736567,1.163299560546875,1.163299560546875,XGBoost,4
2025-12-01,Keytruda,TER-17,18,20.471699,0.0,78.80282974243161,-2.471698760986328,2.471698760986328,XGBoost,4
2025-05-01,Keytruda,TER-18,17,21.177134,0.0,72.4172252655029,-4.177133560180664,4.177133560180664,XGBoost,4
2025-06-01,Keytruda,TER-18,21,21.41387,0.0,64.88198928833006,-0.41386985778808594,0.41386985778808594,XGBoost,4
2025-07-01,Keytruda,TER-18,19,17.311514,0.0,71.28984050750731,1.688486099243164,1.688486099243164,XGBoost,4
2025-08-01,Keytruda,TER-18,21,18.807186,0.0,70.54383430480956,2.1928138732910156,2.1928138732910156,XGBoost,4
2025-09-01,Keytruda,TER-18,16,20.326004,0.0,68.52008399963378,-4.3260040283203125,4.3260040283203125,XGBoost,4
2025-10-01,Keytruda,TER-18,17,21.336,0.0,79.70231590270993,-4.336000442504883,4.336000442504883,XGBoost,4
2025-11-01,Keytruda,TER-18,18,22.273752,0.0,72.45062675476068,-4.273752212524414,4.273752212524414,XGBoost,4
2025-12-01,Keytruda,TER-18,25,21.724453,0.0,72.26568222045898,3.2755470275878906,3.2755470275878906,XGBoost,4
2025-05-01,Keytruda,TER-19,27,18.781477,0.0,71.33789176940915,8.218523025512695,8.218523025512695,XGBoost,4
2025-06-01,Keytruda,TER-19,22,21.785477,0.0,77.07936172485351,0.2145233154296875,0.2145233154296875,XGBoost,4
2025-07-01,Keytruda,TER-19,20,16.413252,0.0,62.11328849792478,3.5867481231689453,3.5867481231689453,XGBoost,4
2025-08-01,Keytruda,TER-19,11,18.575235,0.0,72.97840156555174,-7.575235366821289,7.575235366821289,XGBoost,4
2025-09-01,Keytruda,TER-19,21,20.347301,0.0,69.75278358459471,0.6526985168457031,0.6526985168457031,XGBoost,4
2025-10-01,Keytruda,TER-19,13,20.435184,0.0,76.0822143554687,-7.435184478759766,7.435184478759766,XGBoost,4
2025-11-01,Keytruda,TER-19,15,21.043676,0.0,80.11395988464355,-6.043676376342773,6.043676376342773,XGBoost,4
2025-12-01,Keytruda,TER-19,30,22.967472,0.0,80.36505203247069,7.032527923583984,7.032527923583984,XGBoost,4
2025-05-01,Keytruda,TER-20,13,18.871098,0.0,70.15978202819824,-5.871097564697266,5.871097564697266,XGBoost,4
2025-06-01,Keytruda,TER-20,24,21.824915,0.0,78.623083114624,2.1750850677490234,2.1750850677490234,XGBoost,4
2025-07-01,Keytruda,TER-20,15,16.728413,0.0,72.21753234863274,-1.7284126281738281,1.7284126281738281,XGBoost,4
2025-08-01,Keytruda,TER-20,23,17.499746,0.0,67.3234188079833,5.500253677368164,5.500253677368164,XGBoost,4
2025-09-01,Keytruda,TER-20,18,18.985094,0.0,66.13624839782709,-0.9850940704345703,0.9850940704345703,XGBoost,4
2025-10-01,Keytruda,TER-20,14,20.316486,0.0,72.69139938354492,-6.316486358642578,6.316486358642578,XGBoost,4
2025-11-01,Keytruda,TER-20,18,21.188652,0.0,75.00092773437498,-3.1886520385742188,3.1886520385742188,XGBoost,4
2025-12-01,Keytruda,TER-20,26,20.46169,0.0,74.8648571014404,5.538309097290039,5.538309097290039,XGBoost,4
2025-05-01,Lantus,TER-01,216,195.13004,157.18668479919432,247.53418350219724,20.869964599609375,20.869964599609375,XGBoost,4
2025-06-01,Lantus,TER-01,125,193.38834,154.5464874267578,243.91720809936524,-68.38833618164062,68.38833618164062,XGBoost,4
2025-07-01,Lantus,TER-01,158,151.9694,114.48448753356934,209.56581115722656,6.0305938720703125,6.0305938720703125,XGBoost,4
2025-08-01,Lantus,TER-01,106,157.85156,119.54990348815917,207.6050369262695,-51.8515625,51.8515625,XGBoost,4
2025-09-01,Lantus,TER-01,189,150.37584,107.80627517700195,202.27059173583982,38.62416076660156,38.62416076660156,XGBoost,4
2025-10-01,Lantus,TER-01,155,165.93001,124.65438461303711,212.17065963745117,-10.930007934570312,10.930007934570312,XGBoost,4
2025-11-01,Lantus,TER-01,174,165.7276,127.2684425354004,220.72239570617674,8.27239990234375,8.27239990234375,XGBoost,4
2025-12-01,Lantus,TER-01,168,182.0704,146.21371307373047,240.074698638916,-14.070404052734375,14.070404052734375,XGBoost,4
2025-05-01,Lantus,TER-02,139,180.31067,134.51984786987305,233.1058807373047,-41.3106689453125,41.3106689453125,XGBoost,4
2025-06-01,Lantus,TER-02,169,192.1652,156.4067539215088,247.60121822357175,-23.165206909179688,23.165206909179688,XGBoost,4
2025-07-01,Lantus,TER-02,156,161.82915,122.73840866088868,211.97070465087884,-5.8291473388671875,5.8291473388671875,XGBoost,4
2025-08-01,Lantus,TER-02,150,161.60352,120.02574157714844,211.69627799987788,-11.603515625,11.603515625,XGBoost,4
2025-09-01,Lantus,TER-02,235,170.26447,134.34782791137695,222.84043426513668,64.73553466796875,64.73553466796875,XGBoost,4
2025-10-01,Lantus,TER-02,151,155.92662,112.10240097045899,208.50712890624996,-4.9266204833984375,4.9266204833984375,XGBoost,4
2025-11-01,Lantus,TER-02,196,184.17955,148.3548496246338,238.17853927612302,11.820449829101562,11.820449829101562,XGBoost,4
2025-12-01,Lantus,TER-02,130,184.02138,151.5810234069824,235.7511978149414,-54.02137756347656,54.02137756347656,XGBoost,4
2025-05-01,Lantus,TER-03,107,149.72812,111.77990112304688,196.25485115051265,-42.728118896484375,42.728118896484375,XGBoost,4
2025-06-01,Lantus,TER-03,166,171.45078,137.84551162719725,217.0015285491942,-5.450775146484375,5.450775146484375,XGBoost,4
2025-07-01,Lantus,TER-03,135,143.6744,100.29446640014649,201.68638076782224,-8.674392700195312,8.674392700195312,XGBoost,4
2025-08-01,Lantus,TER-03,124,124.4211,81.01243858337402,179.6600570678711,-0.4210968017578125,0.4210968017578125,XGBoost,4
2025-09-01,Lantus,TER-03,142,147.29709,107.37072372436523,200.7810333251953,-5.297088623046875,5.297088623046875,XGBoost,4
2025-10-01,Lantus,TER-03,163,151.42102,108.17708206176758,200.829084777832,11.5789794921875,11.5789794921875,XGBoost,4
2025-11-01,Lantus,TER-03,113,156.14952,118.42987823486328,205.47818050384518,-43.14952087402344,43.14952087402344,XGBoost,4
2025-12-01,Lantus,TER-03,182,124.728836,79.63296356201172,174.82410049438474,57.27116394042969,57.27116394042969,XGBoost,4
2025-05-01,Lantus,TER-04,144,171.64713,133.07911949157716,221.73460845947267,-27.647125244140625,27.647125244140625,XGBoost,4
2025-06-01,Lantus,TER-04,142,167.77591,133.2022247314453,222.728759765625,-25.775909423828125,25.775909423828125,XGBoost,4
2025-07-01,Lantus,TER-04,144,136.09857,94.23162002563477,190.54383888244627,7.90142822265625,7.90142822265625,XGBoost,4
2025-08-01,Lantus,TER-04,125,138.54953,99.56029281616212,191.37315330505368,-13.549530029296875,13.549530029296875,XGBoost,4
2025-09-01,Lantus,TER-04,139,125.852425,87.26069984436035,167.74421615600585,13.147575378417969,13.147575378417969,XGBoost,4
2025-10-01,Lantus,TER-04,113,110.97217,68.99504241943359,159.37053451538083,2.02783203125,2.02783203125,XGBoost,4
2025-11-01,Lantus,TER-04,107,149.06253,108.90357971191406,195.3197784423828,-42.062530517578125,42.062530517578125,XGBoost,4
2025-12-01,Lantus,TER-04,182,142.74678,103.30077781677247,195.78260116577147,39.25321960449219,39.25321960449219,XGBoost,4
2025-05-01,Lantus,TER-05,116,128.39624,84.80023536682128,184.04327011108393,-12.396240234375,12.396240234375,XGBoost,4
2025-06-01,Lantus,TER-05,135,133.02304,95.24268951416016,180.23146324157713,1.976959228515625,1.976959228515625,XGBoost,4
2025-07-01,Lantus,TER-05,106,114.81173,76.45957946777344,169.2480041503906,-8.811729431152344,8.811729431152344,XGBoost,4
2025-08-01,Lantus,TER-05,120,129.97278,88.18469848632813,178.72886238098144,-9.9727783203125,9.9727783203125,XGBoost,4
2025-09-01,Lantus,TER-05,111,127.376495,91.54185066223144,181.37610912322995,-16.376495361328125,16.376495361328125,XGBoost,4
2025-10-01,Lantus,TER-05,188,115.54347,81.20317993164062,173.555460357666,72.45652770996094,72.45652770996094,XGBoost,4
2025-11-01,Lantus,TER-05,171,125.02392,86.49689331054688,174.7850406646728,45.97608184814453,45.97608184814453,XGBoost,4
2025-12-01,Lantus,TER-05,178,138.1361,99.22104568481446,196.12858695983886,39.86390686035156,39.86390686035156,XGBoost,4
2025-05-01,Lantus,TER-06,114,124.71532,86.39569091796875,178.30740318298336,-10.715316772460938,10.715316772460938,XGBoost,4
2025-06-01,Lantus,TER-06,126,124.147995,81.38610610961913,179.00485229492188,1.8520050048828125,1.8520050048828125,XGBoost,4
2025-07-01,Lantus,TER-06,126,113.039925,71.1012809753418,169.04763660430905,12.960075378417969,12.960075378417969,XGBoost,4
2025-08-01,Lantus,TER-06,93,119.3035,80.97452087402344,170.2523029327392,-26.303497314453125,26.303497314453125,XGBoost,4
2025-09-01,Lantus,TER-06,135,94.05408,50.791679763793944,144.07905540466308,40.9459228515625,40.9459228515625,XGBoost,4
2025-10-01,Lantus,TER-06,119,123.21594,85.70589599609376,178.21965675354002,-4.2159423828125,4.2159423828125,XGBoost,4
2025-11-01,Lantus,TER-06,161,124.943306,81.7354637145996,178.94229507446286,36.05669403076172,36.05669403076172,XGBoost,4
2025-12-01,Lantus,TER-06,93,120.338776,81.49692687988282,168.0612480163574,-27.338775634765625,27.338775634765625,XGBoost,4
2025-05-01,Lantus,TER-07,97,126.37102,85.54729766845703,176.91224670410156,-29.371017456054688,29.371017456054688,XGBoost,4
2025-06-01,Lantus,TER-07,168,130.59988,88.73556518554688,183.52546272277826,37.400115966796875,37.400115966796875,XGBoost,4
2025-07-01,Lantus,TER-07,70,101.44278,67.05764427185059,153.23703651428218,-31.442779541015625,31.442779541015625,XGBoost,4
2025-08-01,Lantus,TER-07,81,105.12526,66.14673690795898,157.65975952148438,-24.125259399414062,24.125259399414062,XGBoost,4
2025-09-01,Lantus,TER-07,142,129.6552,91.75785522460937,182.0508850097656,12.344802856445312,12.344802856445312,XGBoost,4
2025-10-01,Lantus,TER-07,139,100.26072,66.73219261169433,152.6806098937988,38.739280700683594,38.739280700683594,XGBoost,4
2025-11-01,Lantus,TER-07,163,118.90845,74.05893630981446,170.63409805297852,44.091552734375,44.091552734375,XGBoost,4
2025-12-01,Lantus,TER-07,133,104.694466,62.0539665222168,153.98574066162107,28.30553436279297,28.30553436279297,XGBoost,4
2025-05-01,Lantus,TER-08,157,111.7835,74.204931640625,172.6361087799072,45.21649932861328,45.21649932861328,XGBoost,4
2025-06-01,Lantus,TER-08,136,134.73293,93.16203155517579,192.42454528808594,1.2670745849609375,1.2670745849609375,XGBoost,4
2025-07-01,Lantus,TER-08,100,108.55211,71.67932243347168,166.21457519531245,-8.552108764648438,8.552108764648438,XGBoost,4
2025-08-01,Lantus,TER-08,77,118.1939,80.40419921875001,167.57672958374025,-41.19390106201172,41.19390106201172,XGBoost,4
2025-09-01,Lantus,TER-08,97,123.79909,83.23471298217774,175.52703094482422,-26.799087524414062,26.799087524414062,XGBoost,4
2025-10-01,Lantus,TER-08,178,104.38716,63.531018829345705,162.00622634887694,73.61283874511719,73.61283874511719,XGBoost,4
2025-11-01,Lantus,TER-08,168,139.18346,99.14364776611329,194.2552547454833,28.816543579101562,28.816543579101562,XGBoost,4
2025-12-01,Lantus,TER-08,107,125.86731,82.12167243957519,176.44749221801752,-18.8673095703125,18.8673095703125,XGBoost,4
2025-05-01,Lantus,TER-09,106,114.83384,77.0534881591797,167.89929466247554,-8.833839416503906,8.833839416503906,XGBoost,4
2025-06-01,Lantus,TER-09,101,129.16391,85.89862442016602,180.80599403381348,-28.163909912109375,28.163909912109375,XGBoost,4
2025-07-01,Lantus,TER-09,124,100.34934,52.49751968383789,155.3344711303711,23.650657653808594,23.650657653808594,XGBoost,4
2025-08-01,Lantus,TER-09,79,120.37296,78.45222091674805,175.2350769042968,-41.372962951660156,41.372962951660156,XGBoost,4
2025-09-01,Lantus,TER-09,94,102.2858,66.67932891845703,160.06031799316406,-8.285797119140625,8.285797119140625,XGBoost,4
2025-10-01,Lantus,TER-09,125,115.9641,78.20490036010742,163.30576972961418,9.035896301269531,9.035896301269531,XGBoost,4
2025-11-01,Lantus,TER-09,145,132.84497,89.46504440307618,190.50789413452148,12.155029296875,12.155029296875,XGBoost,4
2025-12-01,Lantus,TER-09,99,128.05905,89.34269104003907,181.64939537048335,-29.059051513671875,29.059051513671875,XGBoost,4
2025-05-01,Lantus,TER-10,101,104.87294,64.05672187805176,160.89229755401607,-3.8729400634765625,3.8729400634765625,XGBoost,4
2025-06-01,Lantus,TER-10,142,117.4894,76.9574951171875,165.84197235107422,24.510597229003906,24.510597229003906,XGBoost,4
2025-07-01,Lantus,TER-10,130,109.57783,66.2373104095459,167.25434684753415,20.42217254638672,20.42217254638672,XGBoost,4
2025-08-01,Lantus,TER-10,93,119.02447,79.55093994140626,171.39710693359376,-26.02446746826172,26.02446746826172,XGBoost,4
2025-09-01,Lantus,TER-10,137,116.32049,77.36796646118164,168.8680236816406,20.67951202392578,20.67951202392578,XGBoost,4
2025-10-01,Lantus,TER-10,117,133.85927,93.85188217163086,178.5410247802734,-16.859268188476562,16.859268188476562,XGBoost,4
2025-11-01,Lantus,TER-10,168,125.49583,78.2327507019043,180.98494644165032,42.504173278808594,42.504173278808594,XGBoost,4
2025-12-01,Lantus,TER-10,102,110.514305,67.35715141296387,162.96622505187986,-8.514305114746094,8.514305114746094,XGBoost,4
2025-05-01,Lantus,TER-11,88,104.96856,67.04020690917969,156.81968345642088,-16.96855926513672,16.96855926513672,XGBoost,4
2025-06-01,Lantus,TER-11,172,136.27223,99.69441261291504,193.445189666748,35.72776794433594,35.72776794433594,XGBoost,4
2025-07-01,Lantus,TER-11,75,117.38475,72.52427978515625,170.29073028564449,-42.38475036621094,42.38475036621094,XGBoost,4
2025-08-01,Lantus,TER-11,125,116.11136,77.42294998168946,168.13887386322003,8.888641357421875,8.888641357421875,XGBoost,4
2025-09-01,Lantus,TER-11,117,131.50626,93.19670372009277,186.55551872253417,-14.506256103515625,14.506256103515625,XGBoost,4
2025-10-01,Lantus,TER-11,166,108.4726,70.06829071044922,158.5999183654785,57.52739715576172,57.52739715576172,XGBoost,4
2025-11-01,Lantus,TER-11,165,131.90247,90.00997161865234,183.3518859863281,33.0975341796875,33.0975341796875,XGBoost,4
2025-12-01,Lantus,TER-11,132,117.00053,80.95893173217773,169.18963890075682,14.999473571777344,14.999473571777344,XGBoost,4
2025-05-01,Lantus,TER-12,113,91.60789,48.24222030639648,145.9929244995117,21.392112731933594,21.392112731933594,XGBoost,4
2025-06-01,Lantus,TER-12,144,115.625626,71.25398025512696,165.38949203491208,28.374374389648438,28.374374389648438,XGBoost,4
2025-07-01,Lantus,TER-12,64,107.35775,70.5464916229248,160.24180526733394,-43.357749938964844,43.357749938964844,XGBoost,4
2025-08-01,Lantus,TER-12,92,100.08696,63.47771911621094,149.4848709106445,-8.086959838867188,8.086959838867188,XGBoost,4
2025-09-01,Lantus,TER-12,110,110.39043,66.56520309448243,169.72757720947263,-0.3904266357421875,0.3904266357421875,XGBoost,4
2025-10-01,Lantus,TER-12,155,108.70699,60.68757553100586,160.49008178710932,46.293006896972656,46.293006896972656,XGBoost,4
2025-11-01,Lantus,TER-12,96,150.14897,113.56971626281738,207.1869010925293,-54.14897155761719,54.14897155761719,XGBoost,4
2025-12-01,Lantus,TER-12,106,107.20771,61.00836639404297,159.68806457519528,-1.2077102661132812,1.2077102661132812,XGBoost,4
2025-05-01,Lantus,TER-13,107,107.55284,73.08614196777344,159.30688476562497,-0.5528411865234375,0.5528411865234375,XGBoost,4
2025-06-01,Lantus,TER-13,129,113.80926,71.21207809448242,163.96014328002926,15.190742492675781,15.190742492675781,XGBoost,4
2025-07-01,Lantus,TER-13,80,109.532074,67.54436492919922,160.782596206665,-29.532073974609375,29.532073974609375,XGBoost,4
2025-08-01,Lantus,TER-13,107,101.446686,61.59500350952148,148.84797515869138,5.553314208984375,5.553314208984375,XGBoost,4
2025-09-01,Lantus,TER-13,92,103.27945,72.3738265991211,157.79185638427734,-11.279449462890625,11.279449462890625,XGBoost,4
2025-10-01,Lantus,TER-13,110,120.71811,82.42248001098633,178.52656097412105,-10.718109130859375,10.718109130859375,XGBoost,4
2025-11-01,Lantus,TER-13,128,132.57594,93.21737823486328,191.8580295562744,-4.5759429931640625,4.5759429931640625,XGBoost,4
2025-12-01,Lantus,TER-13,166,106.370155,69.05272369384765,153.06327362060546,59.629844665527344,59.629844665527344,XGBoost,4
2025-05-01,Lantus,TER-14,101,110.532875,70.21527404785157,162.40389862060547,-9.532875061035156,9.532875061035156,XGBoost,4
2025-06-01,Lantus,TER-14,89,130.00955,88.4461597442627,175.42153701782226,-41.009552001953125,41.009552001953125,XGBoost,4
2025-07-01,Lantus,TER-14,65,93.74904,54.95511131286621,149.35557918548582,-28.749038696289062,28.749038696289062,XGBoost,4
2025-08-01,Lantus,TER-14,103,87.175316,40.97535629272461,146.15832901000974,15.824684143066406,15.824684143066406,XGBoost,4
2025-09-01,Lantus,TER-14,75,93.28591,47.27077407836914,142.9424102783203,-18.285911560058594,18.285911560058594,XGBoost,4
2025-10-01,Lantus,TER-14,133,97.912125,54.705902099609375,149.78958892822266,35.08787536621094,35.08787536621094,XGBoost,4
2025-11-01,Lantus,TER-14,93,109.20518,63.14249267578125,161.0308952331543,-16.205177307128906,16.205177307128906,XGBoost,4
2025-12-01,Lantus,TER-14,106,99.77246,58.13137092590332,151.664111328125,6.2275390625,6.2275390625,XGBoost,4
2025-05-01,Lantus,TER-15,150,92.02568,48.820081329345705,141.3575265884399,57.97431945800781,57.97431945800781,XGBoost,4
2025-06-01,Lantus,TER-15,116,125.86356,85.50903625488282,178.25194549560547,-9.863563537597656,9.863563537597656,XGBoost,4
2025-07-01,Lantus,TER-15,116,95.933945,55.429541778564456,142.34792137145993,20.066055297851562,20.066055297851562,XGBoost,4
2025-08-01,Lantus,TER-15,101,100.40518,61.44391784667969,152.98569030761715,0.594818115234375,0.594818115234375,XGBoost,4
2025-09-01,Lantus,TER-15,78,103.36152,60.90728607177734,161.05313873291016,-25.36151885986328,25.36151885986328,XGBoost,4
2025-10-01,Lantus,TER-15,83,107.45796,64.30153541564941,162.52099266052244,-24.457962036132812,24.457962036132812,XGBoost,4
2025-11-01,Lantus,TER-15,82,94.80699,53.592010498046875,146.05289611816406,-12.806991577148438,12.806991577148438,XGBoost,4
2025-12-01,Lantus,TER-15,142,94.92684,55.95751037597657,147.90192337036132,47.073158264160156,47.073158264160156,XGBoost,4
2025-05-01,Lantus,TER-16,130,112.79436,77.16130218505859,169.74190216064449,17.205642700195312,17.205642700195312,XGBoost,4
2025-06-01,Lantus,TER-16,119,109.288315,66.2955322265625,162.11649932861326,9.711685180664062,9.711685180664062,XGBoost,4
2025-07-01,Lantus,TER-16,94,95.790924,51.9207015991211,149.3601318359375,-1.790924072265625,1.790924072265625,XGBoost,4
2025-08-01,Lantus,TER-16,64,117.47567,85.07526321411133,175.83552856445306,-53.475669860839844,53.475669860839844,XGBoost,4
2025-09-01,Lantus,TER-16,92,109.1787,71.25419692993164,161.00152206420898,-17.17870330810547,17.17870330810547,XGBoost,4
2025-10-01,Lantus,TER-16,75,112.95336,66.25350418090821,164.77907943725586,-37.95336151123047,37.95336151123047,XGBoost,4
2025-11-01,Lantus,TER-16,129,95.86533,53.063008880615236,147.82840728759757,33.134666442871094,33.134666442871094,XGBoost,4
2025-12-01,Lantus,TER-16,127,104.719215,70.30308570861817,152.03954277038568,22.280784606933594,22.280784606933594,XGBoost,4
2025-05-01,Lantus,TER-17,106,100.527435,57.81623458862305,150.59995040893554,5.472564697265625,5.472564697265625,XGBoost,4
2025-06-01,Lantus,TER-17,101,138.80646,94.41850891113282,193.23720169067377,-37.80645751953125,37.80645751953125,XGBoost,4
2025-07-01,Lantus,TER-17,85,99.77594,57.33946838378906,154.8223117828369,-14.77593994140625,14.77593994140625,XGBoost,4
2025-08-01,Lantus,TER-17,87,111.430595,68.98291625976563,161.29097328186035,-24.43059539794922,24.43059539794922,XGBoost,4
2025-09-01,Lantus,TER-17,90,101.51713,59.5633041381836,152.090941619873,-11.517127990722656,11.517127990722656,XGBoost,4
2025-10-01,Lantus,TER-17,130,94.78343,56.45445556640625,148.58370971679688,35.21656799316406,35.21656799316406,XGBoost,4
2025-11-01,Lantus,TER-17,76,118.70355,82.44332122802734,169.2400722503662,-42.70355224609375,42.70355224609375,XGBoost,4
2025-12-01,Lantus,TER-17,142,94.265434,55.62889785766602,140.96727638244627,47.73456573486328,47.73456573486328,XGBoost,4
2025-05-01,Lantus,TER-18,133,99.31478,62.000784683227536,150.5443733215332,33.685218811035156,33.685218811035156,XGBoost,4
2025-06-01,Lantus,TER-18,97,139.05278,100.480810546875,196.84173774719238,-42.05278015136719,42.05278015136719,XGBoost,4
2025-07-01,Lantus,TER-18,87,102.899025,65.60136833190919,150.19153022766102,-15.899024963378906,15.899024963378906,XGBoost,4
2025-08-01,Lantus,TER-18,69,98.55561,55.198326873779294,153.04988861083984,-29.55561065673828,29.55561065673828,XGBoost,4
2025-09-01,Lantus,TER-18,113,83.93466,40.07613143920899,135.82631225585936,29.065338134765625,29.065338134765625,XGBoost,4
2025-10-01,Lantus,TER-18,105,108.413826,66.77273597717286,156.1602516174316,-3.4138259887695312,3.4138259887695312,XGBoost,4
2025-11-01,Lantus,TER-18,84,114.76395,77.58458023071289,164.89567413330076,-30.763946533203125,30.763946533203125,XGBoost,4
2025-12-01,Lantus,TER-18,130,112.1258,74.6425838470459,158.08604354858397,17.87419891357422,17.87419891357422,XGBoost,4
2025-05-01,Lantus,TER-19,112,95.12089,58.39966201782227,146.350479888916,16.879112243652344,16.879112243652344,XGBoost,4
2025-06-01,Lantus,TER-19,141,112.23121,74.47133102416993,164.69299964904783,28.76879119873047,28.76879119873047,XGBoost,4
2025-07-01,Lantus,TER-19,69,74.51248,31.81287612915039,129.2757827758789,-5.512481689453125,5.512481689453125,XGBoost,4
2025-08-01,Lantus,TER-19,53,93.343765,49.17044258117676,148.66342849731438,-40.34376525878906,40.34376525878906,XGBoost,4
2025-09-01,Lantus,TER-19,79,94.17781,48.991678619384764,139.96438293457018,-15.177810668945312,15.177810668945312,XGBoost,4
2025-10-01,Lantus,TER-19,73,75.296684,36.71186561584473,121.81469268798826,-2.2966842651367188,2.2966842651367188,XGBoost,4
2025-11-01,Lantus,TER-19,70,84.56711,48.44770050048828,139.42876510620115,-14.567108154296875,14.567108154296875,XGBoost,4
2025-12-01,Lantus,TER-19,146,94.11737,55.185830307006846,146.69787902832027,51.88262939453125,51.88262939453125,XGBoost,4
2025-05-01,Lantus,TER-20,68,97.99228,65.23714256286621,149.43955917358397,-29.992279052734375,29.992279052734375,XGBoost,4
2025-06-01,Lantus,TER-20,98,115.27089,72.54481773376465,168.72555541992188,-17.270889282226562,17.270889282226562,XGBoost,4
2025-07-01,Lantus,TER-20,105,92.55371,53.9171745300293,150.8606750488281,12.4462890625,12.4462890625,XGBoost,4
2025-08-01,Lantus,TER-20,84,84.538666,42.67171401977539,135.89321670532226,-0.538665771484375,0.538665771484375,XGBoost,4
2025-09-01,Lantus,TER-20,127,101.006256,64.8803337097168,152.91657218933102,25.993743896484375,25.993743896484375,XGBoost,4
2025-10-01,Lantus,TER-20,104,92.60675,53.76490173339844,144.99733772277833,11.39324951171875,11.39324951171875,XGBoost,4
2025-11-01,Lantus,TER-20,88,104.30346,65.46161041259766,149.59279479980464,-16.30345916748047,16.30345916748047,XGBoost,4
2025-12-01,Lantus,TER-20,85,107.31565,68.89848785400392,159.89615936279293,-22.315650939941406,22.315650939941406,XGBoost,4
2025-05-01,Lipitor,TER-01,215,236.18137,188.5149383544922,288.6277698516845,-21.181365966796875,21.181365966796875,XGBoost,4
2025-06-01,Lipitor,TER-01,325,286.0873,248.0882438659668,337.3067939758301,38.912689208984375,38.912689208984375,XGBoost,4
2025-07-01,Lipitor,TER-01,167,269.3188,234.8324634552002,319.8780548095703,-102.31878662109375,102.31878662109375,XGBoost,4
2025-08-01,Lipitor,TER-01,278,214.28032,171.92544860839843,268.1610038757324,63.71968078613281,63.71968078613281,XGBoost,4
2025-09-01,Lipitor,TER-01,291,236.0531,201.2878890991211,296.2275856018066,54.9468994140625,54.9468994140625,XGBoost,4
2025-10-01,Lipitor,TER-01,358,265.25815,223.4358657836914,317.8056838989258,92.74185180664062,92.74185180664062,XGBoost,4
2025-11-01,Lipitor,TER-01,276,276.92712,235.35623016357422,331.3584747314453,-0.9271240234375,0.9271240234375,XGBoost,4
2025-12-01,Lipitor,TER-01,339,248.40477,208.9587673187256,300.2558940887451,90.59523010253906,90.59523010253906,XGBoost,4
2025-05-01,Lipitor,TER-02,156,222.47818,188.72733230590822,276.9192543029785,-66.47817993164062,66.47817993164062,XGBoost,4
2025-06-01,Lipitor,TER-02,258,291.7222,254.08759460449218,342.9147529602051,-33.722198486328125,33.722198486328125,XGBoost,4
2025-07-01,Lipitor,TER-02,220,196.48291,156.56725997924804,250.05211791992187,23.51708984375,23.51708984375,XGBoost,4
2025-08-01,Lipitor,TER-02,203,231.68073,189.2264831542969,280.4845260620117,-28.68072509765625,28.68072509765625,XGBoost,4
2025-09-01,Lipitor,TER-02,256,231.27786,188.14205589294434,284.75762367248535,24.722137451171875,24.722137451171875,XGBoost,4
2025-10-01,Lipitor,TER-02,243,224.2797,186.55214157104493,274.83926773071283,18.720306396484375,18.720306396484375,XGBoost,4
2025-11-01,Lipitor,TER-02,172,212.7218,169.47786331176758,270.4175086975098,-40.7218017578125,40.7218017578125,XGBoost,4
2025-12-01,Lipitor,TER-02,298,228.048,185.26892890930176,274.60511169433585,69.95199584960938,69.95199584960938,XGBoost,4
2025-05-01,Lipitor,TER-03,153,208.57036,171.2529266357422,256.2278465270996,-55.57035827636719,55.57035827636719,XGBoost,4
2025-06-01,Lipitor,TER-03,271,255.20712,213.21859588623047,313.5734382629394,15.792877197265625,15.792877197265625,XGBoost,4
2025-07-01,Lipitor,TER-03,197,174.57343,136.27715759277345,231.6018424987793,22.42657470703125,22.42657470703125,XGBoost,4
2025-08-01,Lipitor,TER-03,240,224.76945,186.31537094116212,277.5673595428467,15.230545043945312,15.230545043945312,XGBoost,4
2025-09-01,Lipitor,TER-03,187,208.47957,166.85022735595703,265.8771484375,-21.479568481445312,21.479568481445312,XGBoost,4
2025-10-01,Lipitor,TER-03,147,210.9189,177.27288818359375,269.86188049316405,-63.91889953613281,63.91889953613281,XGBoost,4
2025-11-01,Lipitor,TER-03,279,256.18073,214.29210662841797,306.7729076385497,22.81927490234375,22.81927490234375,XGBoost,4
2025-12-01,Lipitor,TER-03,242,170.59064,131.52037887573243,222.98632507324217,71.40936279296875,71.40936279296875,XGBoost,4
2025-05-01,Lipitor,TER-04,174,161.26633,127.22501335144042,220.61175079345702,12.733673095703125,12.733673095703125,XGBoost,4
2025-06-01,Lipitor,TER-04,230,237.59789,195.15663146972656,284.1204067230224,-7.5978851318359375,7.5978851318359375,XGBoost,4
2025-07-01,Lipitor,TER-04,179,184.56544,142.9876708984375,242.0673484802245,-5.5654449462890625,5.5654449462890625,XGBoost,4
2025-08-01,Lipitor,TER-04,193,196.96875,155.16082992553712,249.14498138427734,-3.96875,3.96875,XGBoost,4
2025-09-01,Lipitor,TER-04,206,208.44463,169.48418655395508,258.1747280120849,-2.4446258544921875,2.4446258544921875,XGBoost,4
2025-10-01,Lipitor,TER-04,168,196.57675,160.37824401855468,253.51948928833005,-28.576751708984375,28.576751708984375,XGBoost,4
2025-11-01,Lipitor,TER-04,262,202.98264,162.59390563964845,258.0193405151367,59.017364501953125,59.017364501953125,XGBoost,4
2025-12-01,Lipitor,TER-04,248,188.76433,145.55202598571776,240.51646881103514,59.23567199707031,59.23567199707031,XGBoost,4
2025-05-01,Lipitor,TER-05,137,215.33594,169.5568084716797,267.2080959320068,-78.3359375,78.3359375,XGBoost,4
2025-06-01,Lipitor,TER-05,293,234.72264,196.39632415771484,285.9522331237793,58.27735900878906,58.27735900878906,XGBoost,4
2025-07-01,Lipitor,TER-05,177,175.31999,136.52606468200685,227.20186347961425,1.6800079345703125,1.6800079345703125,XGBoost,4
2025-08-01,Lipitor,TER-05,190,194.80048,153.98772888183595,244.90863342285155,-4.80047607421875,4.80047607421875,XGBoost,4
2025-09-01,Lipitor,TER-05,150,212.8257,174.35558128356934,265.42348785400384,-62.82569885253906,62.82569885253906,XGBoost,4
2025-10-01,Lipitor,TER-05,177,205.4249,158.56380157470704,254.23447570800775,-28.424896240234375,28.424896240234375,XGBoost,4
2025-11-01,Lipitor,TER-05,162,152.70206,116.93271179199219,205.5770971298217,9.297943115234375,9.297943115234375,XGBoost,4
2025-12-01,Lipitor,TER-05,167,203.37067,165.59259262084962,260.300210571289,-36.37066650390625,36.37066650390625,XGBoost,4
2025-05-01,Lipitor,TER-06,148,163.01219,120.49753608703614,217.41535797119138,-15.012191772460938,15.012191772460938,XGBoost,4
2025-06-01,Lipitor,TER-06,178,178.7918,139.83927230834962,232.27155494689939,-0.7917938232421875,0.7917938232421875,XGBoost,4
2025-07-01,Lipitor,TER-06,141,186.40208,150.6375717163086,233.74375038146965,-45.40208435058594,45.40208435058594,XGBoost,4
2025-08-01,Lipitor,TER-06,125,147.3159,99.46408004760742,197.93480262756347,-22.315902709960938,22.315902709960938,XGBoost,4
2025-09-01,Lipitor,TER-06,225,162.953,124.37435493469238,220.1218124389648,62.0469970703125,62.0469970703125,XGBoost,4
2025-10-01,Lipitor,TER-06,234,163.37984,122.77680053710938,216.2638923645019,70.62016296386719,70.62016296386719,XGBoost,4
2025-11-01,Lipitor,TER-06,225,168.87054,132.30803909301758,215.39727668762202,56.12945556640625,56.12945556640625,XGBoost,4
2025-12-01,Lipitor,TER-06,204,154.91127,120.17503433227539,207.93325233459467,49.08872985839844,49.08872985839844,XGBoost,4
2025-05-01,Lipitor,TER-07,143,177.15878,134.14862556457518,231.59505767822264,-34.158782958984375,34.158782958984375,XGBoost,4
2025-06-01,Lipitor,TER-07,260,223.41093,180.608642578125,272.4821475982666,36.58906555175781,36.58906555175781,XGBoost,4
2025-07-01,Lipitor,TER-07,138,170.45369,131.93303947448732,228.5208812713623,-32.45368957519531,32.45368957519531,XGBoost,4
2025-08-01,Lipitor,TER-07,153,192.50716,158.13053092956542,247.92454833984374,-39.50715637207031,39.50715637207031,XGBoost,4
2025-09-01,Lipitor,TER-07,204,166.67307,125.89964294433594,216.5680641174316,37.326934814453125,37.326934814453125,XGBoost,4
2025-10-01,Lipitor,TER-07,131,180.40103,137.61094360351564,230.1693283081054,-49.401031494140625,49.401031494140625,XGBoost,4
2025-11-01,Lipitor,TER-07,248,181.47356,139.66185760498047,233.88227882385252,66.52644348144531,66.52644348144531,XGBoost,4
2025-12-01,Lipitor,TER-07,173,151.1446,113.67030906677246,202.3387809753418,21.855392456054688,21.855392456054688,XGBoost,4
2025-05-01,Lipitor,TER-08,164,152.74759,107.6354133605957,204.71771125793455,11.252410888671875,11.252410888671875,XGBoost,4
2025-06-01,Lipitor,TER-08,147,248.19676,205.49614715576172,296.95162200927734,-101.19676208496094,101.19676208496094,XGBoost,4
2025-07-01,Lipitor,TER-08,204,173.13594,136.07105522155763,219.40471725463865,30.864059448242188,30.864059448242188,XGBoost,4
2025-08-01,Lipitor,TER-08,178,166.30266,123.54076919555663,221.35794868469236,11.697341918945312,11.697341918945312,XGBoost,4
2025-09-01,Lipitor,TER-08,218,170.36024,130.50017242431642,225.35504035949705,47.63975524902344,47.63975524902344,XGBoost,4
2025-10-01,Lipitor,TER-08,258,168.47728,126.05061111450195,222.27755737304688,89.52272033691406,89.52272033691406,XGBoost,4
2025-11-01,Lipitor,TER-08,160,194.46625,151.25308380126953,247.95019226074217,-34.46624755859375,34.46624755859375,XGBoost,4
2025-12-01,Lipitor,TER-08,273,214.73367,178.59004707336425,277.9355590820312,58.266326904296875,58.266326904296875,XGBoost,4
2025-05-01,Lipitor,TER-09,144,178.87653,136.30777969360352,235.9049430847168,-34.87652587890625,34.87652587890625,XGBoost,4
2025-06-01,Lipitor,TER-09,177,185.24434,138.71346282958984,234.65240325927732,-8.244338989257812,8.244338989257812,XGBoost,4
2025-07-01,Lipitor,TER-09,138,152.62103,116.76346015930176,208.26806259155268,-14.62103271484375,14.62103271484375,XGBoost,4
2025-08-01,Lipitor,TER-09,114,172.61461,136.02389755249024,224.5953384399414,-58.61460876464844,58.61460876464844,XGBoost,4
2025-09-01,Lipitor,TER-09,132,158.7381,121.18000259399415,211.19141464233397,-26.73809814453125,26.73809814453125,XGBoost,4
2025-10-01,Lipitor,TER-09,229,205.42427,165.5642490386963,263.0408504486084,23.575729370117188,23.575729370117188,XGBoost,4
2025-11-01,Lipitor,TER-09,207,157.62244,119.10846481323242,216.9248550415039,49.3775634765625,49.3775634765625,XGBoost,4
2025-12-01,Lipitor,TER-09,206,130.8495,95.2312126159668,180.96309051513668,75.15049743652344,75.15049743652344,XGBoost,4
2025-05-01,Lipitor,TER-10,177,173.26263,135.93458251953126,225.84314270019527,3.73736572265625,3.73736572265625,XGBoost,4
2025-06-01,Lipitor,TER-10,265,244.5833,207.77203941345215,296.4090156555176,20.416702270507812,20.416702270507812,XGBoost,4
2025-07-01,Lipitor,TER-10,164,186.13086,148.2335174560547,235.869624710083,-22.130859375,22.130859375,XGBoost,4
2025-08-01,Lipitor,TER-10,153,195.78531,156.98885192871094,249.792844581604,-42.785308837890625,42.785308837890625,XGBoost,4
2025-09-01,Lipitor,TER-10,204,161.03026,116.23272705078125,210.32760105133056,42.96974182128906,42.96974182128906,XGBoost,4
2025-10-01,Lipitor,TER-10,254,180.0359,140.18084373474122,222.72700195312495,73.96409606933594,73.96409606933594,XGBoost,4
2025-11-01,Lipitor,TER-10,215,184.88803,148.25831680297853,236.71160888671875,30.111968994140625,30.111968994140625,XGBoost,4
2025-12-01,Lipitor,TER-10,271,130.92654,93.73482398986816,183.784086227417,140.07345581054688,140.07345581054688,XGBoost,4
2025-05-01,Lipitor,TER-11,132,196.75105,154.77383041381836,248.5746307373047,-64.75105285644531,64.75105285644531,XGBoost,4
2025-06-01,Lipitor,TER-11,178,234.76704,192.33057250976563,279.5851852416992,-56.76704406738281,56.76704406738281,XGBoost,4
2025-07-01,Lipitor,TER-11,124,152.50514,116.74355697631836,204.33141441345214,-28.505142211914062,28.505142211914062,XGBoost,4
2025-08-01,Lipitor,TER-11,125,176.96938,133.27451553344727,234.0228206634521,-51.96937561035156,51.96937561035156,XGBoost,4
2025-09-01,Lipitor,TER-11,201,168.07729,126.0931983947754,222.94042091369627,32.92271423339844,32.92271423339844,XGBoost,4
2025-10-01,Lipitor,TER-11,260,174.15164,128.98319320678712,225.35628662109374,85.84835815429688,85.84835815429688,XGBoost,4
2025-11-01,Lipitor,TER-11,236,175.22214,129.4904586791992,230.1791805267334,60.777862548828125,60.777862548828125,XGBoost,4
2025-12-01,Lipitor,TER-11,200,148.86824,111.11288528442383,199.0451148986816,51.13175964355469,51.13175964355469,XGBoost,4
2025-05-01,Lipitor,TER-12,168,162.26984,120.4573570251465,215.3056571960449,5.73016357421875,5.73016357421875,XGBoost,4
2025-06-01,Lipitor,TER-12,162,200.9985,162.45978393554688,254.98846321105958,-38.998504638671875,38.998504638671875,XGBoost,4
2025-07-01,Lipitor,TER-12,89,158.36783,116.58845520019531,212.7471160888672,-69.36782836914062,69.36782836914062,XGBoost,4
2025-08-01,Lipitor,TER-12,134,152.83124,112.4568702697754,210.23014793395996,-18.83123779296875,18.83123779296875,XGBoost,4
2025-09-01,Lipitor,TER-12,182,182.67198,143.8237705230713,233.6056701660156,-0.6719818115234375,0.6719818115234375,XGBoost,4
2025-10-01,Lipitor,TER-12,216,171.51689,131.57607040405273,224.5354461669922,44.48310852050781,44.48310852050781,XGBoost,4
2025-11-01,Lipitor,TER-12,229,184.31667,140.44871063232424,236.3289039611816,44.68333435058594,44.68333435058594,XGBoost,4
2025-12-01,Lipitor,TER-12,180,125.37992,85.38003654479981,177.20273971557617,54.620079040527344,54.620079040527344,XGBoost,4
2025-05-01,Lipitor,TER-13,167,125.547714,89.49937362670899,187.5802490234374,41.45228576660156,41.45228576660156,XGBoost,4
2025-06-01,Lipitor,TER-13,159,181.05315,145.4264808654785,238.43307571411128,-22.053146362304688,22.053146362304688,XGBoost,4
2025-07-01,Lipitor,TER-13,178,142.50836,104.20850982666016,194.14998779296874,35.49163818359375,35.49163818359375,XGBoost,4
2025-08-01,Lipitor,TER-13,189,151.92157,106.4040298461914,211.5069652557373,37.07843017578125,37.07843017578125,XGBoost,4
2025-09-01,Lipitor,TER-13,173,150.7066,117.29935684204102,207.85741271972654,22.29339599609375,22.29339599609375,XGBoost,4
2025-10-01,Lipitor,TER-13,150,152.33836,111.51464385986328,213.80707359313962,-2.3383636474609375,2.3383636474609375,XGBoost,4
2025-11-01,Lipitor,TER-13,182,156.78154,114.80431747436523,200.67339935302735,25.218460083007812,25.218460083007812,XGBoost,4
2025-12-01,Lipitor,TER-13,240,135.83192,95.62017211914063,191.2480812072754,104.16807556152344,104.16807556152344,XGBoost,4
2025-05-01,Lipitor,TER-14,113,156.3655,114.50117492675781,209.38901329040522,-43.36549377441406,43.36549377441406,XGBoost,4
2025-06-01,Lipitor,TER-14,200,147.16136,107.18914031982422,200.0189037322998,52.83863830566406,52.83863830566406,XGBoost,4
2025-07-01,Lipitor,TER-14,168,140.27383,97.27445106506347,193.0690242767334,27.726165771484375,27.726165771484375,XGBoost,4
2025-08-01,Lipitor,TER-14,136,138.68642,98.85008430480957,189.98976020812987,-2.6864166259765625,2.6864166259765625,XGBoost,4
2025-09-01,Lipitor,TER-14,145,131.30612,89.36291885375977,181.0708229064941,13.693878173828125,13.693878173828125,XGBoost,4
2025-10-01,Lipitor,TER-14,143,164.90312,125.92923469543457,214.31438369750975,-21.903121948242188,21.903121948242188,XGBoost,4
2025-11-01,Lipitor,TER-14,199,148.39015,105.58362846374511,200.6084995269775,50.60984802246094,50.60984802246094,XGBoost,4
2025-12-01,Lipitor,TER-14,253,140.4106,101.470703125,193.40294647216794,112.58940124511719,112.58940124511719,XGBoost,4
2025-05-01,Lipitor,TER-15,148,142.66911,105.08385314941407,191.35920143127439,5.3308868408203125,5.3308868408203125,XGBoost,4
2025-06-01,Lipitor,TER-15,205,159.77423,116.46905250549317,210.30310287475587,45.22576904296875,45.22576904296875,XGBoost,4
2025-07-01,Lipitor,TER-15,112,143.3358,102.92867431640624,194.5600975036621,-31.335800170898438,31.335800170898438,XGBoost,4
2025-08-01,Lipitor,TER-15,80,142.52023,96.33662414550781,192.29281768798822,-62.520233154296875,62.520233154296875,XGBoost,4
2025-09-01,Lipitor,TER-15,201,148.69365,106.00225791931153,202.6713512420654,52.30635070800781,52.30635070800781,XGBoost,4
2025-10-01,Lipitor,TER-15,127,149.44087,111.85497360229492,204.20417327880858,-22.440872192382812,22.440872192382812,XGBoost,4
2025-11-01,Lipitor,TER-15,204,152.33685,114.58882751464844,206.8425956726073,51.66314697265625,51.66314697265625,XGBoost,4
2025-12-01,Lipitor,TER-15,184,143.73047,102.48726806640626,201.13186416625976,40.26953125,40.26953125,XGBoost,4
2025-05-01,Lipitor,TER-16,143,173.53677,130.5439910888672,235.52214508056636,-30.536773681640625,30.536773681640625,XGBoost,4
2025-06-01,Lipitor,TER-16,200,199.14835,161.49544219970704,251.97650871276852,0.851654052734375,0.851654052734375,XGBoost,4
2025-07-01,Lipitor,TER-16,172,131.37552,91.42014770507812,184.17340164184571,40.624481201171875,40.624481201171875,XGBoost,4
2025-08-01,Lipitor,TER-16,135,131.76637,91.32329559326172,183.95548515319823,3.2336273193359375,3.2336273193359375,XGBoost,4
2025-09-01,Lipitor,TER-16,147,152.16483,111.97515106201172,205.022367477417,-5.164825439453125,5.164825439453125,XGBoost,4
2025-10-01,Lipitor,TER-16,154,167.16348,124.73749771118165,219.59603843688964,-13.163482666015625,13.163482666015625,XGBoost,4
2025-11-01,Lipitor,TER-16,204,192.56448,150.1253532409668,242.27854804992674,11.435516357421875,11.435516357421875,XGBoost,4
2025-12-01,Lipitor,TER-16,218,140.97408,101.56661987304688,198.68049468994138,77.02592468261719,77.02592468261719,XGBoost,4
2025-05-01,Lipitor,TER-17,144,149.76103,110.96523971557617,203.7387340545654,-5.7610321044921875,5.7610321044921875,XGBoost,4
2025-06-01,Lipitor,TER-17,174,166.95628,128.44659347534179,217.1230491638183,7.0437164306640625,7.0437164306640625,XGBoost,4
2025-07-01,Lipitor,TER-17,112,131.19342,88.40176773071289,188.12296447753906,-19.19342041015625,19.19342041015625,XGBoost,4
2025-08-01,Lipitor,TER-17,82,128.59108,86.6880989074707,182.61131935119624,-46.59107971191406,46.59107971191406,XGBoost,4
2025-09-01,Lipitor,TER-17,176,134.0623,95.48839836120605,186.96828155517574,41.93769836425781,41.93769836425781,XGBoost,4
2025-10-01,Lipitor,TER-17,197,168.89906,130.60343399047852,223.28009338378905,28.100936889648438,28.100936889648438,XGBoost,4
2025-11-01,Lipitor,TER-17,110,143.59375,100.59436683654785,187.1038654327392,-33.59375,33.59375,XGBoost,4
2025-12-01,Lipitor,TER-17,239,137.8149,97.31127319335938,193.47454452514643,101.18510437011719,101.18510437011719,XGBoost,4
2025-05-01,Lipitor,TER-18,167,148.59238,110.33621253967286,193.71050949096679,18.407623291015625,18.407623291015625,XGBoost,4
2025-06-01,Lipitor,TER-18,222,134.35912,96.05777435302734,182.3023704528808,87.64088439941406,87.64088439941406,XGBoost,4
2025-07-01,Lipitor,TER-18,176,141.05035,103.99492530822754,193.90560798645018,34.94964599609375,34.94964599609375,XGBoost,4
2025-08-01,Lipitor,TER-18,105,137.99133,101.94920959472657,193.59787349700926,-32.9913330078125,32.9913330078125,XGBoost,4
2025-09-01,Lipitor,TER-18,224,146.8113,103.54826049804687,194.7288669586181,77.18870544433594,77.18870544433594,XGBoost,4
2025-10-01,Lipitor,TER-18,154,130.73311,82.14419097900391,183.5282974243164,23.266891479492188,23.266891479492188,XGBoost,4
2025-11-01,Lipitor,TER-18,178,148.76591,112.04304924011231,201.21783485412595,29.234085083007812,29.234085083007812,XGBoost,4
2025-12-01,Lipitor,TER-18,224,127.38872,84.68911209106446,185.54625854492187,96.61128234863281,96.61128234863281,XGBoost,4
2025-05-01,Lipitor,TER-19,195,105.63582,69.02297172546388,164.78599166870117,89.36418151855469,89.36418151855469,XGBoost,4
2025-06-01,Lipitor,TER-19,133,144.79973,101.45801963806153,199.66557807922362,-11.799728393554688,11.799728393554688,XGBoost,4
2025-07-01,Lipitor,TER-19,96,134.59305,101.15086212158204,184.2269287109375,-38.593048095703125,38.593048095703125,XGBoost,4
2025-08-01,Lipitor,TER-19,92,129.06705,90.7673282623291,179.63673019409177,-37.067047119140625,37.067047119140625,XGBoost,4
2025-09-01,Lipitor,TER-19,186,131.24117,97.56097564697266,183.1464488983154,54.75883483886719,54.75883483886719,XGBoost,4
2025-10-01,Lipitor,TER-19,124,155.97816,123.40393371582032,202.09662399291992,-31.978164672851562,31.978164672851562,XGBoost,4
2025-11-01,Lipitor,TER-19,119,159.59807,119.65952835083007,211.61030654907222,-40.59806823730469,40.59806823730469,XGBoost,4
2025-12-01,Lipitor,TER-19,129,139.7713,103.63052635192871,182.55218925476066,-10.77130126953125,10.77130126953125,XGBoost,4
2025-05-01,Lipitor,TER-20,132,113.863,73.6918731689453,165.69336166381837,18.137001037597656,18.137001037597656,XGBoost,4
2025-06-01,Lipitor,TER-20,169,157.89047,123.90102348327638,209.08433990478517,11.109527587890625,11.109527587890625,XGBoost,4
2025-07-01,Lipitor,TER-20,111,125.642136,85.60574340820312,187.32411193847656,-14.642135620117188,14.642135620117188,XGBoost,4
2025-08-01,Lipitor,TER-20,141,157.53186,115.54777297973634,212.41026763916014,-16.5318603515625,16.5318603515625,XGBoost,4
2025-09-01,Lipitor,TER-20,157,118.060875,74.80469970703125,172.5551528930664,38.939125061035156,38.939125061035156,XGBoost,4
2025-10-01,Lipitor,TER-20,137,169.34633,125.58815536499023,222.46159820556633,-32.34632873535156,32.34632873535156,XGBoost,4
2025-11-01,Lipitor,TER-20,184,150.70134,107.41114044189453,212.16204414367675,33.29866027832031,33.29866027832031,XGBoost,4
2025-12-01,Lipitor,TER-20,150,128.71123,87.065678024292,181.1720275878906,21.288772583007812,21.288772583007812,XGBoost,4
2025-05-01,Lyrica,TER-01,266,195.39066,152.59900283813477,247.26811981201172,70.60934448242188,70.60934448242188,XGBoost,4
2025-06-01,Lyrica,TER-01,216,229.15909,189.10773315429688,277.8548572540283,-13.159088134765625,13.159088134765625,XGBoost,4
2025-07-01,Lyrica,TER-01,198,206.32082,163.88168563842774,263.1518455505371,-8.320816040039062,8.320816040039062,XGBoost,4
2025-08-01,Lyrica,TER-01,207,233.56458,191.13674926757812,288.42771034240724,-26.5645751953125,26.5645751953125,XGBoost,4
2025-09-01,Lyrica,TER-01,147,204.80511,162.37042388916015,256.65920639038086,-57.80511474609375,57.80511474609375,XGBoost,4
2025-10-01,Lyrica,TER-01,188,188.47502,154.9471179962158,246.96257171630856,-0.4750213623046875,0.4750213623046875,XGBoost,4
2025-11-01,Lyrica,TER-01,199,243.18631,198.85574340820312,293.2120105743408,-44.186309814453125,44.186309814453125,XGBoost,4
2025-12-01,Lyrica,TER-01,180,205.30449,168.73315925598143,260.9546699523925,-25.304489135742188,25.304489135742188,XGBoost,4
2025-05-01,Lyrica,TER-02,202,178.33359,137.08168029785156,235.93795623779297,23.666412353515625,23.666412353515625,XGBoost,4
2025-06-01,Lyrica,TER-02,196,223.79155,177.23162918090821,281.1372779846191,-27.791549682617188,27.791549682617188,XGBoost,4
2025-07-01,Lyrica,TER-02,115,164.3428,116.84595794677735,217.8916244506836,-49.342803955078125,49.342803955078125,XGBoost,4
2025-08-01,Lyrica,TER-02,136,189.78523,151.21326293945313,245.07308959960938,-53.78523254394531,53.78523254394531,XGBoost,4
2025-09-01,Lyrica,TER-02,158,186.82932,149.72199172973635,241.73053588867174,-28.829315185546875,28.829315185546875,XGBoost,4
2025-10-01,Lyrica,TER-02,133,187.62698,148.18180313110352,240.99539947509766,-54.626983642578125,54.626983642578125,XGBoost,4
2025-11-01,Lyrica,TER-02,178,239.07233,202.49330673217773,300.1092224121094,-61.07232666015625,61.07232666015625,XGBoost,4
2025-12-01,Lyrica,TER-02,148,201.86717,163.20704040527343,257.1886518478393,-53.86717224121094,53.86717224121094,XGBoost,4
2025-05-01,Lyrica,TER-03,199,175.81859,141.22153129577637,234.1596611022949,23.181411743164062,23.181411743164062,XGBoost,4
2025-06-01,Lyrica,TER-03,253,237.06448,195.49358978271485,294.409220123291,15.935516357421875,15.935516357421875,XGBoost,4
2025-07-01,Lyrica,TER-03,145,161.29701,125.2022777557373,216.43300590515128,-16.297012329101562,16.297012329101562,XGBoost,4
2025-08-01,Lyrica,TER-03,163,202.80418,164.34470863342284,252.95506973266598,-39.80418395996094,39.80418395996094,XGBoost,4
2025-09-01,Lyrica,TER-03,192,150.72061,117.69313507080078,202.5618221282959,41.279388427734375,41.279388427734375,XGBoost,4
2025-10-01,Lyrica,TER-03,170,188.74266,153.6927345275879,231.3984638214111,-18.742660522460938,18.742660522460938,XGBoost,4
2025-11-01,Lyrica,TER-03,219,195.96886,157.44183197021485,252.9913330078125,23.031143188476562,23.031143188476562,XGBoost,4
2025-12-01,Lyrica,TER-03,150,178.44781,135.14263648986815,230.35309867858885,-28.44781494140625,28.44781494140625,XGBoost,4
2025-05-01,Lyrica,TER-04,163,165.07712,126.50403671264648,216.82925872802733,-2.077117919921875,2.077117919921875,XGBoost,4
2025-06-01,Lyrica,TER-04,181,181.96106,143.3239429473877,230.7705413818359,-0.9610595703125,0.9610595703125,XGBoost,4
2025-07-01,Lyrica,TER-04,155,152.43823,109.09199371337891,203.6327682495117,2.561767578125,2.561767578125,XGBoost,4
2025-08-01,Lyrica,TER-04,92,181.03185,144.77249565124512,236.66802520751946,-89.03184509277344,89.03184509277344,XGBoost,4
2025-09-01,Lyrica,TER-04,180,150.51396,112.87935791015626,203.93435821533197,29.486038208007812,29.486038208007812,XGBoost,4
2025-10-01,Lyrica,TER-04,136,170.39233,126.06117324829101,219.6608428955078,-34.392333984375,34.392333984375,XGBoost,4
2025-11-01,Lyrica,TER-04,200,163.70328,126.12632369995117,222.0443504333496,36.296722412109375,36.296722412109375,XGBoost,4
2025-12-01,Lyrica,TER-04,156,167.51642,131.37431411743165,216.94391441345212,-11.51641845703125,11.51641845703125,XGBoost,4
2025-05-01,Lyrica,TER-05,131,134.02216,100.99246444702149,183.75225791931152,-3.02215576171875,3.02215576171875,XGBoost,4
2025-06-01,Lyrica,TER-05,143,185.89989,147.40135955810547,238.292866897583,-42.89988708496094,42.89988708496094,XGBoost,4
2025-07-01,Lyrica,TER-05,141,126.380554,95.67407989501953,178.78470230102536,14.61944580078125,14.61944580078125,XGBoost,4
2025-08-01,Lyrica,TER-05,97,144.53761,107.02431144714356,197.41696052551268,-47.53761291503906,47.53761291503906,XGBoost,4
2025-09-01,Lyrica,TER-05,173,132.74806,90.16155471801758,182.9132087707519,40.25193786621094,40.25193786621094,XGBoost,4
2025-10-01,Lyrica,TER-05,170,156.22986,114.65896453857422,212.24327487945553,13.7701416015625,13.7701416015625,XGBoost,4
2025-11-01,Lyrica,TER-05,121,169.52184,124.01834106445312,226.907958984375,-48.52183532714844,48.52183532714844,XGBoost,4
2025-12-01,Lyrica,TER-05,190,153.1016,116.05204963684082,211.43379974365232,36.898406982421875,36.898406982421875,XGBoost,4
2025-05-01,Lyrica,TER-06,94,133.0055,95.70783653259278,180.29095344543455,-39.0054931640625,39.0054931640625,XGBoost,4
2025-06-01,Lyrica,TER-06,116,152.7298,114.45344161987305,205.63423995971675,-36.72979736328125,36.72979736328125,XGBoost,4
2025-07-01,Lyrica,TER-06,76,119.70832,80.74705924987794,172.7344863891601,-43.70832061767578,43.70832061767578,XGBoost,4
2025-08-01,Lyrica,TER-06,148,95.53401,55.67393951416015,145.05156097412097,52.46598815917969,52.46598815917969,XGBoost,4
2025-09-01,Lyrica,TER-06,132,149.69312,105.8931983947754,199.09102630615232,-17.693115234375,17.693115234375,XGBoost,4
2025-10-01,Lyrica,TER-06,137,131.65738,98.9379337310791,184.2137939453125,5.342620849609375,5.342620849609375,XGBoost,4
2025-11-01,Lyrica,TER-06,134,136.29236,96.45602607727051,191.05565948486327,-2.2923583984375,2.2923583984375,XGBoost,4
2025-12-01,Lyrica,TER-06,137,115.25026,76.94070701599121,166.45051345825195,21.749740600585938,21.749740600585938,XGBoost,4
2025-05-01,Lyrica,TER-07,91,128.83702,89.44174041748047,182.645112991333,-37.83702087402344,37.83702087402344,XGBoost,4
2025-06-01,Lyrica,TER-07,113,128.98427,93.08979301452636,180.2685619354248,-15.984268188476562,15.984268188476562,XGBoost,4
2025-07-01,Lyrica,TER-07,72,115.48541,77.55519409179688,168.5304805755615,-43.48541259765625,43.48541259765625,XGBoost,4
2025-08-01,Lyrica,TER-07,142,104.093216,65.62699890136719,149.6904258728027,37.90678405761719,37.90678405761719,XGBoost,4
2025-09-01,Lyrica,TER-07,174,119.42101,80.93862915039062,167.33382453918455,54.57898712158203,54.57898712158203,XGBoost,4
2025-10-01,Lyrica,TER-07,133,131.80008,91.76259765625,182.5857280731201,1.199920654296875,1.199920654296875,XGBoost,4
2025-11-01,Lyrica,TER-07,95,169.10146,131.98744125366213,220.46016616821288,-74.10145568847656,74.10145568847656,XGBoost,4
2025-12-01,Lyrica,TER-07,200,149.94347,107.49216537475586,201.95570449829097,50.05653381347656,50.05653381347656,XGBoost,4
2025-05-01,Lyrica,TER-08,171,121.58164,83.09939155578613,169.8249393463134,49.418357849121094,49.418357849121094,XGBoost,4
2025-06-01,Lyrica,TER-08,217,208.80472,167.01846466064453,257.8759311676025,8.195281982421875,8.195281982421875,XGBoost,4
2025-07-01,Lyrica,TER-08,134,144.96716,108.63980865478516,197.7650676727295,-10.9671630859375,10.9671630859375,XGBoost,4
2025-08-01,Lyrica,TER-08,128,134.81238,98.26232147216797,188.80903434753415,-6.8123779296875,6.8123779296875,XGBoost,4
2025-09-01,Lyrica,TER-08,112,178.07367,138.06031799316406,228.20623168945312,-66.07366943359375,66.07366943359375,XGBoost,4
2025-10-01,Lyrica,TER-08,143,154.04152,110.66159286499024,207.5228176116943,-11.041519165039062,11.041519165039062,XGBoost,4
2025-11-01,Lyrica,TER-08,206,174.76582,135.30447082519532,229.27330627441404,31.234176635742188,31.234176635742188,XGBoost,4
2025-12-01,Lyrica,TER-08,195,152.96638,106.95124740600586,197.63819885253903,42.03361511230469,42.03361511230469,XGBoost,4
2025-05-01,Lyrica,TER-09,180,139.80956,103.76987838745117,187.7591934204101,40.19044494628906,40.19044494628906,XGBoost,4
2025-06-01,Lyrica,TER-09,127,191.01967,148.36575317382812,237.85438690185543,-64.01966857910156,64.01966857910156,XGBoost,4
2025-07-01,Lyrica,TER-09,128,129.50345,87.68478775024414,185.50424594879146,-1.503448486328125,1.503448486328125,XGBoost,4
2025-08-01,Lyrica,TER-09,94,134.35776,96.80757141113281,189.75052795410147,-40.357757568359375,40.357757568359375,XGBoost,4
2025-09-01,Lyrica,TER-09,120,153.8143,108.08200607299806,201.5820648193359,-33.814300537109375,33.814300537109375,XGBoost,4
2025-10-01,Lyrica,TER-09,144,142.69771,96.58182830810547,194.669716644287,1.3022918701171875,1.3022918701171875,XGBoost,4
2025-11-01,Lyrica,TER-09,132,145.08029,106.74826278686524,200.06542053222657,-13.080291748046875,13.080291748046875,XGBoost,4
2025-12-01,Lyrica,TER-09,116,151.57593,112.73660850524902,206.18399658203114,-35.575927734375,35.575927734375,XGBoost,4
2025-05-01,Lyrica,TER-10,181,146.16687,106.72086753845215,199.0509254455566,34.8331298828125,34.8331298828125,XGBoost,4
2025-06-01,Lyrica,TER-10,137,170.14647,130.78790435791015,222.1263702392578,-33.14646911621094,33.14646911621094,XGBoost,4
2025-07-01,Lyrica,TER-10,126,129.40729,95.3659740447998,178.69726257324217,-3.40728759765625,3.40728759765625,XGBoost,4
2025-08-01,Lyrica,TER-10,85,140.21877,100.3621784210205,182.1483505249023,-55.21876525878906,55.21876525878906,XGBoost,4
2025-09-01,Lyrica,TER-10,122,153.45016,110.2423225402832,217.5884246826172,-31.450164794921875,31.450164794921875,XGBoost,4
2025-10-01,Lyrica,TER-10,216,136.5747,98.24267807006837,189.45405464172362,79.42529296875,79.42529296875,XGBoost,4
2025-11-01,Lyrica,TER-10,213,138.46559,98.53365554809571,191.39291267395012,74.53440856933594,74.53440856933594,XGBoost,4
2025-12-01,Lyrica,TER-10,166,147.18175,104.50881500244141,201.95132637023926,18.818252563476562,18.818252563476562,XGBoost,4
2025-05-01,Lyrica,TER-11,166,159.78723,130.48602180480958,215.26373214721673,6.2127685546875,6.2127685546875,XGBoost,4
2025-06-01,Lyrica,TER-11,172,223.89777,180.7729721069336,275.1539482116699,-51.89776611328125,51.89776611328125,XGBoost,4
2025-07-01,Lyrica,TER-11,118,139.55505,107.38113327026367,190.08392562866212,-21.5550537109375,21.5550537109375,XGBoost,4
2025-08-01,Lyrica,TER-11,126,148.1874,110.88385200500488,198.3191207885742,-22.187393188476562,22.187393188476562,XGBoost,4
2025-09-01,Lyrica,TER-11,168,157.1924,121.1527214050293,214.59379348754882,10.807601928710938,10.807601928710938,XGBoost,4
2025-10-01,Lyrica,TER-11,155,146.64146,107.195458984375,210.61334152221679,8.358535766601562,8.358535766601562,XGBoost,4
2025-11-01,Lyrica,TER-11,119,165.19185,126.92673988342285,218.65122261047364,-46.19184875488281,46.19184875488281,XGBoost,4
2025-12-01,Lyrica,TER-11,222,130.33142,97.57471046447753,181.69512481689452,91.6685791015625,91.6685791015625,XGBoost,4
2025-05-01,Lyrica,TER-12,165,118.97941,75.85057563781739,165.48229827880857,46.020591735839844,46.020591735839844,XGBoost,4
2025-06-01,Lyrica,TER-12,155,151.87892,113.30091438293456,204.33353538513182,3.1210784912109375,3.1210784912109375,XGBoost,4
2025-07-01,Lyrica,TER-12,112,127.647766,96.00431900024414,178.84230194091796,-15.64776611328125,15.64776611328125,XGBoost,4
2025-08-01,Lyrica,TER-12,102,102.95341,62.90205230712891,162.22760696411132,-0.9534072875976562,0.9534072875976562,XGBoost,4
2025-09-01,Lyrica,TER-12,175,132.49997,89.85947036743164,177.94047241210936,42.500030517578125,42.500030517578125,XGBoost,4
2025-10-01,Lyrica,TER-12,189,137.52675,95.17187805175782,192.3888626098632,51.47325134277344,51.47325134277344,XGBoost,4
2025-11-01,Lyrica,TER-12,114,148.00304,110.69729614257812,197.72953796386716,-34.00303649902344,34.00303649902344,XGBoost,4
2025-12-01,Lyrica,TER-12,169,140.34189,97.87536392211915,194.3990783691406,28.658111572265625,28.658111572265625,XGBoost,4
2025-05-01,Lyrica,TER-13,123,121.14729,83.20933380126954,172.88180122375488,1.8527069091796875,1.8527069091796875,XGBoost,4
2025-06-01,Lyrica,TER-13,106,142.51947,102.32979583740234,190.201403427124,-36.51947021484375,36.51947021484375,XGBoost,4
2025-07-01,Lyrica,TER-13,81,118.849884,76.16165046691894,175.90199890136716,-37.849884033203125,37.849884033203125,XGBoost,4
2025-08-01,Lyrica,TER-13,95,118.35907,80.43456344604492,176.66603393554686,-23.35906982421875,23.35906982421875,XGBoost,4
2025-09-01,Lyrica,TER-13,131,140.31007,102.53297767639161,192.49608421325684,-9.310073852539062,9.310073852539062,XGBoost,4
2025-10-01,Lyrica,TER-13,129,118.42525,84.78975944519043,167.82368316650388,10.574752807617188,10.574752807617188,XGBoost,4
2025-11-01,Lyrica,TER-13,106,133.89603,95.42778854370117,194.24766540527338,-27.896026611328125,27.896026611328125,XGBoost,4
2025-12-01,Lyrica,TER-13,208,138.20572,100.42862281799317,195.04259719848633,69.79428100585938,69.79428100585938,XGBoost,4
2025-05-01,Lyrica,TER-14,123,118.49645,80.02088012695313,168.63802871704095,4.503547668457031,4.503547668457031,XGBoost,4
2025-06-01,Lyrica,TER-14,142,126.58697,89.531538772583,178.7729778289795,15.413032531738281,15.413032531738281,XGBoost,4
2025-07-01,Lyrica,TER-14,123,120.4751,81.96112594604492,170.21704940795897,2.52490234375,2.52490234375,XGBoost,4
2025-08-01,Lyrica,TER-14,125,110.96506,74.38603744506837,157.1053398132324,14.034942626953125,14.034942626953125,XGBoost,4
2025-09-01,Lyrica,TER-14,95,117.61612,74.83505249023438,175.26051902770996,-22.616119384765625,22.616119384765625,XGBoost,4
2025-10-01,Lyrica,TER-14,118,116.42997,82.7839584350586,169.4703300476074,1.5700302124023438,1.5700302124023438,XGBoost,4
2025-11-01,Lyrica,TER-14,107,128.33672,90.39673538208008,174.60007629394528,-21.336715698242188,21.336715698242188,XGBoost,4
2025-12-01,Lyrica,TER-14,109,105.72615,73.87412033081054,164.68414306640625,3.2738494873046875,3.2738494873046875,XGBoost,4
2025-05-01,Lyrica,TER-15,131,107.4947,69.96471138000489,158.72571182250977,23.50530242919922,23.50530242919922,XGBoost,4
2025-06-01,Lyrica,TER-15,179,131.53128,91.45784759521484,189.86891479492184,47.468719482421875,47.468719482421875,XGBoost,4
2025-07-01,Lyrica,TER-15,105,123.74208,86.19359588623047,174.99132537841794,-18.742080688476562,18.742080688476562,XGBoost,4
2025-08-01,Lyrica,TER-15,93,120.38869,80.5158145904541,167.5786746978759,-27.388687133789062,27.388687133789062,XGBoost,4
2025-09-01,Lyrica,TER-15,134,126.66318,83.99231872558593,178.06258010864252,7.336822509765625,7.336822509765625,XGBoost,4
2025-10-01,Lyrica,TER-15,133,114.35741,71.06720733642578,167.3324882507324,18.642593383789062,18.642593383789062,XGBoost,4
2025-11-01,Lyrica,TER-15,160,135.85455,87.79817276000976,177.26309661865233,24.14544677734375,24.14544677734375,XGBoost,4
2025-12-01,Lyrica,TER-15,120,134.63284,89.48069763183594,184.35667419433594,-14.632843017578125,14.632843017578125,XGBoost,4
2025-05-01,Lyrica,TER-16,132,138.01735,98.18101425170899,192.98694992065427,-6.0173492431640625,6.0173492431640625,XGBoost,4
2025-06-01,Lyrica,TER-16,125,148.76105,105.40207138061524,196.97390136718747,-23.76104736328125,23.76104736328125,XGBoost,4
2025-07-01,Lyrica,TER-16,137,113.42539,75.85007820129395,166.22946128845214,23.574607849121094,23.574607849121094,XGBoost,4
2025-08-01,Lyrica,TER-16,73,126.93724,80.91167907714843,176.65376892089841,-53.93724060058594,53.93724060058594,XGBoost,4
2025-09-01,Lyrica,TER-16,177,122.916466,86.73865928649903,177.3527404785156,54.083534240722656,54.083534240722656,XGBoost,4
2025-10-01,Lyrica,TER-16,101,130.17508,92.5411376953125,176.42337341308593,-29.175079345703125,29.175079345703125,XGBoost,4
2025-11-01,Lyrica,TER-16,123,129.88516,89.85235595703125,187.50174217224122,-6.885162353515625,6.885162353515625,XGBoost,4
2025-12-01,Lyrica,TER-16,166,143.69682,101.01529235839844,203.04747390747067,22.303176879882812,22.303176879882812,XGBoost,4
2025-05-01,Lyrica,TER-17,139,94.0229,47.32689170837403,146.41588439941404,44.97709655761719,44.97709655761719,XGBoost,4
2025-06-01,Lyrica,TER-17,177,119.21067,80.63870086669922,161.34450798034666,57.789329528808594,57.789329528808594,XGBoost,4
2025-07-01,Lyrica,TER-17,83,90.260765,55.19982643127442,145.9147094726562,-7.260765075683594,7.260765075683594,XGBoost,4
2025-08-01,Lyrica,TER-17,90,84.89563,39.71652526855469,139.31377563476562,5.1043701171875,5.1043701171875,XGBoost,4
2025-09-01,Lyrica,TER-17,148,100.61918,61.66665725708008,155.4850284576416,47.380821228027344,47.380821228027344,XGBoost,4
2025-10-01,Lyrica,TER-17,135,114.47289,72.52350845336915,172.0731132507324,20.52710723876953,20.52710723876953,XGBoost,4
2025-11-01,Lyrica,TER-17,119,126.113266,89.9039737701416,172.07739486694334,-7.1132659912109375,7.1132659912109375,XGBoost,4
2025-12-01,Lyrica,TER-17,172,103.73478,67.82453155517578,158.71719360351562,68.26522064208984,68.26522064208984,XGBoost,4
2025-05-01,Lyrica,TER-18,98,113.42819,70.97072525024414,168.73105239868164,-15.428192138671875,15.428192138671875,XGBoost,4
2025-06-01,Lyrica,TER-18,148,131.63036,89.17428207397461,191.14342041015624,16.369644165039062,16.369644165039062,XGBoost,4
2025-07-01,Lyrica,TER-18,75,103.93535,66.42366218566895,154.57566452026364,-28.935348510742188,28.935348510742188,XGBoost,4
2025-08-01,Lyrica,TER-18,66,97.68234,60.49062232971192,154.58090057373042,-31.682342529296875,31.682342529296875,XGBoost,4
2025-09-01,Lyrica,TER-18,147,103.44612,67.36997680664062,149.8643085479736,43.55387878417969,43.55387878417969,XGBoost,4
2025-10-01,Lyrica,TER-18,150,118.22555,75.86087417602539,173.91871185302725,31.774452209472656,31.774452209472656,XGBoost,4
2025-11-01,Lyrica,TER-18,120,114.0752,76.06877899169922,161.78065147399897,5.924797058105469,5.924797058105469,XGBoost,4
2025-12-01,Lyrica,TER-18,140,108.07943,68.224369430542,162.59663619995115,31.920570373535156,31.920570373535156,XGBoost,4
2025-05-01,Lyrica,TER-19,77,98.07672,59.60647048950195,156.5605316162109,-21.07672119140625,21.07672119140625,XGBoost,4
2025-06-01,Lyrica,TER-19,153,110.828835,70.9649772644043,165.61368560791013,42.171165466308594,42.171165466308594,XGBoost,4
2025-07-01,Lyrica,TER-19,73,98.933754,59.984709930419925,151.48128967285155,-25.933753967285156,25.933753967285156,XGBoost,4
2025-08-01,Lyrica,TER-19,67,95.03985,55.002366638183595,152.7314682006836,-28.03984832763672,28.03984832763672,XGBoost,4
2025-09-01,Lyrica,TER-19,108,104.18907,68.0934555053711,162.49013748168946,3.8109283447265625,3.8109283447265625,XGBoost,4
2025-10-01,Lyrica,TER-19,108,93.743195,54.95617332458496,146.34991836547846,14.256805419921875,14.256805419921875,XGBoost,4
2025-11-01,Lyrica,TER-19,125,96.43487,54.791144943237306,148.17207031249998,28.56513214111328,28.56513214111328,XGBoost,4
2025-12-01,Lyrica,TER-19,123,86.645744,46.61954193115235,144.04713973999023,36.35425567626953,36.35425567626953,XGBoost,4
2025-05-01,Lyrica,TER-20,112,85.100716,45.07451324462891,132.9015495300292,26.89928436279297,26.89928436279297,XGBoost,4
2025-06-01,Lyrica,TER-20,137,109.01352,67.03639373779296,154.13165206909179,27.986480712890625,27.986480712890625,XGBoost,4
2025-07-01,Lyrica,TER-20,78,102.72987,65.89077873229981,155.18049736022948,-24.729873657226562,24.729873657226562,XGBoost,4
2025-08-01,Lyrica,TER-20,126,96.06743,53.50230407714844,151.10413360595703,29.932571411132812,29.932571411132812,XGBoost,4
2025-09-01,Lyrica,TER-20,91,107.05197,63.842173385620114,153.1715087890625,-16.051971435546875,16.051971435546875,XGBoost,4
2025-10-01,Lyrica,TER-20,114,103.45279,60.24719009399414,155.89037742614747,10.547210693359375,10.547210693359375,XGBoost,4
2025-11-01,Lyrica,TER-20,132,114.5961,77.12180137634277,167.4762432098388,17.403900146484375,17.403900146484375,XGBoost,4
2025-12-01,Lyrica,TER-20,166,92.23162,49.78898315429688,140.94370002746578,73.76837921142578,73.76837921142578,XGBoost,4
2025-05-01,Neulasta,TER-01,57,55.37189,16.578628158569337,109.79172534942624,1.6281089782714844,1.6281089782714844,XGBoost,4
2025-06-01,Neulasta,TER-01,59,76.28941,33.07899208068848,128.13833236694333,-17.289413452148438,17.289413452148438,XGBoost,4
2025-07-01,Neulasta,TER-01,52,55.194584,12.736107635498048,104.60264816284179,-3.1945838928222656,3.1945838928222656,XGBoost,4
2025-08-01,Neulasta,TER-01,44,53.327156,16.240306091308597,104.52007293701172,-9.327156066894531,9.327156066894531,XGBoost,4
2025-09-01,Neulasta,TER-01,79,55.878902,21.136087036132814,107.07879409790038,23.121097564697266,23.121097564697266,XGBoost,4
2025-10-01,Neulasta,TER-01,70,57.74839,11.907456970214843,116.89626007080078,12.251609802246094,12.251609802246094,XGBoost,4
2025-11-01,Neulasta,TER-01,50,59.75545,23.667137145996097,117.74794502258301,-9.755451202392578,9.755451202392578,XGBoost,4
2025-12-01,Neulasta,TER-01,75,64.21314,21.547183990478516,112.15639724731439,10.786857604980469,10.786857604980469,XGBoost,4
2025-05-01,Neulasta,TER-02,71,53.425064,9.798242187500001,104.19645195007324,17.574935913085938,17.574935913085938,XGBoost,4
2025-06-01,Neulasta,TER-02,59,60.83085,23.254557037353518,112.56805114746093,-1.8308486938476562,1.8308486938476562,XGBoost,4
2025-07-01,Neulasta,TER-02,52,49.063366,15.681270599365234,108.14248046875,2.936634063720703,2.936634063720703,XGBoost,4
2025-08-01,Neulasta,TER-02,54,53.480927,12.977304077148442,104.71216125488277,0.519073486328125,0.519073486328125,XGBoost,4
2025-09-01,Neulasta,TER-02,53,54.405155,15.452633666992188,106.24346656799315,-1.4051551818847656,1.4051551818847656,XGBoost,4
2025-10-01,Neulasta,TER-02,69,45.934124,4.147870635986329,99.91351432800293,23.065876007080078,23.065876007080078,XGBoost,4
2025-11-01,Neulasta,TER-02,42,50.71402,3.4540512084960944,100.45597152709959,-8.714019775390625,8.714019775390625,XGBoost,4
2025-12-01,Neulasta,TER-02,51,48.372025,12.736967086791994,101.20489501953122,2.6279754638671875,2.6279754638671875,XGBoost,4
2025-05-01,Neulasta,TER-03,47,50.4507,11.481367492675785,105.21399993896483,-3.4506988525390625,3.4506988525390625,XGBoost,4
2025-06-01,Neulasta,TER-03,62,51.91624,8.075244903564457,101.2135835647583,10.083759307861328,10.083759307861328,XGBoost,4
2025-07-01,Neulasta,TER-03,29,43.054317,4.267296218872071,95.03421859741209,-14.054317474365234,14.054317474365234,XGBoost,4
2025-08-01,Neulasta,TER-03,44,46.617664,6.174587249755862,96.33303871154784,-2.617664337158203,2.617664337158203,XGBoost,4
2025-09-01,Neulasta,TER-03,37,48.283348,8.342527008056646,94.97646636962888,-11.283348083496094,11.283348083496094,XGBoost,4
2025-10-01,Neulasta,TER-03,61,46.972305,8.185284042358399,106.60561523437494,14.027694702148438,14.027694702148438,XGBoost,4
2025-11-01,Neulasta,TER-03,34,51.079636,12.090398406982425,99.27371559143066,-17.079635620117188,17.079635620117188,XGBoost,4
2025-12-01,Neulasta,TER-03,71,47.23748,10.6496395111084,97.39078445434565,23.76251983642578,23.76251983642578,XGBoost,4
2025-05-01,Neulasta,TER-04,58,46.02558,7.052516174316409,96.56927566528319,11.974418640136719,11.974418640136719,XGBoost,4
2025-06-01,Neulasta,TER-04,58,50.351494,9.527774047851565,105.21315078735351,7.648506164550781,7.648506164550781,XGBoost,4
2025-07-01,Neulasta,TER-04,47,39.21454,0.0,91.17557067871086,7.78546142578125,7.78546142578125,XGBoost,4
2025-08-01,Neulasta,TER-04,30,43.19374,3.295715713500979,96.23880882263181,-13.193740844726562,13.193740844726562,XGBoost,4
2025-09-01,Neulasta,TER-04,45,44.92982,0.0,98.97926979064935,0.07017898559570312,0.07017898559570312,XGBoost,4
2025-10-01,Neulasta,TER-04,48,47.37119,7.342298507690434,96.44358386993407,0.6288108825683594,0.6288108825683594,XGBoost,4
2025-11-01,Neulasta,TER-04,41,48.252567,6.242839813232427,95.15283126831054,-7.252567291259766,7.252567291259766,XGBoost,4
2025-12-01,Neulasta,TER-04,36,44.37992,8.52369422912598,98.38630104064937,-8.379920959472656,8.379920959472656,XGBoost,4
2025-05-01,Neulasta,TER-05,33,41.38161,2.883083343505862,86.94566421508789,-8.381610870361328,8.381610870361328,XGBoost,4
2025-06-01,Neulasta,TER-05,33,45.897144,13.603206634521484,102.74566802978514,-12.897144317626953,12.897144317626953,XGBoost,4
2025-07-01,Neulasta,TER-05,42,29.918472,0.0,81.652827835083,12.081527709960938,12.081527709960938,XGBoost,4
2025-08-01,Neulasta,TER-05,43,36.550232,0.0,90.94713764190674,6.44976806640625,6.44976806640625,XGBoost,4
2025-09-01,Neulasta,TER-05,49,41.78511,0.0,93.14382095336913,7.2148895263671875,7.2148895263671875,XGBoost,4
2025-10-01,Neulasta,TER-05,49,42.67408,0.0357040405273438,95.67567481994627,6.325920104980469,6.325920104980469,XGBoost,4
2025-11-01,Neulasta,TER-05,39,44.921703,0.0,100.58729324340813,-5.921703338623047,5.921703338623047,XGBoost,4
2025-12-01,Neulasta,TER-05,53,38.839973,2.7754508972167984,96.44025497436523,14.160026550292969,14.160026550292969,XGBoost,4
2025-05-01,Neulasta,TER-06,53,36.84862,0.0,91.90391197204588,16.151378631591797,16.151378631591797,XGBoost,4
2025-06-01,Neulasta,TER-06,32,44.234985,0.0,95.47969474792478,-12.2349853515625,12.2349853515625,XGBoost,4
2025-07-01,Neulasta,TER-06,24,30.027664,0.0,80.623705291748,-6.0276641845703125,6.0276641845703125,XGBoost,4
2025-08-01,Neulasta,TER-06,39,37.40716,0.0,89.22998046875,1.5928382873535156,1.5928382873535156,XGBoost,4
2025-09-01,Neulasta,TER-06,34,35.948982,4.115581130981447,90.81109619140615,-1.9489822387695312,1.9489822387695312,XGBoost,4
2025-10-01,Neulasta,TER-06,56,38.428577,0.0,91.22646026611328,17.571422576904297,17.571422576904297,XGBoost,4
2025-11-01,Neulasta,TER-06,46,44.321533,4.477130889892579,101.09854354858398,1.678466796875,1.678466796875,XGBoost,4
2025-12-01,Neulasta,TER-06,35,37.465553,5.462555694580079,94.40928268432614,-2.4655532836914062,2.4655532836914062,XGBoost,4
2025-05-01,Neulasta,TER-07,34,39.514107,2.3313053131103527,96.91301689147949,-5.514106750488281,5.514106750488281,XGBoost,4
2025-06-01,Neulasta,TER-07,37,40.933983,0.0,88.33527221679687,-3.9339828491210938,3.9339828491210938,XGBoost,4
2025-07-01,Neulasta,TER-07,30,34.445873,0.0,84.30625114440917,-4.445873260498047,4.445873260498047,XGBoost,4
2025-08-01,Neulasta,TER-07,34,33.436752,0.0,82.86743469238279,0.5632476806640625,0.5632476806640625,XGBoost,4
2025-09-01,Neulasta,TER-07,36,37.989464,0.0,88.52598381042479,-1.9894638061523438,1.9894638061523438,XGBoost,4
2025-10-01,Neulasta,TER-07,50,40.179504,1.8670700073242201,94.19216499328611,9.82049560546875,9.82049560546875,XGBoost,4
2025-11-01,Neulasta,TER-07,39,45.445656,2.2384368896484377,101.44645328521725,-6.445655822753906,6.445655822753906,XGBoost,4
2025-12-01,Neulasta,TER-07,52,35.823578,0.0,90.23368854522704,16.176422119140625,16.176422119140625,XGBoost,4
2025-05-01,Neulasta,TER-08,35,34.47076,0.0,92.12995948791502,0.5292396545410156,0.5292396545410156,XGBoost,4
2025-06-01,Neulasta,TER-08,53,42.728493,3.3332122802734396,101.66604614257812,10.271507263183594,10.271507263183594,XGBoost,4
2025-07-01,Neulasta,TER-08,23,34.469345,0.0,82.68219909667967,-11.469345092773438,11.469345092773438,XGBoost,4
2025-08-01,Neulasta,TER-08,38,36.035065,2.5052127838134766,91.0201934814453,1.964935302734375,1.964935302734375,XGBoost,4
2025-09-01,Neulasta,TER-08,52,38.484573,0.0,91.39013633728023,13.515426635742188,13.515426635742188,XGBoost,4
2025-10-01,Neulasta,TER-08,33,39.116726,0.17959995269775444,88.40800094604491,-6.116725921630859,6.116725921630859,XGBoost,4
2025-11-01,Neulasta,TER-08,53,42.774082,6.100295639038088,100.46570205688477,10.22591781616211,10.22591781616211,XGBoost,4
2025-12-01,Neulasta,TER-08,65,41.298515,0.4988384246826187,93.69420318603515,23.70148468017578,23.70148468017578,XGBoost,4
2025-05-01,Neulasta,TER-09,46,32.83478,0.0,84.04992599487302,13.165218353271484,13.165218353271484,XGBoost,4
2025-06-01,Neulasta,TER-09,51,38.782738,0.0,96.79472579956052,12.217262268066406,12.217262268066406,XGBoost,4
2025-07-01,Neulasta,TER-09,29,30.210659,0.0,85.33718452453606,-1.2106590270996094,1.2106590270996094,XGBoost,4
2025-08-01,Neulasta,TER-09,22,37.095325,0.0,86.91483840942374,-15.095325469970703,15.095325469970703,XGBoost,4
2025-09-01,Neulasta,TER-09,47,42.14544,6.082262420654298,93.97115707397461,4.854560852050781,4.854560852050781,XGBoost,4
2025-10-01,Neulasta,TER-09,31,40.806732,0.0,94.78612251281739,-9.806732177734375,9.806732177734375,XGBoost,4
2025-11-01,Neulasta,TER-09,49,39.705875,2.0980392456054693,84.1194366455078,9.294124603271484,9.294124603271484,XGBoost,4
2025-12-01,Neulasta,TER-09,33,40.939022,3.3232765197753915,94.96981163024898,-7.939022064208984,7.939022064208984,XGBoost,4
2025-05-01,Neulasta,TER-10,31,40.951748,0.0,92.31091651916502,-9.95174789428711,9.95174789428711,XGBoost,4
2025-06-01,Neulasta,TER-10,40,40.14776,2.5598388671875028,91.82504425048825,-0.14775848388671875,0.14775848388671875,XGBoost,4
2025-07-01,Neulasta,TER-10,38,29.781507,0.0,85.79492397308344,8.21849250793457,8.21849250793457,XGBoost,4
2025-08-01,Neulasta,TER-10,40,36.603027,0.0,89.49965553283687,3.39697265625,3.39697265625,XGBoost,4
2025-09-01,Neulasta,TER-10,34,33.903492,0.5858039855957031,93.23110809326171,0.09650802612304688,0.09650802612304688,XGBoost,4
2025-10-01,Neulasta,TER-10,47,36.973564,0.0,88.95649909973142,10.026435852050781,10.026435852050781,XGBoost,4
2025-11-01,Neulasta,TER-10,49,45.403572,7.643143463134768,95.11267547607422,3.5964279174804688,3.5964279174804688,XGBoost,4
2025-12-01,Neulasta,TER-10,58,39.444256,0.018638038635253963,87.16047172546385,18.555744171142578,18.555744171142578,XGBoost,4
2025-05-01,Neulasta,TER-11,42,40.593323,0.0,88.35311317443842,1.40667724609375,1.40667724609375,XGBoost,4
2025-06-01,Neulasta,TER-11,45,51.366104,10.54988594055176,105.32379035949707,-6.3661041259765625,6.3661041259765625,XGBoost,4
2025-07-01,Neulasta,TER-11,43,33.951096,0.0,86.52706451416012,9.048904418945312,9.048904418945312,XGBoost,4
2025-08-01,Neulasta,TER-11,45,40.278427,0.0,90.0085292816162,4.7215728759765625,4.7215728759765625,XGBoost,4
2025-09-01,Neulasta,TER-11,38,41.133472,2.8445343017578124,91.20526504516602,-3.133472442626953,3.133472442626953,XGBoost,4
2025-10-01,Neulasta,TER-11,46,37.72194,1.1304595947265639,91.76217651367188,8.278060913085938,8.278060913085938,XGBoost,4
2025-11-01,Neulasta,TER-11,47,46.260624,6.070949554443361,95.53481369018554,0.7393760681152344,0.7393760681152344,XGBoost,4
2025-12-01,Neulasta,TER-11,60,35.84682,0.0,91.45336132049559,24.153179168701172,24.153179168701172,XGBoost,4
2025-05-01,Neulasta,TER-12,33,38.611607,0.0,92.9915189743042,-5.611606597900391,5.611606597900391,XGBoost,4
2025-06-01,Neulasta,TER-12,43,45.778847,3.3203704833984387,90.94745101928706,-2.7788467407226562,2.7788467407226562,XGBoost,4
2025-07-01,Neulasta,TER-12,23,27.949677,0.0,79.29372787475586,-4.949676513671875,4.949676513671875,XGBoost,4
2025-08-01,Neulasta,TER-12,23,34.508293,0.0,88.1003795623779,-11.508293151855469,11.508293151855469,XGBoost,4
2025-09-01,Neulasta,TER-12,42,33.839874,0.0,88.23811645507811,8.160125732421875,8.160125732421875,XGBoost,4
2025-10-01,Neulasta,TER-12,36,34.87599,0.0,90.1776168823242,1.1240081787109375,1.1240081787109375,XGBoost,4
2025-11-01,Neulasta,TER-12,44,37.92706,2.320327377319336,96.89421920776367,6.072940826416016,6.072940826416016,XGBoost,4
2025-12-01,Neulasta,TER-12,32,32.086853,0.0,82.1606086730957,-0.08685302734375,0.08685302734375,XGBoost,4
2025-05-01,Neulasta,TER-13,39,34.467777,0.0,86.88537979125974,4.532222747802734,4.532222747802734,XGBoost,4
2025-06-01,Neulasta,TER-13,56,48.66877,3.7893379211425806,106.73596153259277,7.331230163574219,7.331230163574219,XGBoost,4
2025-07-01,Neulasta,TER-13,21,33.31457,1.2338523864746094,88.11442565917964,-12.314571380615234,12.314571380615234,XGBoost,4
2025-08-01,Neulasta,TER-13,33,34.816486,0.0,86.25862045288085,-1.8164863586425781,1.8164863586425781,XGBoost,4
2025-09-01,Neulasta,TER-13,33,41.201954,0.0,98.01812286376949,-8.201953887939453,8.201953887939453,XGBoost,4
2025-10-01,Neulasta,TER-13,33,37.000576,0.0,86.7178268432617,-4.000576019287109,4.000576019287109,XGBoost,4
2025-11-01,Neulasta,TER-13,34,37.112453,1.3658435821533206,88.99400825500489,-3.1124534606933594,3.1124534606933594,XGBoost,4
2025-12-01,Neulasta,TER-13,44,38.045696,0.0,92.90735321044922,5.954303741455078,5.954303741455078,XGBoost,4
2025-05-01,Neulasta,TER-14,46,32.663937,0.0,85.6874561309814,13.336063385009766,13.336063385009766,XGBoost,4
2025-06-01,Neulasta,TER-14,45,41.83125,3.542311096191406,91.24251098632811,3.168750762939453,3.168750762939453,XGBoost,4
2025-07-01,Neulasta,TER-14,17,29.338413,0.0,86.98275184631348,-12.33841323852539,12.33841323852539,XGBoost,4
2025-08-01,Neulasta,TER-14,19,36.032326,0.0,88.57986030578613,-17.032325744628906,17.032325744628906,XGBoost,4
2025-09-01,Neulasta,TER-14,39,33.91154,0.0,88.89395523071289,5.088459014892578,5.088459014892578,XGBoost,4
2025-10-01,Neulasta,TER-14,45,29.750544,0.0,84.15998764038083,15.249456405639648,15.249456405639648,XGBoost,4
2025-11-01,Neulasta,TER-14,29,40.3856,4.638991165161133,93.18969192504882,-11.385601043701172,11.385601043701172,XGBoost,4
2025-12-01,Neulasta,TER-14,43,35.863255,2.3353511810302745,91.42770690917969,7.136745452880859,7.136745452880859,XGBoost,4
2025-05-01,Neulasta,TER-15,34,34.184933,0.0,88.22471466064448,-0.18493270874023438,0.18493270874023438,XGBoost,4
2025-06-01,Neulasta,TER-15,41,36.122513,0.0,93.72273330688476,4.8774871826171875,4.8774871826171875,XGBoost,4
2025-07-01,Neulasta,TER-15,28,27.436106,0.0,80.45962524414058,0.5638942718505859,0.5638942718505859,XGBoost,4
2025-08-01,Neulasta,TER-15,23,31.863207,0.0,78.2771835327148,-8.86320686340332,8.86320686340332,XGBoost,4
2025-09-01,Neulasta,TER-15,25,33.380695,0.0,87.89938011169431,-8.380695343017578,8.380695343017578,XGBoost,4
2025-10-01,Neulasta,TER-15,30,30.583103,0.0,81.83763618469233,-0.5831031799316406,0.5831031799316406,XGBoost,4
2025-11-01,Neulasta,TER-15,42,38.101936,2.488031387329102,89.46848716735838,3.8980636596679688,3.8980636596679688,XGBoost,4
2025-12-01,Neulasta,TER-15,50,35.381203,0.0,84.07247257232663,14.618797302246094,14.618797302246094,XGBoost,4
2025-05-01,Neulasta,TER-16,24,36.337395,0.0,93.70179901123043,-12.337394714355469,12.337394714355469,XGBoost,4
2025-06-01,Neulasta,TER-16,33,39.064163,0.0,94.48155517578124,-6.0641632080078125,6.0641632080078125,XGBoost,4
2025-07-01,Neulasta,TER-16,25,27.891396,0.0,82.39337463378895,-2.8913955688476562,2.8913955688476562,XGBoost,4
2025-08-01,Neulasta,TER-16,38,30.994236,0.0,85.39247817993163,7.005764007568359,7.005764007568359,XGBoost,4
2025-09-01,Neulasta,TER-16,53,39.23748,1.4782768249511722,94.12451553344715,13.762519836425781,13.762519836425781,XGBoost,4
2025-10-01,Neulasta,TER-16,45,36.20574,0.0,94.21183166503904,8.794258117675781,8.794258117675781,XGBoost,4
2025-11-01,Neulasta,TER-16,36,43.06435,0.0,92.77267837524414,-7.064350128173828,7.064350128173828,XGBoost,4
2025-12-01,Neulasta,TER-16,43,35.628246,0.0,94.9653968811035,7.371753692626953,7.371753692626953,XGBoost,4
2025-05-01,Neulasta,TER-17,33,33.056763,0.0,90.09742126464842,-0.0567626953125,0.0567626953125,XGBoost,4
2025-06-01,Neulasta,TER-17,25,34.33896,0.0,86.07616119384765,-9.338958740234375,9.338958740234375,XGBoost,4
2025-07-01,Neulasta,TER-17,31,24.653376,0.0,77.65497055053709,6.346624374389648,6.346624374389648,XGBoost,4
2025-08-01,Neulasta,TER-17,24,29.044327,0.0,75.95941085815427,-5.0443267822265625,5.0443267822265625,XGBoost,4
2025-09-01,Neulasta,TER-17,45,30.219046,0.0,79.9428768157959,14.780954360961914,14.780954360961914,XGBoost,4
2025-10-01,Neulasta,TER-17,39,33.87706,0.0,83.96454315185547,5.1229400634765625,5.1229400634765625,XGBoost,4
2025-11-01,Neulasta,TER-17,37,36.7439,0.0,94.37782592773436,0.2560997009277344,0.2560997009277344,XGBoost,4
2025-12-01,Neulasta,TER-17,26,33.23003,0.0,84.96438560485839,-7.230030059814453,7.230030059814453,XGBoost,4
2025-05-01,Neulasta,TER-18,47,32.22349,0.0,87.91178741455069,14.776508331298828,14.776508331298828,XGBoost,4
2025-06-01,Neulasta,TER-18,37,36.249275,0.0,81.37668914794921,0.7507247924804688,0.7507247924804688,XGBoost,4
2025-07-01,Neulasta,TER-18,20,29.111109,0.0,79.90118064880369,-9.111108779907227,9.111108779907227,XGBoost,4
2025-08-01,Neulasta,TER-18,18,29.691969,0.0,77.43023300170896,-11.69196891784668,11.69196891784668,XGBoost,4
2025-09-01,Neulasta,TER-18,48,32.093357,0.0,76.78233413696285,15.90664291381836,15.90664291381836,XGBoost,4
2025-10-01,Neulasta,TER-18,47,35.073437,0.0,84.4922695159912,11.926563262939453,11.926563262939453,XGBoost,4
2025-11-01,Neulasta,TER-18,39,38.44629,0.0,90.63229942321776,0.5537109375,0.5537109375,XGBoost,4
2025-12-01,Neulasta,TER-18,41,32.42553,0.0,84.98822784423817,8.574470520019531,8.574470520019531,XGBoost,4
2025-05-01,Neulasta,TER-19,33,32.43605,0.0,87.59022636413563,0.5639495849609375,0.5639495849609375,XGBoost,4
2025-06-01,Neulasta,TER-19,34,37.48512,0.0,90.04153366088865,-3.485118865966797,3.485118865966797,XGBoost,4
2025-07-01,Neulasta,TER-19,20,27.38277,0.0,78.6912601470947,-7.382770538330078,7.382770538330078,XGBoost,4
2025-08-01,Neulasta,TER-19,20,31.397987,0.0,84.2020782470703,-11.397987365722656,11.397987365722656,XGBoost,4
2025-09-01,Neulasta,TER-19,28,29.381098,0.0,80.66371955871577,-1.3810977935791016,1.3810977935791016,XGBoost,4
2025-10-01,Neulasta,TER-19,35,28.297152,0.0,90.23320655822754,6.702848434448242,6.702848434448242,XGBoost,4
2025-11-01,Neulasta,TER-19,37,33.541897,0.0,86.59953765869137,3.4581031799316406,3.4581031799316406,XGBoost,4
2025-12-01,Neulasta,TER-19,30,29.332996,0.0,81.88053092956542,0.6670036315917969,0.6670036315917969,XGBoost,4
2025-05-01,Neulasta,TER-20,22,30.218159,0.0,82.67007980346678,-8.218158721923828,8.218158721923828,XGBoost,4
2025-06-01,Neulasta,TER-20,48,33.294853,0.0,83.05955429077144,14.705146789550781,14.705146789550781,XGBoost,4
2025-07-01,Neulasta,TER-20,31,28.609022,0.0,84.29351692199695,2.3909778594970703,2.3909778594970703,XGBoost,4
2025-08-01,Neulasta,TER-20,18,30.207401,0.0,81.45679855346677,-12.207401275634766,12.207401275634766,XGBoost,4
2025-09-01,Neulasta,TER-20,25,38.415367,4.510633468627931,96.41179733276367,-13.415367126464844,13.415367126464844,XGBoost,4
2025-10-01,Neulasta,TER-20,24,28.852232,0.0,86.68592643737787,-4.852231979370117,4.852231979370117,XGBoost,4
2025-11-01,Neulasta,TER-20,34,32.74726,0.0,85.6528240203857,1.2527389526367188,1.2527389526367188,XGBoost,4
2025-12-01,Neulasta,TER-20,42,34.177414,0.0,93.89263534545897,7.8225860595703125,7.8225860595703125,XGBoost,4
2025-05-01,Nexium,TER-01,377,276.09366,232.80095520019532,327.8555782318115,100.90634155273438,100.90634155273438,XGBoost,4
2025-06-01,Nexium,TER-01,390,364.04626,327.9735763549805,423.34212532043455,25.9537353515625,25.9537353515625,XGBoost,4
2025-07-01,Nexium,TER-01,242,280.4118,237.6307373046875,332.9705070495605,-38.41180419921875,38.41180419921875,XGBoost,4
2025-08-01,Nexium,TER-01,293,264.61713,225.64323654174805,318.6257801055908,28.38287353515625,28.38287353515625,XGBoost,4
2025-09-01,Nexium,TER-01,217,240.28369,204.0234603881836,285.70953979492185,-23.28369140625,23.28369140625,XGBoost,4
2025-10-01,Nexium,TER-01,275,256.82214,218.56436424255372,308.2601181030273,18.1778564453125,18.1778564453125,XGBoost,4
2025-11-01,Nexium,TER-01,273,335.05878,296.0975154876709,387.86284599304196,-62.05877685546875,62.05877685546875,XGBoost,4
2025-12-01,Nexium,TER-01,383,294.504,254.62452125549316,345.1560607910156,88.49600219726562,88.49600219726562,XGBoost,4
2025-05-01,Nexium,TER-02,296,242.0889,200.20027923583984,296.96441421508786,53.911102294921875,53.911102294921875,XGBoost,4
2025-06-01,Nexium,TER-02,355,356.85205,318.5523319244385,404.6506568908691,-1.85205078125,1.85205078125,XGBoost,4
2025-07-01,Nexium,TER-02,200,226.54582,184.64284133911133,273.8118209838867,-26.545822143554688,26.545822143554688,XGBoost,4
2025-08-01,Nexium,TER-02,274,265.328,225.0880310058594,315.04453125,8.6719970703125,8.6719970703125,XGBoost,4
2025-09-01,Nexium,TER-02,200,229.49054,191.57272415161134,283.05193290710446,-29.49053955078125,29.49053955078125,XGBoost,4
2025-10-01,Nexium,TER-02,336,229.56316,189.62580604553224,281.4871437072753,106.43684387207031,106.43684387207031,XGBoost,4
2025-11-01,Nexium,TER-02,244,286.6654,248.00540657043456,332.64639282226557,-42.6654052734375,42.6654052734375,XGBoost,4
2025-12-01,Nexium,TER-02,297,194.985,158.38890380859374,253.4623077392578,102.01499938964844,102.01499938964844,XGBoost,4
2025-05-01,Nexium,TER-03,338,223.59691,185.34140663146974,271.90460777282715,114.40309143066406,114.40309143066406,XGBoost,4
2025-06-01,Nexium,TER-03,261,241.24112,196.39187088012696,296.86783142089837,19.758880615234375,19.758880615234375,XGBoost,4
2025-07-01,Nexium,TER-03,191,223.89693,185.56458015441893,277.37668800354004,-32.89692687988281,32.89692687988281,XGBoost,4
2025-08-01,Nexium,TER-03,203,255.2059,219.36451148986816,306.9580429077148,-52.205902099609375,52.205902099609375,XGBoost,4
2025-09-01,Nexium,TER-03,274,202.58209,159.77556877136232,260.2412914276123,71.41790771484375,71.41790771484375,XGBoost,4
2025-10-01,Nexium,TER-03,305,246.32281,210.18071060180665,301.3858455657959,58.67718505859375,58.67718505859375,XGBoost,4
2025-11-01,Nexium,TER-03,184,238.24385,206.0387798309326,289.60770721435546,-54.24385070800781,54.24385070800781,XGBoost,4
2025-12-01,Nexium,TER-03,287,210.00955,170.14947967529298,271.46460266113274,76.99044799804688,76.99044799804688,XGBoost,4
2025-05-01,Nexium,TER-04,227,235.8664,197.3567039489746,295.4369583129883,-8.86639404296875,8.86639404296875,XGBoost,4
2025-06-01,Nexium,TER-04,191,258.41046,217.59771423339845,312.8608140945434,-67.41046142578125,67.41046142578125,XGBoost,4
2025-07-01,Nexium,TER-04,254,245.931,198.42694396972655,296.5047943115234,8.069000244140625,8.069000244140625,XGBoost,4
2025-08-01,Nexium,TER-04,258,228.00107,192.79353866577148,280.18790702819825,29.998931884765625,29.998931884765625,XGBoost,4
2025-09-01,Nexium,TER-04,273,244.98457,212.82558975219726,298.48721313476557,28.015426635742188,28.015426635742188,XGBoost,4
2025-10-01,Nexium,TER-04,341,237.34709,194.544766998291,294.5006294250488,103.65290832519531,103.65290832519531,XGBoost,4
2025-11-01,Nexium,TER-04,309,260.89145,222.34238891601564,312.67453765869135,48.108551025390625,48.108551025390625,XGBoost,4
2025-12-01,Nexium,TER-04,342,230.26569,184.25607833862304,282.14315032958984,111.73431396484375,111.73431396484375,XGBoost,4
2025-05-01,Nexium,TER-05,210,234.15817,190.9477512359619,280.1223014831543,-24.158172607421875,24.158172607421875,XGBoost,4
2025-06-01,Nexium,TER-05,248,254.8279,218.15895881652833,312.10548706054675,-6.8278961181640625,6.8278961181640625,XGBoost,4
2025-07-01,Nexium,TER-05,171,212.79718,178.46525344848632,260.198469543457,-41.79718017578125,41.79718017578125,XGBoost,4
2025-08-01,Nexium,TER-05,147,220.03708,181.45239334106446,267.4413330078125,-73.03707885742188,73.03707885742188,XGBoost,4
2025-09-01,Nexium,TER-05,254,218.88168,172.62914123535157,274.2978401184082,35.118316650390625,35.118316650390625,XGBoost,4
2025-10-01,Nexium,TER-05,199,192.82927,156.99116859436035,250.1608123779297,6.1707305908203125,6.1707305908203125,XGBoost,4
2025-11-01,Nexium,TER-05,197,231.39952,191.99866943359376,280.68949584960933,-34.39952087402344,34.39952087402344,XGBoost,4
2025-12-01,Nexium,TER-05,314,187.60893,149.33257675170898,232.44367980957028,126.39106750488281,126.39106750488281,XGBoost,4
2025-05-01,Nexium,TER-06,178,211.63112,174.42978782653807,268.4012145996094,-33.63111877441406,33.63111877441406,XGBoost,4
2025-06-01,Nexium,TER-06,280,217.20264,174.84776611328124,265.60315551757805,62.79736328125,62.79736328125,XGBoost,4
2025-07-01,Nexium,TER-06,146,157.14551,113.80522918701172,203.49734268188476,-11.1455078125,11.1455078125,XGBoost,4
2025-08-01,Nexium,TER-06,150,207.61067,173.2104393005371,265.79237976074216,-57.61067199707031,57.61067199707031,XGBoost,4
2025-09-01,Nexium,TER-06,237,218.14413,171.46193580627443,272.1620780944824,18.855865478515625,18.855865478515625,XGBoost,4
2025-10-01,Nexium,TER-06,171,216.47398,176.4365020751953,266.3569988250732,-45.47398376464844,45.47398376464844,XGBoost,4
2025-11-01,Nexium,TER-06,223,226.49075,186.08362731933593,277.6836700439453,-3.490753173828125,3.490753173828125,XGBoost,4
2025-12-01,Nexium,TER-06,288,198.89816,162.8584861755371,249.8058624267578,89.10183715820312,89.10183715820312,XGBoost,4
2025-05-01,Nexium,TER-07,159,167.83826,124.3959846496582,222.62021713256834,-8.8382568359375,8.8382568359375,XGBoost,4
2025-06-01,Nexium,TER-07,201,240.79762,203.30479469299317,284.88363723754884,-39.79762268066406,39.79762268066406,XGBoost,4
2025-07-01,Nexium,TER-07,210,176.3513,130.51182403564454,228.74195861816406,33.64869689941406,33.64869689941406,XGBoost,4
2025-08-01,Nexium,TER-07,140,171.30943,135.91220512390137,223.7419204711914,-31.309432983398438,31.309432983398438,XGBoost,4
2025-09-01,Nexium,TER-07,180,197.05698,157.63233947753906,251.03642082214353,-17.056976318359375,17.056976318359375,XGBoost,4
2025-10-01,Nexium,TER-07,170,208.41689,165.97775497436524,262.0078538894653,-38.41688537597656,38.41688537597656,XGBoost,4
2025-11-01,Nexium,TER-07,278,211.57104,173.9757911682129,260.3760274887085,66.428955078125,66.428955078125,XGBoost,4
2025-12-01,Nexium,TER-07,208,162.54344,127.94612121582031,213.33040351867675,45.45655822753906,45.45655822753906,XGBoost,4
2025-05-01,Nexium,TER-08,155,257.84387,214.4827350616455,309.57822761535647,-102.8438720703125,102.8438720703125,XGBoost,4
2025-06-01,Nexium,TER-08,200,258.5281,216.05465812683104,312.5859212875366,-58.528106689453125,58.528106689453125,XGBoost,4
2025-07-01,Nexium,TER-08,172,210.84251,170.88714294433595,260.6250717163085,-38.84251403808594,38.84251403808594,XGBoost,4
2025-08-01,Nexium,TER-08,121,200.1611,161.3646453857422,250.95408821105954,-79.16110229492188,79.16110229492188,XGBoost,4
2025-09-01,Nexium,TER-08,203,182.39673,142.44863739013672,232.135493850708,20.603271484375,20.603271484375,XGBoost,4
2025-10-01,Nexium,TER-08,268,211.2513,175.4185703277588,265.0605094909668,56.74870300292969,56.74870300292969,XGBoost,4
2025-11-01,Nexium,TER-08,253,208.44748,165.8609718322754,262.95988616943356,44.552520751953125,44.552520751953125,XGBoost,4
2025-12-01,Nexium,TER-08,233,161.72792,118.9554458618164,209.4192352294922,71.27207946777344,71.27207946777344,XGBoost,4
2025-05-01,Nexium,TER-09,211,226.35455,192.80000991821288,274.0549774169922,-15.35455322265625,15.35455322265625,XGBoost,4
2025-06-01,Nexium,TER-09,211,268.385,222.90679931640625,320.77559700012205,-57.385009765625,57.385009765625,XGBoost,4
2025-07-01,Nexium,TER-09,101,167.50188,129.23169441223143,221.89878253936766,-66.50187683105469,66.50187683105469,XGBoost,4
2025-08-01,Nexium,TER-09,214,184.46536,145.37462387084963,236.29572525024415,29.534637451171875,29.534637451171875,XGBoost,4
2025-09-01,Nexium,TER-09,246,148.40607,106.76922416687012,200.23642959594727,97.59393310546875,97.59393310546875,XGBoost,4
2025-10-01,Nexium,TER-09,170,138.55013,96.68134689331055,200.58570861816406,31.449874877929688,31.449874877929688,XGBoost,4
2025-11-01,Nexium,TER-09,160,245.70538,199.87350463867188,296.3107299804687,-85.70538330078125,85.70538330078125,XGBoost,4
2025-12-01,Nexium,TER-09,254,176.65388,135.07428436279298,229.55051307678218,77.34611511230469,77.34611511230469,XGBoost,4
2025-05-01,Nexium,TER-10,257,230.29524,191.98961944580077,292.809610748291,26.704757690429688,26.704757690429688,XGBoost,4
2025-06-01,Nexium,TER-10,251,258.01627,216.03217849731445,317.32214546203613,-7.016265869140625,7.016265869140625,XGBoost,4
2025-07-01,Nexium,TER-10,170,170.75525,128.8882972717285,223.1593971252441,-0.7552490234375,0.7552490234375,XGBoost,4
2025-08-01,Nexium,TER-10,160,253.3966,215.0676300048828,304.0382545471191,-93.3966064453125,93.3966064453125,XGBoost,4
2025-09-01,Nexium,TER-10,191,185.58624,145.73428840637206,235.61318397521973,5.41375732421875,5.41375732421875,XGBoost,4
2025-10-01,Nexium,TER-10,208,189.13556,151.35520782470704,239.89977264404297,18.86444091796875,18.86444091796875,XGBoost,4
2025-11-01,Nexium,TER-10,213,207.58249,161.28836669921876,254.51093826293942,5.417510986328125,5.417510986328125,XGBoost,4
2025-12-01,Nexium,TER-10,233,150.85515,107.86236572265625,201.43027496337888,82.14485168457031,82.14485168457031,XGBoost,4
2025-05-01,Nexium,TER-11,158,231.82939,195.16269073486328,281.9709487915039,-73.82939147949219,73.82939147949219,XGBoost,4
2025-06-01,Nexium,TER-11,310,258.81882,222.77722244262696,316.4494232177734,51.181182861328125,51.181182861328125,XGBoost,4
2025-07-01,Nexium,TER-11,186,199.31264,163.56927719116212,254.9361984252929,-13.312637329101562,13.312637329101562,XGBoost,4
2025-08-01,Nexium,TER-11,182,195.7683,158.13533134460448,248.56619987487792,-13.768295288085938,13.768295288085938,XGBoost,4
2025-09-01,Nexium,TER-11,186,196.90123,151.11946334838868,252.2663497924804,-10.901229858398438,10.901229858398438,XGBoost,4
2025-10-01,Nexium,TER-11,244,177.93782,134.1600254058838,232.43209838867188,66.06217956542969,66.06217956542969,XGBoost,4
2025-11-01,Nexium,TER-11,161,257.289,217.8429962158203,306.08241844177246,-96.28900146484375,96.28900146484375,XGBoost,4
2025-12-01,Nexium,TER-11,206,201.87471,159.11383056640625,255.34665679931638,4.1252899169921875,4.1252899169921875,XGBoost,4
2025-05-01,Nexium,TER-12,160,193.02505,160.30868759155274,248.0968532562255,-33.025054931640625,33.025054931640625,XGBoost,4
2025-06-01,Nexium,TER-12,239,257.64658,215.21875,306.4560577392578,-18.646575927734375,18.646575927734375,XGBoost,4
2025-07-01,Nexium,TER-12,114,157.51923,119.60466575622559,208.96650619506835,-43.51922607421875,43.51922607421875,XGBoost,4
2025-08-01,Nexium,TER-12,195,159.98813,120.99889144897462,219.06609916687012,35.011871337890625,35.011871337890625,XGBoost,4
2025-09-01,Nexium,TER-12,271,126.2463,86.22088012695313,181.66245651245117,144.75370025634766,144.75370025634766,XGBoost,4
2025-10-01,Nexium,TER-12,184,161.0059,124.19464683532715,214.39160156249997,22.994094848632812,22.994094848632812,XGBoost,4
2025-11-01,Nexium,TER-12,220,197.85596,158.3946044921875,247.15329990386962,22.14404296875,22.14404296875,XGBoost,4
2025-12-01,Nexium,TER-12,249,180.10098,143.46045684814453,225.56864624023433,68.89901733398438,68.89901733398438,XGBoost,4
2025-05-01,Nexium,TER-13,250,196.95549,159.41288986206055,247.59580612182614,53.04450988769531,53.04450988769531,XGBoost,4
2025-06-01,Nexium,TER-13,215,222.8922,184.4098129272461,280.5890632629395,-7.8921966552734375,7.8921966552734375,XGBoost,4
2025-07-01,Nexium,TER-13,108,130.38776,94.75470123291015,179.8523372650146,-22.38775634765625,22.38775634765625,XGBoost,4
2025-08-01,Nexium,TER-13,169,166.01636,127.48085365295411,218.5508575439453,2.983642578125,2.983642578125,XGBoost,4
2025-09-01,Nexium,TER-13,144,167.65189,127.37491149902344,220.53123359680174,-23.651885986328125,23.651885986328125,XGBoost,4
2025-10-01,Nexium,TER-13,156,187.7596,144.62911262512208,240.15528564453123,-31.759597778320312,31.759597778320312,XGBoost,4
2025-11-01,Nexium,TER-13,260,232.20819,192.82825775146483,290.14583053588854,27.79180908203125,27.79180908203125,XGBoost,4
2025-12-01,Nexium,TER-13,157,129.72343,89.8871021270752,187.55712890624994,27.276565551757812,27.276565551757812,XGBoost,4
2025-05-01,Nexium,TER-14,205,164.21523,126.4955825805664,218.62936401367188,40.78477478027344,40.78477478027344,XGBoost,4
2025-06-01,Nexium,TER-14,154,192.28229,152.44677734375,243.48656997680663,-38.28228759765625,38.28228759765625,XGBoost,4
2025-07-01,Nexium,TER-14,191,145.02115,102.23800201416016,196.84182739257812,45.978851318359375,45.978851318359375,XGBoost,4
2025-08-01,Nexium,TER-14,151,146.19579,102.83680953979493,198.63337364196778,4.8042144775390625,4.8042144775390625,XGBoost,4
2025-09-01,Nexium,TER-14,137,161.06245,123.50503311157226,219.3935852050781,-24.062454223632812,24.062454223632812,XGBoost,4
2025-10-01,Nexium,TER-14,197,159.18843,120.88871192932129,209.73316116333007,37.81156921386719,37.81156921386719,XGBoost,4
2025-11-01,Nexium,TER-14,126,188.79935,148.8791931152344,246.21932716369625,-62.799346923828125,62.799346923828125,XGBoost,4
2025-12-01,Nexium,TER-14,134,202.10577,162.2507137298584,254.6079483032226,-68.10577392578125,68.10577392578125,XGBoost,4
2025-05-01,Nexium,TER-15,165,165.69215,125.85581893920899,223.3849334716797,-0.6921539306640625,0.6921539306640625,XGBoost,4
2025-06-01,Nexium,TER-15,233,214.72528,174.68779907226562,269.1045684814453,18.27471923828125,18.27471923828125,XGBoost,4
2025-07-01,Nexium,TER-15,177,154.6315,116.17805480957031,204.80445709228508,22.368499755859375,22.368499755859375,XGBoost,4
2025-08-01,Nexium,TER-15,108,198.77728,161.2377166748047,252.23665657043458,-90.77728271484375,90.77728271484375,XGBoost,4
2025-09-01,Nexium,TER-15,155,162.69716,125.20500526428222,212.67253761291494,-7.6971588134765625,7.6971588134765625,XGBoost,4
2025-10-01,Nexium,TER-15,143,190.20934,156.6794834136963,244.6459199905395,-47.20933532714844,47.20933532714844,XGBoost,4
2025-11-01,Nexium,TER-15,146,198.39905,155.73877487182617,249.0102996826172,-52.3990478515625,52.3990478515625,XGBoost,4
2025-12-01,Nexium,TER-15,261,176.79588,135.19256668090821,233.63846588134766,84.20411682128906,84.20411682128906,XGBoost,4
2025-05-01,Nexium,TER-16,138,182.3086,150.7446731567383,237.78824539184563,-44.30859375,44.30859375,XGBoost,4
2025-06-01,Nexium,TER-16,244,231.0073,184.15606689453125,278.1033290863037,12.992706298828125,12.992706298828125,XGBoost,4
2025-07-01,Nexium,TER-16,103,181.51913,139.53060760498047,231.59092712402344,-78.51913452148438,78.51913452148438,XGBoost,4
2025-08-01,Nexium,TER-16,189,157.13863,118.60394439697266,210.70895423889158,31.861373901367188,31.861373901367188,XGBoost,4
2025-09-01,Nexium,TER-16,261,155.18947,116.90832595825195,206.00665016174312,105.81053161621094,105.81053161621094,XGBoost,4
2025-10-01,Nexium,TER-16,261,144.37279,102.39566192626953,202.0644073486328,116.62721252441406,116.62721252441406,XGBoost,4
2025-11-01,Nexium,TER-16,251,207.60918,164.4803440093994,262.378755569458,43.39082336425781,43.39082336425781,XGBoost,4
2025-12-01,Nexium,TER-16,214,124.619865,82.68122177124023,173.9172082901001,89.38013458251953,89.38013458251953,XGBoost,4
2025-05-01,Nexium,TER-17,240,142.85834,104.38276519775391,201.3643722534179,97.14166259765625,97.14166259765625,XGBoost,4
2025-06-01,Nexium,TER-17,237,175.63144,134.81869201660157,227.61216888427734,61.368560791015625,61.368560791015625,XGBoost,4
2025-07-01,Nexium,TER-17,146,170.98561,123.73669128417968,224.44027709960938,-24.985610961914062,24.985610961914062,XGBoost,4
2025-08-01,Nexium,TER-17,163,184.49098,144.27922973632812,242.08639526367188,-21.490982055664062,21.490982055664062,XGBoost,4
2025-09-01,Nexium,TER-17,121,142.20642,107.7614974975586,199.0825187683105,-21.2064208984375,21.2064208984375,XGBoost,4
2025-10-01,Nexium,TER-17,154,162.69127,126.77299499511719,217.99289398193358,-8.691268920898438,8.691268920898438,XGBoost,4
2025-11-01,Nexium,TER-17,118,226.7499,183.33233337402345,280.8309616088867,-108.74989318847656,108.74989318847656,XGBoost,4
2025-12-01,Nexium,TER-17,242,147.41084,109.08388748168946,197.94736289978027,94.58915710449219,94.58915710449219,XGBoost,4
2025-05-01,Nexium,TER-18,115,171.13101,134.27709617614747,225.53417816162107,-56.131011962890625,56.131011962890625,XGBoost,4
2025-06-01,Nexium,TER-18,133,207.14691,163.93906936645507,258.0762092590332,-74.14691162109375,74.14691162109375,XGBoost,4
2025-07-01,Nexium,TER-18,171,148.76921,106.00732192993163,200.49770851135253,22.230789184570312,22.230789184570312,XGBoost,4
2025-08-01,Nexium,TER-18,115,153.70082,121.37171745300293,210.7292381286621,-38.70082092285156,38.70082092285156,XGBoost,4
2025-09-01,Nexium,TER-18,231,148.24855,111.37576408386231,200.22845153808592,82.75144958496094,82.75144958496094,XGBoost,4
2025-10-01,Nexium,TER-18,150,172.71953,137.2990852355957,232.6998207092285,-22.719528198242188,22.719528198242188,XGBoost,4
2025-11-01,Nexium,TER-18,196,181.11728,138.09464645385742,225.0972068786621,14.882720947265625,14.882720947265625,XGBoost,4
2025-12-01,Nexium,TER-18,148,147.63042,115.64064025878906,204.65883407592773,0.3695831298828125,0.3695831298828125,XGBoost,4
2025-05-01,Nexium,TER-19,157,169.98235,128.0937271118164,221.84927864074706,-12.982345581054688,12.982345581054688,XGBoost,4
2025-06-01,Nexium,TER-19,124,207.26587,168.42402038574218,256.0708517074585,-83.265869140625,83.265869140625,XGBoost,4
2025-07-01,Nexium,TER-19,149,142.88701,100.4357078552246,194.7076873779297,6.1129913330078125,6.1129913330078125,XGBoost,4
2025-08-01,Nexium,TER-19,136,157.00237,121.38407516479492,208.3061668395996,-21.002365112304688,21.002365112304688,XGBoost,4
2025-09-01,Nexium,TER-19,169,156.32753,118.4129695892334,210.13715934753418,12.672470092773438,12.672470092773438,XGBoost,4
2025-10-01,Nexium,TER-19,194,174.62285,133.38714942932128,229.05419921874997,19.377151489257812,19.377151489257812,XGBoost,4
2025-11-01,Nexium,TER-19,234,175.43962,136.620845413208,227.99603576660155,58.56037902832031,58.56037902832031,XGBoost,4
2025-12-01,Nexium,TER-19,153,150.78368,110.22354888916016,209.75852317810057,2.2163238525390625,2.2163238525390625,XGBoost,4
2025-05-01,Nexium,TER-20,157,164.5592,130.6312397003174,218.5994415283203,-7.5592041015625,7.5592041015625,XGBoost,4
2025-06-01,Nexium,TER-20,211,231.13432,185.64545669555665,283.0290073394775,-20.134323120117188,20.134323120117188,XGBoost,4
2025-07-01,Nexium,TER-20,98,149.9669,111.03923034667969,205.61393356323237,-51.96690368652344,51.96690368652344,XGBoost,4
2025-08-01,Nexium,TER-20,114,142.53911,104.2813289642334,195.19452590942373,-28.539108276367188,28.539108276367188,XGBoost,4
2025-09-01,Nexium,TER-20,189,137.28589,97.19520874023438,191.36203308105465,51.714111328125,51.714111328125,XGBoost,4
2025-10-01,Nexium,TER-20,181,172.97217,131.41224670410156,226.45346641540525,8.02783203125,8.02783203125,XGBoost,4
2025-11-01,Nexium,TER-20,118,195.84268,157.93252563476562,250.70853157043456,-77.84268188476562,77.84268188476562,XGBoost,4
2025-12-01,Nexium,TER-20,190,148.74733,109.36739654541016,204.35387020111082,41.25267028808594,41.25267028808594,XGBoost,4
2025-05-01,Opdivo,TER-01,24,37.2566,0.0,97.01180648803707,-13.256599426269531,13.256599426269531,XGBoost,4
2025-06-01,Opdivo,TER-01,39,40.244595,1.7744770050048837,97.94030151367187,-1.2445945739746094,1.2445945739746094,XGBoost,4
2025-07-01,Opdivo,TER-01,32,31.913984,0.0,84.0902156829834,0.08601570129394531,0.08601570129394531,XGBoost,4
2025-08-01,Opdivo,TER-01,25,30.344936,0.0,89.31909942626952,-5.344936370849609,5.344936370849609,XGBoost,4
2025-09-01,Opdivo,TER-01,49,36.323837,0.0,83.01695556640622,12.676162719726562,12.676162719726562,XGBoost,4
2025-10-01,Opdivo,TER-01,37,38.036964,9.51279754638672,82.76088485717766,-1.0369644165039062,1.0369644165039062,XGBoost,4
2025-11-01,Opdivo,TER-01,43,40.239655,1.2630432128906286,90.35979576110837,2.760345458984375,2.760345458984375,XGBoost,4
2025-12-01,Opdivo,TER-01,52,37.463116,0.0,91.50464248657221,14.536884307861328,14.536884307861328,XGBoost,4
2025-05-01,Opdivo,TER-02,47,32.203785,0.0,85.1373970031737,14.796215057373047,14.796215057373047,XGBoost,4
2025-06-01,Opdivo,TER-02,31,41.51336,0.0,89.20003356933591,-10.513359069824219,10.513359069824219,XGBoost,4
2025-07-01,Opdivo,TER-02,34,32.656303,0.0,92.38784561157223,1.3436965942382812,1.3436965942382812,XGBoost,4
2025-08-01,Opdivo,TER-02,29,29.466436,0.0,83.87859497070309,-0.46643638610839844,0.46643638610839844,XGBoost,4
2025-09-01,Opdivo,TER-02,53,35.84976,0.0,85.93241157531733,17.15024185180664,17.15024185180664,XGBoost,4
2025-10-01,Opdivo,TER-02,30,37.265896,0.0,92.87243633270262,-7.265895843505859,7.265895843505859,XGBoost,4
2025-11-01,Opdivo,TER-02,35,36.657444,0.0,90.07383346557613,-1.6574440002441406,1.6574440002441406,XGBoost,4
2025-12-01,Opdivo,TER-02,29,35.454094,0.0,82.78977508544915,-6.454093933105469,6.454093933105469,XGBoost,4
2025-05-01,Opdivo,TER-03,26,31.88122,0.0,89.478955078125,-5.881219863891602,5.881219863891602,XGBoost,4
2025-06-01,Opdivo,TER-03,24,37.178875,0.0,91.59702072143554,-13.178874969482422,13.178874969482422,XGBoost,4
2025-07-01,Opdivo,TER-03,20,26.80678,0.0,82.05471534729003,-6.806779861450195,6.806779861450195,XGBoost,4
2025-08-01,Opdivo,TER-03,22,25.893917,0.0,74.73788223266595,-3.8939170837402344,3.8939170837402344,XGBoost,4
2025-09-01,Opdivo,TER-03,38,28.513327,0.0,82.89261436462402,9.486673355102539,9.486673355102539,XGBoost,4
2025-10-01,Opdivo,TER-03,44,30.826374,0.0,82.75660133361806,13.173625946044922,13.173625946044922,XGBoost,4
2025-11-01,Opdivo,TER-03,22,34.927715,0.0,87.1437747955322,-12.927715301513672,12.927715301513672,XGBoost,4
2025-12-01,Opdivo,TER-03,29,33.797455,0.0,87.1705783843994,-4.797454833984375,4.797454833984375,XGBoost,4
2025-05-01,Opdivo,TER-04,40,33.015827,0.0,85.81101608276367,6.984172821044922,6.984172821044922,XGBoost,4
2025-06-01,Opdivo,TER-04,46,38.520863,0.0,91.57850341796872,7.479137420654297,7.479137420654297,XGBoost,4
2025-07-01,Opdivo,TER-04,29,29.198648,0.0,79.75820121765135,-0.19864845275878906,0.19864845275878906,XGBoost,4
2025-08-01,Opdivo,TER-04,32,30.25275,0.0,88.24918060302734,1.7472496032714844,1.7472496032714844,XGBoost,4
2025-09-01,Opdivo,TER-04,26,32.240482,0.0,86.63338108062744,-6.240482330322266,6.240482330322266,XGBoost,4
2025-10-01,Opdivo,TER-04,41,33.02195,0.0,81.74973831176752,7.978050231933594,7.978050231933594,XGBoost,4
2025-11-01,Opdivo,TER-04,46,36.039913,0.20872936248779358,92.05332965850825,9.960086822509766,9.960086822509766,XGBoost,4
2025-12-01,Opdivo,TER-04,36,34.302673,0.0,86.12549209594727,1.69732666015625,1.69732666015625,XGBoost,4
2025-05-01,Opdivo,TER-05,34,28.972921,0.0,70.1189720153808,5.027078628540039,5.027078628540039,XGBoost,4
2025-06-01,Opdivo,TER-05,47,31.660315,0.0,92.71392860412597,15.339685440063477,15.339685440063477,XGBoost,4
2025-07-01,Opdivo,TER-05,29,27.73511,0.0,87.01833992004394,1.2648906707763672,1.2648906707763672,XGBoost,4
2025-08-01,Opdivo,TER-05,18,30.680931,0.0,81.87346649169922,-12.680931091308594,12.680931091308594,XGBoost,4
2025-09-01,Opdivo,TER-05,32,29.737162,0.0,79.00685214996338,2.262838363647461,2.262838363647461,XGBoost,4
2025-10-01,Opdivo,TER-05,29,29.428091,0.0,78.7418165206909,-0.42809104919433594,0.42809104919433594,XGBoost,4
2025-11-01,Opdivo,TER-05,39,31.121033,0.0,86.42807693481438,7.87896728515625,7.87896728515625,XGBoost,4
2025-12-01,Opdivo,TER-05,45,31.931704,0.0,83.81325836181641,13.068296432495117,13.068296432495117,XGBoost,4
2025-05-01,Opdivo,TER-06,20,24.535927,0.0,76.45144004821773,-4.535926818847656,4.535926818847656,XGBoost,4
2025-06-01,Opdivo,TER-06,34,28.545221,0.0,85.31846809387207,5.454778671264648,5.454778671264648,XGBoost,4
2025-07-01,Opdivo,TER-06,15,20.769611,0.0,74.72771453857422,-5.769611358642578,5.769611358642578,XGBoost,4
2025-08-01,Opdivo,TER-06,24,22.572437,0.0,75.08112869262689,1.4275627136230469,1.4275627136230469,XGBoost,4
2025-09-01,Opdivo,TER-06,35,25.868822,0.0,76.46045036315913,9.13117790222168,9.13117790222168,XGBoost,4
2025-10-01,Opdivo,TER-06,30,25.996399,0.0,73.30856475830073,4.00360107421875,4.00360107421875,XGBoost,4
2025-11-01,Opdivo,TER-06,25,31.165678,0.0,77.68967170715318,-6.165678024291992,6.165678024291992,XGBoost,4
2025-12-01,Opdivo,TER-06,31,31.941177,0.0,83.18542861938474,-0.9411773681640625,0.9411773681640625,XGBoost,4
2025-05-01,Opdivo,TER-07,29,29.543587,0.0,87.85055084228514,-0.5435867309570312,0.5435867309570312,XGBoost,4
2025-06-01,Opdivo,TER-07,34,30.787045,0.0,86.78784198760982,3.2129554748535156,3.2129554748535156,XGBoost,4
2025-07-01,Opdivo,TER-07,26,23.551558,0.0,72.8212480545044,2.4484424591064453,2.4484424591064453,XGBoost,4
2025-08-01,Opdivo,TER-07,23,24.225853,0.0,73.36420326232903,-1.2258529663085938,1.2258529663085938,XGBoost,4
2025-09-01,Opdivo,TER-07,23,29.78049,0.0,82.36570701599116,-6.780490875244141,6.780490875244141,XGBoost,4
2025-10-01,Opdivo,TER-07,19,25.950237,0.0,81.95418567657467,-6.950237274169922,6.950237274169922,XGBoost,4
2025-11-01,Opdivo,TER-07,19,29.140102,0.0,81.32611274719237,-10.14010238647461,10.14010238647461,XGBoost,4
2025-12-01,Opdivo,TER-07,38,25.14977,0.0,77.55849304199216,12.850229263305664,12.850229263305664,XGBoost,4
2025-05-01,Opdivo,TER-08,31,29.707373,0.0,87.05697746276854,1.2926273345947266,1.2926273345947266,XGBoost,4
2025-06-01,Opdivo,TER-08,25,34.09525,0.0,86.53283729553222,-9.09524917602539,9.09524917602539,XGBoost,4
2025-07-01,Opdivo,TER-08,24,22.942305,0.0,80.74306297302243,1.0576953887939453,1.0576953887939453,XGBoost,4
2025-08-01,Opdivo,TER-08,15,24.438442,0.0,74.57016983032224,-9.43844223022461,9.43844223022461,XGBoost,4
2025-09-01,Opdivo,TER-08,37,25.221468,0.0,77.59410743713379,11.778532028198242,11.778532028198242,XGBoost,4
2025-10-01,Opdivo,TER-08,33,30.11758,0.0,80.14009475708008,2.8824195861816406,2.8824195861816406,XGBoost,4
2025-11-01,Opdivo,TER-08,39,31.441032,0.0,80.5134271621704,7.558967590332031,7.558967590332031,XGBoost,4
2025-12-01,Opdivo,TER-08,44,32.207436,0.0,85.76882896423339,11.792564392089844,11.792564392089844,XGBoost,4
2025-05-01,Opdivo,TER-09,25,27.403284,0.0,79.78322944641113,-2.4032840728759766,2.4032840728759766,XGBoost,4
2025-06-01,Opdivo,TER-09,25,32.105545,0.0,86.095503616333,-7.1055450439453125,7.1055450439453125,XGBoost,4
2025-07-01,Opdivo,TER-09,24,22.018003,0.0,74.20401382446288,1.9819965362548828,1.9819965362548828,XGBoost,4
2025-08-01,Opdivo,TER-09,16,22.525589,0.0,73.44753036499021,-6.5255889892578125,6.5255889892578125,XGBoost,4
2025-09-01,Opdivo,TER-09,38,25.898325,0.0,81.02861404418937,12.101675033569336,12.101675033569336,XGBoost,4
2025-10-01,Opdivo,TER-09,20,28.451817,0.0,79.66659851074216,-8.45181655883789,8.45181655883789,XGBoost,4
2025-11-01,Opdivo,TER-09,23,27.603762,0.0,86.01553688049309,-4.603761672973633,4.603761672973633,XGBoost,4
2025-12-01,Opdivo,TER-09,31,26.336113,0.0,84.1101516723632,4.663887023925781,4.663887023925781,XGBoost,4
2025-05-01,Opdivo,TER-10,40,29.893482,0.0,84.31331653594968,10.106517791748047,10.106517791748047,XGBoost,4
2025-06-01,Opdivo,TER-10,26,31.146303,0.0,85.92826347351073,-5.146303176879883,5.146303176879883,XGBoost,4
2025-07-01,Opdivo,TER-10,31,25.508764,0.0,80.49336814880368,5.491235733032227,5.491235733032227,XGBoost,4
2025-08-01,Opdivo,TER-10,21,25.656168,0.0,81.07232475280762,-4.656167984008789,4.656167984008789,XGBoost,4
2025-09-01,Opdivo,TER-10,39,25.793339,0.0,79.6231916427612,13.206661224365234,13.206661224365234,XGBoost,4
2025-10-01,Opdivo,TER-10,24,31.305693,0.0,83.2667247772216,-7.305692672729492,7.305692672729492,XGBoost,4
2025-11-01,Opdivo,TER-10,40,30.500902,0.0,71.58648109436035,9.49909782409668,9.49909782409668,XGBoost,4
2025-12-01,Opdivo,TER-10,34,32.822884,0.0,85.06774444580071,1.1771163940429688,1.1771163940429688,XGBoost,4
2025-05-01,Opdivo,TER-11,26,30.780567,0.0,85.19560184478757,-4.780567169189453,4.780567169189453,XGBoost,4
2025-06-01,Opdivo,TER-11,40,30.168098,0.0,82.62001953124998,9.831901550292969,9.831901550292969,XGBoost,4
2025-07-01,Opdivo,TER-11,30,24.632013,0.0,79.05332584381101,5.367986679077148,5.367986679077148,XGBoost,4
2025-08-01,Opdivo,TER-11,27,26.157171,0.0,79.01157112121577,0.8428287506103516,0.8428287506103516,XGBoost,4
2025-09-01,Opdivo,TER-11,26,30.174915,0.0,89.12163619995117,-4.174915313720703,4.174915313720703,XGBoost,4
2025-10-01,Opdivo,TER-11,25,29.562647,0.0,88.84473342895508,-4.562646865844727,4.562646865844727,XGBoost,4
2025-11-01,Opdivo,TER-11,24,29.65812,0.0,82.20834770202636,-5.658119201660156,5.658119201660156,XGBoost,4
2025-12-01,Opdivo,TER-11,40,25.567413,0.0,85.55545959472654,14.432586669921875,14.432586669921875,XGBoost,4
2025-05-01,Opdivo,TER-12,17,23.400454,0.0,77.0362258911132,-6.400453567504883,6.400453567504883,XGBoost,4
2025-06-01,Opdivo,TER-12,37,30.824606,0.0,82.06001091003417,6.175394058227539,6.175394058227539,XGBoost,4
2025-07-01,Opdivo,TER-12,24,22.526743,0.0,73.45312652587889,1.473257064819336,1.473257064819336,XGBoost,4
2025-08-01,Opdivo,TER-12,23,22.241697,0.0,76.22108764648438,0.7583026885986328,0.7583026885986328,XGBoost,4
2025-09-01,Opdivo,TER-12,25,27.282185,0.0,80.78308181762691,-2.282184600830078,2.282184600830078,XGBoost,4
2025-10-01,Opdivo,TER-12,20,24.915993,0.0,80.16269302368163,-4.915992736816406,4.915992736816406,XGBoost,4
2025-11-01,Opdivo,TER-12,23,26.02222,0.0,77.76351356506346,-3.0222206115722656,3.0222206115722656,XGBoost,4
2025-12-01,Opdivo,TER-12,39,24.819597,0.0,82.52618179321283,14.180402755737305,14.180402755737305,XGBoost,4
2025-05-01,Opdivo,TER-13,38,23.587793,0.0,79.17086505889891,14.412206649780273,14.412206649780273,XGBoost,4
2025-06-01,Opdivo,TER-13,25,29.978495,0.0,81.41646919250488,-4.978494644165039,4.978494644165039,XGBoost,4
2025-07-01,Opdivo,TER-13,27,20.714724,0.0,76.71552104949947,6.285276412963867,6.285276412963867,XGBoost,4
2025-08-01,Opdivo,TER-13,29,24.578604,0.0,79.34818267822264,4.421396255493164,4.421396255493164,XGBoost,4
2025-09-01,Opdivo,TER-13,35,24.501003,0.0,78.3012809753418,10.49899673461914,10.49899673461914,XGBoost,4
2025-10-01,Opdivo,TER-13,31,28.75242,0.0,89.62072296142574,2.247579574584961,2.247579574584961,XGBoost,4
2025-11-01,Opdivo,TER-13,30,29.278717,0.0,79.07300262451164,0.721282958984375,0.721282958984375,XGBoost,4
2025-12-01,Opdivo,TER-13,21,29.217394,0.0,81.6680164337158,-8.21739387512207,8.21739387512207,XGBoost,4
2025-05-01,Opdivo,TER-14,17,21.745255,0.0,75.78503646850581,-4.7452545166015625,4.7452545166015625,XGBoost,4
2025-06-01,Opdivo,TER-14,17,23.936022,0.0,80.77860450744627,-6.93602180480957,6.93602180480957,XGBoost,4
2025-07-01,Opdivo,TER-14,18,19.413767,0.0,77.75514106750485,-1.413766860961914,1.413766860961914,XGBoost,4
2025-08-01,Opdivo,TER-14,25,20.113758,0.0,74.545108795166,4.886241912841797,4.886241912841797,XGBoost,4
2025-09-01,Opdivo,TER-14,18,22.103958,0.0,74.07408027648925,-4.1039581298828125,4.1039581298828125,XGBoost,4
2025-10-01,Opdivo,TER-14,23,23.448664,0.0,73.99339408874512,-0.44866371154785156,0.44866371154785156,XGBoost,4
2025-11-01,Opdivo,TER-14,21,24.615103,0.0,79.56943130493164,-3.615102767944336,3.615102767944336,XGBoost,4
2025-12-01,Opdivo,TER-14,25,23.811066,0.0,78.27491836547847,1.188934326171875,1.188934326171875,XGBoost,4
2025-05-01,Opdivo,TER-15,17,24.60798,0.0,76.49963111877439,-7.607980728149414,7.607980728149414,XGBoost,4
2025-06-01,Opdivo,TER-15,29,24.289743,0.0,75.53399467468259,4.710256576538086,4.710256576538086,XGBoost,4
2025-07-01,Opdivo,TER-15,25,20.00096,0.0,78.954683303833,4.999040603637695,4.999040603637695,XGBoost,4
2025-08-01,Opdivo,TER-15,21,19.885809,0.0,69.21795387268061,1.1141910552978516,1.1141910552978516,XGBoost,4
2025-09-01,Opdivo,TER-15,26,23.432106,0.0,74.68262825012205,2.5678939819335938,2.5678939819335938,XGBoost,4
2025-10-01,Opdivo,TER-15,32,22.94949,0.0,73.47486038208008,9.05051040649414,9.05051040649414,XGBoost,4
2025-11-01,Opdivo,TER-15,29,26.333609,0.0,83.93797721862792,2.666391372680664,2.666391372680664,XGBoost,4
2025-12-01,Opdivo,TER-15,31,26.213818,0.0,79.01172218322753,4.786182403564453,4.786182403564453,XGBoost,4
2025-05-01,Opdivo,TER-16,18,25.048246,0.0,83.430732345581,-7.048246383666992,7.048246383666992,XGBoost,4
2025-06-01,Opdivo,TER-16,26,27.603676,0.0,75.26186828613281,-1.6036758422851562,1.6036758422851562,XGBoost,4
2025-07-01,Opdivo,TER-16,15,21.79465,0.0,76.84527626037588,-6.794649124145508,6.794649124145508,XGBoost,4
2025-08-01,Opdivo,TER-16,23,19.904867,0.0,78.05650978088379,3.095132827758789,3.095132827758789,XGBoost,4
2025-09-01,Opdivo,TER-16,25,22.435387,0.0,77.22023773193357,2.5646133422851562,2.5646133422851562,XGBoost,4
2025-10-01,Opdivo,TER-16,33,23.278805,0.0,76.07401657104492,9.721195220947266,9.721195220947266,XGBoost,4
2025-11-01,Opdivo,TER-16,32,26.354446,0.0,75.64572143554686,5.6455535888671875,5.6455535888671875,XGBoost,4
2025-12-01,Opdivo,TER-16,22,28.43394,0.0,80.96506576538077,-6.433940887451172,6.433940887451172,XGBoost,4
2025-05-01,Opdivo,TER-17,30,20.333794,0.0,81.71235885620116,9.666206359863281,9.666206359863281,XGBoost,4
2025-06-01,Opdivo,TER-17,25,23.951168,0.0,77.94112663269043,1.0488319396972656,1.0488319396972656,XGBoost,4
2025-07-01,Opdivo,TER-17,22,18.79101,0.0,77.15732536315915,3.2089900970458984,3.2089900970458984,XGBoost,4
2025-08-01,Opdivo,TER-17,19,20.873524,0.0,68.56361846923825,-1.8735237121582031,1.8735237121582031,XGBoost,4
2025-09-01,Opdivo,TER-17,29,21.166286,0.0,72.46547050476073,7.833713531494141,7.833713531494141,XGBoost,4
2025-10-01,Opdivo,TER-17,19,22.644382,0.0,70.97894573211666,-3.6443824768066406,3.6443824768066406,XGBoost,4
2025-11-01,Opdivo,TER-17,32,23.48284,0.0,75.9713914871215,8.517160415649414,8.517160415649414,XGBoost,4
2025-12-01,Opdivo,TER-17,23,23.098042,0.0,78.1107311248779,-0.09804153442382812,0.09804153442382812,XGBoost,4
2025-05-01,Opdivo,TER-18,19,24.708513,0.0,76.42962875366212,-5.708513259887695,5.708513259887695,XGBoost,4
2025-06-01,Opdivo,TER-18,20,27.648811,0.0,72.77718505859369,-7.648811340332031,7.648811340332031,XGBoost,4
2025-07-01,Opdivo,TER-18,16,19.07323,0.0,74.05564498901367,-3.073230743408203,3.073230743408203,XGBoost,4
2025-08-01,Opdivo,TER-18,21,21.377748,0.0,73.27022743225095,-0.3777484893798828,0.3777484893798828,XGBoost,4
2025-09-01,Opdivo,TER-18,26,21.34219,0.0,75.99152450561509,4.657810211181641,4.657810211181641,XGBoost,4
2025-10-01,Opdivo,TER-18,25,22.75428,0.0,80.58689880371088,2.2457199096679688,2.2457199096679688,XGBoost,4
2025-11-01,Opdivo,TER-18,19,24.91219,0.0,71.07344055175777,-5.912189483642578,5.912189483642578,XGBoost,4
2025-12-01,Opdivo,TER-18,16,22.43055,0.0,73.3541290283203,-6.430549621582031,6.430549621582031,XGBoost,4
2025-05-01,Opdivo,TER-19,16,22.378138,0.0,73.5827823638916,-6.378137588500977,6.378137588500977,XGBoost,4
2025-06-01,Opdivo,TER-19,21,23.206291,0.0,81.39450225830073,-2.2062911987304688,2.2062911987304688,XGBoost,4
2025-07-01,Opdivo,TER-19,16,18.333986,0.0,73.33167266845702,-2.333986282348633,2.333986282348633,XGBoost,4
2025-08-01,Opdivo,TER-19,21,19.052828,0.0,71.60305633544921,1.9471721649169922,1.9471721649169922,XGBoost,4
2025-09-01,Opdivo,TER-19,29,20.96457,0.0,72.64178657531734,8.035430908203125,8.035430908203125,XGBoost,4
2025-10-01,Opdivo,TER-19,16,21.770979,0.0,76.18601360321043,-5.770978927612305,5.770978927612305,XGBoost,4
2025-11-01,Opdivo,TER-19,24,22.843725,0.0,73.37259712219237,1.1562747955322266,1.1562747955322266,XGBoost,4
2025-12-01,Opdivo,TER-19,30,21.668728,0.0,73.43064765930173,8.33127212524414,8.33127212524414,XGBoost,4
2025-05-01,Opdivo,TER-20,31,22.497133,0.0,74.48006820678708,8.502866744995117,8.502866744995117,XGBoost,4
2025-06-01,Opdivo,TER-20,23,24.383598,0.0,75.02555236816403,-1.3835983276367188,1.3835983276367188,XGBoost,4
2025-07-01,Opdivo,TER-20,17,18.145533,0.0,72.20847206115721,-1.1455326080322266,1.1455326080322266,XGBoost,4
2025-08-01,Opdivo,TER-20,11,20.84731,0.0,79.81072921752929,-9.847309112548828,9.847309112548828,XGBoost,4
2025-09-01,Opdivo,TER-20,21,21.780571,0.0,73.00005416870117,-0.7805709838867188,0.7805709838867188,XGBoost,4
2025-10-01,Opdivo,TER-20,21,22.058737,0.0,71.7741111755371,-1.058736801147461,1.058736801147461,XGBoost,4
2025-11-01,Opdivo,TER-20,16,22.066977,0.0,77.05210533142089,-6.066976547241211,6.066976547241211,XGBoost,4
2025-12-01,Opdivo,TER-20,27,21.116743,0.0,79.10923690795899,5.883256912231445,5.883256912231445,XGBoost,4
2025-05-01,Remicade,TER-01,65,67.44663,27.471019744873054,121.44624614715575,-2.4466323852539062,2.4466323852539062,XGBoost,4
2025-06-01,Remicade,TER-01,73,69.087364,25.79323081970215,120.72944831848145,3.9126358032226562,3.9126358032226562,XGBoost,4
2025-07-01,Remicade,TER-01,60,59.34145,17.529750823974613,112.1393325805664,0.6585502624511719,0.6585502624511719,XGBoost,4
2025-08-01,Remicade,TER-01,68,62.8963,25.418968582153322,116.4655090332031,5.10369873046875,5.10369873046875,XGBoost,4
2025-09-01,Remicade,TER-01,87,65.09929,30.63944816589356,119.65125141143784,21.900711059570312,21.900711059570312,XGBoost,4
2025-10-01,Remicade,TER-01,70,69.20321,25.458166122436523,121.67713623046866,0.7967910766601562,0.7967910766601562,XGBoost,4
2025-11-01,Remicade,TER-01,80,82.369316,48.45011901855469,126.65121955871581,-2.3693161010742188,2.3693161010742188,XGBoost,4
2025-12-01,Remicade,TER-01,84,68.26011,29.30758743286133,118.39183654785154,15.739891052246094,15.739891052246094,XGBoost,4
2025-05-01,Remicade,TER-02,70,71.989,35.87933883666992,122.89669799804688,-1.9889984130859375,1.9889984130859375,XGBoost,4
2025-06-01,Remicade,TER-02,108,90.66811,52.00174026489258,149.03335342407223,17.331886291503906,17.331886291503906,XGBoost,4
2025-07-01,Remicade,TER-02,56,74.12243,31.687738037109376,124.20508232116694,-18.12242889404297,18.12242889404297,XGBoost,4
2025-08-01,Remicade,TER-02,80,60.57063,25.43160629272461,109.03179702758779,19.429370880126953,19.429370880126953,XGBoost,4
2025-09-01,Remicade,TER-02,101,61.46939,21.602089309692385,112.86148757934565,39.530609130859375,39.530609130859375,XGBoost,4
2025-10-01,Remicade,TER-02,101,78.67054,43.905328369140626,129.88984374999998,22.32946014404297,22.32946014404297,XGBoost,4
2025-11-01,Remicade,TER-02,78,97.58141,59.65078353881836,146.6753925323486,-19.58141326904297,19.58141326904297,XGBoost,4
2025-12-01,Remicade,TER-02,85,78.61994,41.3164005279541,127.04107437133783,6.380058288574219,6.380058288574219,XGBoost,4
2025-05-01,Remicade,TER-03,51,74.37126,40.327327728271484,126.91879730224608,-23.371261596679688,23.371261596679688,XGBoost,4
2025-06-01,Remicade,TER-03,83,74.154045,34.79895782470703,122.94746208190917,8.845954895019531,8.845954895019531,XGBoost,4
2025-07-01,Remicade,TER-03,50,58.016605,19.696979522705078,104.37934265136717,-8.016605377197266,8.016605377197266,XGBoost,4
2025-08-01,Remicade,TER-03,58,58.089283,10.822509765625,112.09619407653807,-0.08928298950195312,0.08928298950195312,XGBoost,4
2025-09-01,Remicade,TER-03,52,62.23224,24.94930763244629,111.97419052124022,-10.23223876953125,10.23223876953125,XGBoost,4
2025-10-01,Remicade,TER-03,87,64.44616,33.549723052978514,121.22316970825194,22.55384063720703,22.55384063720703,XGBoost,4
2025-11-01,Remicade,TER-03,74,68.00792,27.564842224121097,121.44644470214837,5.9920806884765625,5.9920806884765625,XGBoost,4
2025-12-01,Remicade,TER-03,60,57.87351,20.330908203125,112.87119483947752,2.1264915466308594,2.1264915466308594,XGBoost,4
2025-05-01,Remicade,TER-04,40,55.829964,18.25464973449707,108.30902061462398,-15.829963684082031,15.829963684082031,XGBoost,4
2025-06-01,Remicade,TER-04,97,58.392334,19.7322021484375,106.13533935546873,38.607666015625,38.607666015625,XGBoost,4
2025-07-01,Remicade,TER-04,55,57.15507,10.95680389404297,116.74407577514646,-2.155071258544922,2.155071258544922,XGBoost,4
2025-08-01,Remicade,TER-04,66,46.349415,3.1364894866943365,104.04512176513671,19.650585174560547,19.650585174560547,XGBoost,4
2025-09-01,Remicade,TER-04,87,56.323746,13.19491310119629,116.52822189331049,30.676254272460938,30.676254272460938,XGBoost,4
2025-10-01,Remicade,TER-04,62,64.238785,24.07426300048828,110.59061965942381,-2.2387847900390625,2.2387847900390625,XGBoost,4
2025-11-01,Remicade,TER-04,78,63.18722,22.947249603271487,120.82880783081052,14.81277847290039,14.81277847290039,XGBoost,4
2025-12-01,Remicade,TER-04,60,62.672504,21.43680534362793,116.6514778137207,-2.672504425048828,2.672504425048828,XGBoost,4
2025-05-01,Remicade,TER-05,49,53.367767,15.062144470214845,105.87887649536125,-4.367767333984375,4.367767333984375,XGBoost,4
2025-06-01,Remicade,TER-05,52,59.4037,16.195859527587892,110.59623718261719,-7.4037017822265625,7.4037017822265625,XGBoost,4
2025-07-01,Remicade,TER-05,63,51.531315,8.769425964355468,102.75061874389647,11.468685150146484,11.468685150146484,XGBoost,4
2025-08-01,Remicade,TER-05,57,56.984226,21.057288360595702,112.6109382629394,0.015773773193359375,0.015773773193359375,XGBoost,4
2025-09-01,Remicade,TER-05,43,54.670116,13.383188629150395,113.0180183410644,-11.670116424560547,11.670116424560547,XGBoost,4
2025-10-01,Remicade,TER-05,73,62.947224,16.959715270996092,108.06988449096674,10.052776336669922,10.052776336669922,XGBoost,4
2025-11-01,Remicade,TER-05,66,62.732487,22.70628433227539,116.69017295837402,3.2675132751464844,3.2675132751464844,XGBoost,4
2025-12-01,Remicade,TER-05,89,54.49979,9.313658142089846,114.64285659790039,34.50020980834961,34.50020980834961,XGBoost,4
2025-05-01,Remicade,TER-06,65,54.912487,12.212881469726563,102.03399887084959,10.087512969970703,10.087512969970703,XGBoost,4
2025-06-01,Remicade,TER-06,44,61.611065,22.203609466552738,111.65951499938963,-17.611064910888672,17.611064910888672,XGBoost,4
2025-07-01,Remicade,TER-06,47,50.39997,14.221717834472656,109.49827346801754,-3.3999710083007812,3.3999710083007812,XGBoost,4
2025-08-01,Remicade,TER-06,35,53.728535,15.813974380493166,106.76889495849608,-18.728534698486328,18.728534698486328,XGBoost,4
2025-09-01,Remicade,TER-06,67,41.557713,7.672184371948247,95.35799026489258,25.44228744506836,25.44228744506836,XGBoost,4
2025-10-01,Remicade,TER-06,57,54.901245,11.687512969970703,105.07649459838859,2.0987548828125,2.0987548828125,XGBoost,4
2025-11-01,Remicade,TER-06,44,60.13489,20.126718902587893,114.64633865356433,-16.134891510009766,16.134891510009766,XGBoost,4
2025-12-01,Remicade,TER-06,84,50.911125,10.346750640869145,110.18418083190917,33.08887481689453,33.08887481689453,XGBoost,4
2025-05-01,Remicade,TER-07,34,52.43399,12.478619384765626,111.72687454223632,-18.433990478515625,18.433990478515625,XGBoost,4
2025-06-01,Remicade,TER-07,83,57.480743,25.732266998291017,115.15546760559079,25.519256591796875,25.519256591796875,XGBoost,4
2025-07-01,Remicade,TER-07,37,44.744884,4.156210327148443,93.11879272460935,-7.744884490966797,7.744884490966797,XGBoost,4
2025-08-01,Remicade,TER-07,61,48.834614,2.54950294494629,101.28653488159178,12.165386199951172,12.165386199951172,XGBoost,4
2025-09-01,Remicade,TER-07,66,59.821873,19.471804809570315,106.22582626342768,6.178127288818359,6.178127288818359,XGBoost,4
2025-10-01,Remicade,TER-07,54,57.075096,16.757495117187503,102.53313140869136,-3.0750961303710938,3.0750961303710938,XGBoost,4
2025-11-01,Remicade,TER-07,45,59.19962,20.731381225585938,117.35126190185547,-14.19961929321289,14.19961929321289,XGBoost,4
2025-12-01,Remicade,TER-07,74,56.178604,13.417724609375,104.55128822326658,17.821395874023438,17.821395874023438,XGBoost,4
2025-05-01,Remicade,TER-08,54,52.43505,13.639258575439454,107.44650535583493,1.5649490356445312,1.5649490356445312,XGBoost,4
2025-06-01,Remicade,TER-08,81,57.518414,10.846890640258788,111.57560348510741,23.481586456298828,23.481586456298828,XGBoost,4
2025-07-01,Remicade,TER-08,61,49.026257,8.195656585693362,102.39938011169433,11.973743438720703,11.973743438720703,XGBoost,4
2025-08-01,Remicade,TER-08,60,54.01039,10.66534423828125,99.59646682739255,5.9896087646484375,5.9896087646484375,XGBoost,4
2025-09-01,Remicade,TER-08,49,59.46291,13.18581771850586,109.20207519531246,-10.462909698486328,10.462909698486328,XGBoost,4
2025-10-01,Remicade,TER-08,55,59.030006,20.24298515319824,109.1381637573242,-4.030006408691406,4.030006408691406,XGBoost,4
2025-11-01,Remicade,TER-08,68,61.764866,18.95559997558594,106.16633987426758,6.235134124755859,6.235134124755859,XGBoost,4
2025-12-01,Remicade,TER-08,55,53.657463,14.21228256225586,102.48273010253902,1.3425369262695312,1.3425369262695312,XGBoost,4
2025-05-01,Remicade,TER-09,54,53.721954,15.253716278076173,112.68911437988281,0.278045654296875,0.278045654296875,XGBoost,4
2025-06-01,Remicade,TER-09,67,55.302673,10.460452270507815,109.7058395385742,11.69732666015625,11.69732666015625,XGBoost,4
2025-07-01,Remicade,TER-09,41,49.384605,11.088337707519532,101.3377113342284,-8.384605407714844,8.384605407714844,XGBoost,4
2025-08-01,Remicade,TER-09,56,54.35091,18.123368453979495,107.1838024139404,1.6490898132324219,1.6490898132324219,XGBoost,4
2025-09-01,Remicade,TER-09,42,49.80963,13.667527008056641,102.66442642211909,-7.80963134765625,7.80963134765625,XGBoost,4
2025-10-01,Remicade,TER-09,76,51.68492,13.42714195251465,108.83572998046874,24.315078735351562,24.315078735351562,XGBoost,4
2025-11-01,Remicade,TER-09,48,62.67729,20.21881561279297,114.5778846740722,-14.677291870117188,14.677291870117188,XGBoost,4
2025-12-01,Remicade,TER-09,48,54.503475,17.33945083618164,112.12260131835937,-6.503475189208984,6.503475189208984,XGBoost,4
2025-05-01,Remicade,TER-10,69,51.319855,10.917404174804688,103.04550552368164,17.680145263671875,17.680145263671875,XGBoost,4
2025-06-01,Remicade,TER-10,51,71.42123,25.14475021362305,121.25218505859365,-20.421226501464844,20.421226501464844,XGBoost,4
2025-07-01,Remicade,TER-10,37,49.723526,9.62937507629395,100.30467681884762,-12.723526000976562,12.723526000976562,XGBoost,4
2025-08-01,Remicade,TER-10,57,56.66464,22.722151947021487,110.64361190795898,0.3353614807128906,0.3353614807128906,XGBoost,4
2025-09-01,Remicade,TER-10,52,51.822266,4.1558380126953125,97.51613235473631,0.177734375,0.177734375,XGBoost,4
2025-10-01,Remicade,TER-10,78,56.209625,16.34227294921875,108.39563560485838,21.790374755859375,21.790374755859375,XGBoost,4
2025-11-01,Remicade,TER-10,74,62.905148,22.74062576293945,114.14939880371091,11.094852447509766,11.094852447509766,XGBoost,4
2025-12-01,Remicade,TER-10,52,54.381832,11.930531311035157,104.90636825561523,-2.3818321228027344,2.3818321228027344,XGBoost,4
2025-05-01,Remicade,TER-11,53,64.91475,27.26612701416016,116.73527526855469,-11.914749145507812,11.914749145507812,XGBoost,4
2025-06-01,Remicade,TER-11,69,65.59617,22.465683364868163,124.8685401916504,3.4038314819335938,3.4038314819335938,XGBoost,4
2025-07-01,Remicade,TER-11,43,58.879368,14.523494720458986,111.47715682983393,-15.87936782836914,15.87936782836914,XGBoost,4
2025-08-01,Remicade,TER-11,60,59.919582,22.19203033447266,114.7854320526123,0.08041763305664062,0.08041763305664062,XGBoost,4
2025-09-01,Remicade,TER-11,83,50.853657,13.076560592651369,105.80798530578613,32.14634323120117,32.14634323120117,XGBoost,4
2025-10-01,Remicade,TER-11,64,60.875725,22.302643585205082,120.2063175201416,3.1242752075195312,3.1242752075195312,XGBoost,4
2025-11-01,Remicade,TER-11,46,63.548576,23.691989517211915,114.74113082885742,-17.54857635498047,17.54857635498047,XGBoost,4
2025-12-01,Remicade,TER-11,77,57.90151,19.107580947875977,107.97526397705077,19.098491668701172,19.098491668701172,XGBoost,4
2025-05-01,Remicade,TER-12,66,51.281364,12.938375473022463,101.36884765625,14.718635559082031,14.718635559082031,XGBoost,4
2025-06-01,Remicade,TER-12,54,61.88018,22.50107192993164,117.51065597534173,-7.880180358886719,7.880180358886719,XGBoost,4
2025-07-01,Remicade,TER-12,52,47.021194,11.190104293823243,106.5417610168457,4.9788055419921875,4.9788055419921875,XGBoost,4
2025-08-01,Remicade,TER-12,47,52.917633,19.549656677246094,106.72990875244139,-5.917633056640625,5.917633056640625,XGBoost,4
2025-09-01,Remicade,TER-12,54,45.991844,6.155509185791016,104.93856506347656,8.008155822753906,8.008155822753906,XGBoost,4
2025-10-01,Remicade,TER-12,58,57.67618,16.426100921630862,111.53828086853022,0.3238182067871094,0.3238182067871094,XGBoost,4
2025-11-01,Remicade,TER-12,52,59.129543,18.597635650634768,110.86619148254394,-7.129543304443359,7.129543304443359,XGBoost,4
2025-12-01,Remicade,TER-12,62,52.21561,15.3912410736084,106.70988845825195,9.78438949584961,9.78438949584961,XGBoost,4
2025-05-01,Remicade,TER-13,65,52.92769,9.56655158996582,100.62812805175781,12.072311401367188,12.072311401367188,XGBoost,4
2025-06-01,Remicade,TER-13,74,56.607944,17.631333160400395,108.2829566955566,17.39205551147461,17.39205551147461,XGBoost,4
2025-07-01,Remicade,TER-13,53,48.16723,9.847602844238281,102.12797813415527,4.832771301269531,4.832771301269531,XGBoost,4
2025-08-01,Remicade,TER-13,32,54.03648,15.526472091674805,101.728955078125,-22.036479949951172,22.036479949951172,XGBoost,4
2025-09-01,Remicade,TER-13,73,45.29345,1.9073009490966806,102.06669616699219,27.70655059814453,27.70655059814453,XGBoost,4
2025-10-01,Remicade,TER-13,70,49.40231,13.485671997070312,100.72843170166011,20.59769058227539,20.59769058227539,XGBoost,4
2025-11-01,Remicade,TER-13,65,62.59784,19.957340240478516,113.79075622558594,2.40216064453125,2.40216064453125,XGBoost,4
2025-12-01,Remicade,TER-13,67,58.152515,20.83851890563965,109.49656677246094,8.847484588623047,8.847484588623047,XGBoost,4
2025-05-01,Remicade,TER-14,64,46.878838,9.118408966064456,99.36714172363276,17.12116241455078,17.12116241455078,XGBoost,4
2025-06-01,Remicade,TER-14,57,51.12044,8.318149566650392,96.55895843505857,5.879558563232422,5.879558563232422,XGBoost,4
2025-07-01,Remicade,TER-14,27,45.646305,3.7539077758789077,96.22011871337888,-18.646305084228516,18.646305084228516,XGBoost,4
2025-08-01,Remicade,TER-14,30,44.540398,5.722570037841798,89.35853881835935,-14.540397644042969,14.540397644042969,XGBoost,4
2025-09-01,Remicade,TER-14,58,43.28252,11.995660781860352,90.51192893981921,14.717479705810547,14.717479705810547,XGBoost,4
2025-10-01,Remicade,TER-14,60,48.766766,5.461587142944337,95.1757581710814,11.233234405517578,11.233234405517578,XGBoost,4
2025-11-01,Remicade,TER-14,53,52.240158,13.940439224243166,107.74746017456046,0.7598419189453125,0.7598419189453125,XGBoost,4
2025-12-01,Remicade,TER-14,46,44.908653,1.0853881835937529,99.2879409790039,1.0913467407226562,1.0913467407226562,XGBoost,4
2025-05-01,Remicade,TER-15,61,43.992023,0.0,93.38993453979491,17.007976531982422,17.007976531982422,XGBoost,4
2025-06-01,Remicade,TER-15,56,53.692783,16.209566116333008,106.48797340393067,2.3072166442871094,2.3072166442871094,XGBoost,4
2025-07-01,Remicade,TER-15,43,39.083626,1.1680877685546887,85.4186019897461,3.9163742065429688,3.9163742065429688,XGBoost,4
2025-08-01,Remicade,TER-15,46,45.21619,9.10360336303711,91.70401382446289,0.7838096618652344,0.7838096618652344,XGBoost,4
2025-09-01,Remicade,TER-15,45,44.586536,2.983316802978518,95.81173782348633,0.4134635925292969,0.4134635925292969,XGBoost,4
2025-10-01,Remicade,TER-15,56,46.79497,3.7898971557617194,99.2495853424072,9.205028533935547,9.205028533935547,XGBoost,4
2025-11-01,Remicade,TER-15,56,52.777103,15.302804946899414,104.50692367553711,3.2228965759277344,3.2228965759277344,XGBoost,4
2025-12-01,Remicade,TER-15,58,45.35258,6.77457389831543,98.15048561096191,12.647418975830078,12.647418975830078,XGBoost,4
2025-05-01,Remicade,TER-16,49,51.737514,15.975929260253908,101.1322280883789,-2.7375144958496094,2.7375144958496094,XGBoost,4
2025-06-01,Remicade,TER-16,45,53.60007,17.679878997802735,105.786909866333,-8.60007095336914,8.60007095336914,XGBoost,4
2025-07-01,Remicade,TER-16,30,42.216774,4.289399337768556,99.94641189575192,-12.216773986816406,12.216773986816406,XGBoost,4
2025-08-01,Remicade,TER-16,30,45.24289,5.3909351348876955,103.57402038574216,-15.242889404296875,15.242889404296875,XGBoost,4
2025-09-01,Remicade,TER-16,40,41.746376,9.977109527587892,93.4748737335205,-1.7463760375976562,1.7463760375976562,XGBoost,4
2025-10-01,Remicade,TER-16,39,49.345142,14.18274726867676,110.97750701904292,-10.345142364501953,10.345142364501953,XGBoost,4
2025-11-01,Remicade,TER-16,57,49.1936,6.482398986816407,100.38813552856445,7.806400299072266,7.806400299072266,XGBoost,4
2025-12-01,Remicade,TER-16,44,43.25964,4.4443416595459,95.6772422790527,0.7403602600097656,0.7403602600097656,XGBoost,4
2025-05-01,Remicade,TER-17,34,41.29461,4.633933639526369,95.12446193695065,-7.294609069824219,7.294609069824219,XGBoost,4
2025-06-01,Remicade,TER-17,44,49.234837,12.615520477294925,103.6428024291992,-5.234836578369141,5.234836578369141,XGBoost,4
2025-07-01,Remicade,TER-17,44,35.466328,0.0,85.1964298248291,8.533672332763672,8.533672332763672,XGBoost,4
2025-08-01,Remicade,TER-17,29,39.901085,0.0,88.9619140625,-10.901084899902344,10.901084899902344,XGBoost,4
2025-09-01,Remicade,TER-17,35,37.525272,0.6899263381958028,95.23657569885252,-2.5252723693847656,2.5252723693847656,XGBoost,4
2025-10-01,Remicade,TER-17,36,43.351776,5.801589965820313,97.31252555847168,-7.351776123046875,7.351776123046875,XGBoost,4
2025-11-01,Remicade,TER-17,60,42.5589,2.526092529296876,101.87686157226562,17.44110107421875,17.44110107421875,XGBoost,4
2025-12-01,Remicade,TER-17,65,40.798485,1.8841018676757812,98.46140823364256,24.201515197753906,24.201515197753906,XGBoost,4
2025-05-01,Remicade,TER-18,41,56.893017,20.76230392456055,108.19636039733885,-15.893016815185547,15.893016815185547,XGBoost,4
2025-06-01,Remicade,TER-18,65,56.77456,13.48161735534668,111.8182716369628,8.225440979003906,8.225440979003906,XGBoost,4
2025-07-01,Remicade,TER-18,51,43.714962,5.194178771972657,102.20951538085934,7.285037994384766,7.285037994384766,XGBoost,4
2025-08-01,Remicade,TER-18,46,49.827892,6.228999328613281,102.2886924743652,-3.827892303466797,3.827892303466797,XGBoost,4
2025-09-01,Remicade,TER-18,42,52.29021,10.302501678466799,106.73276329040525,-10.290210723876953,10.290210723876953,XGBoost,4
2025-10-01,Remicade,TER-18,41,45.392944,4.889225006103521,91.3570732116699,-4.3929443359375,4.3929443359375,XGBoost,4
2025-11-01,Remicade,TER-18,55,47.19914,8.846166610717779,101.96243972778319,7.800861358642578,7.800861358642578,XGBoost,4
2025-12-01,Remicade,TER-18,63,41.30461,3.9782608032226574,96.54357147216795,21.695388793945312,21.695388793945312,XGBoost,4
2025-05-01,Remicade,TER-19,43,41.00009,0.0,95.86594123840331,1.999908447265625,1.999908447265625,XGBoost,4
2025-06-01,Remicade,TER-19,67,48.800087,8.567616653442387,100.04948425292966,18.199913024902344,18.199913024902344,XGBoost,4
2025-07-01,Remicade,TER-19,27,39.40619,0.0,96.3145751953125,-12.40618896484375,12.40618896484375,XGBoost,4
2025-08-01,Remicade,TER-19,43,42.93242,2.906216430664063,96.76739654541012,0.0675811767578125,0.0675811767578125,XGBoost,4
2025-09-01,Remicade,TER-19,59,44.72548,4.886038208007813,96.54615783691406,14.274520874023438,14.274520874023438,XGBoost,4
2025-10-01,Remicade,TER-19,34,44.527283,0.18688049316406305,96.2794235229492,-10.52728271484375,10.52728271484375,XGBoost,4
2025-11-01,Remicade,TER-19,45,50.6995,8.26221160888672,112.39915771484374,-5.699501037597656,5.699501037597656,XGBoost,4
2025-12-01,Remicade,TER-19,45,48.413357,5.985530853271484,102.4129705429077,-3.4133567810058594,3.4133567810058594,XGBoost,4
2025-05-01,Remicade,TER-20,41,41.96892,1.4087944030761754,91.39641761779782,-0.9689216613769531,0.9689216613769531,XGBoost,4
2025-06-01,Remicade,TER-20,35,44.785553,7.952927398681642,97.17620849609375,-9.785552978515625,9.785552978515625,XGBoost,4
2025-07-01,Remicade,TER-20,23,40.414104,0.0,98.12540779113768,-17.414104461669922,17.414104461669922,XGBoost,4
2025-08-01,Remicade,TER-20,26,43.176044,8.137238311767579,99.17999286651607,-17.176044464111328,17.176044464111328,XGBoost,4
2025-09-01,Remicade,TER-20,46,37.117714,3.6802288055419923,86.52950057983396,8.882286071777344,8.882286071777344,XGBoost,4
2025-10-01,Remicade,TER-20,29,42.904217,2.8780143737792976,100.59699630737305,-13.904216766357422,13.904216766357422,XGBoost,4
2025-11-01,Remicade,TER-20,34,45.9012,3.9171119689941425,97.88110046386717,-11.901199340820312,11.901199340820312,XGBoost,4
2025-12-01,Remicade,TER-20,41,39.143612,0.0,96.85885162353513,1.8563880920410156,1.8563880920410156,XGBoost,4
2025-05-01,Revlimid,TER-01,49,35.74752,0.0,88.783341217041,13.252479553222656,13.252479553222656,XGBoost,4
2025-06-01,Revlimid,TER-01,45,43.166054,4.369596862792969,95.55664100646972,1.8339462280273438,1.8339462280273438,XGBoost,4
2025-07-01,Revlimid,TER-01,31,30.38971,0.0,80.10508384704589,0.61029052734375,0.61029052734375,XGBoost,4
2025-08-01,Revlimid,TER-01,24,36.036705,0.0,85.10909976959228,-12.036705017089844,12.036705017089844,XGBoost,4
2025-09-01,Revlimid,TER-01,53,37.64746,0.0,87.64670257568346,15.3525390625,15.3525390625,XGBoost,4
2025-10-01,Revlimid,TER-01,36,37.65308,0.0,89.57912445068355,-1.6530799865722656,1.6530799865722656,XGBoost,4
2025-11-01,Revlimid,TER-01,47,37.46328,0.0,88.6578155517578,9.536720275878906,9.536720275878906,XGBoost,4
2025-12-01,Revlimid,TER-01,49,35.717358,2.960647201538087,87.9033679962158,13.282642364501953,13.282642364501953,XGBoost,4
2025-05-01,Revlimid,TER-02,27,31.21617,0.0,81.78998298645017,-4.216169357299805,4.216169357299805,XGBoost,4
2025-06-01,Revlimid,TER-02,34,36.88013,0.0,87.02170715332026,-2.8801307678222656,2.8801307678222656,XGBoost,4
2025-07-01,Revlimid,TER-02,35,27.683699,0.0,74.10798225402827,7.316301345825195,7.316301345825195,XGBoost,4
2025-08-01,Revlimid,TER-02,32,27.863981,0.0,89.25878410339354,4.136018753051758,4.136018753051758,XGBoost,4
2025-09-01,Revlimid,TER-02,47,36.871986,2.9712692260742246,88.51361236572265,10.128013610839844,10.128013610839844,XGBoost,4
2025-10-01,Revlimid,TER-02,47,37.095936,0.0,87.17695121765131,9.904064178466797,9.904064178466797,XGBoost,4
2025-11-01,Revlimid,TER-02,38,42.116375,2.6657371520996107,95.92446708679198,-4.116374969482422,4.116374969482422,XGBoost,4
2025-12-01,Revlimid,TER-02,46,35.508278,0.0,87.69739036560057,10.491722106933594,10.491722106933594,XGBoost,4
2025-05-01,Revlimid,TER-03,33,29.343103,0.0,83.83738136291504,3.6568965911865234,3.6568965911865234,XGBoost,4
2025-06-01,Revlimid,TER-03,39,32.68142,0.0,82.0145059585571,6.318580627441406,6.318580627441406,XGBoost,4
2025-07-01,Revlimid,TER-03,24,32.181244,0.0,83.4064453125,-8.181243896484375,8.181243896484375,XGBoost,4
2025-08-01,Revlimid,TER-03,26,26.87356,0.0,80.24668350219726,-0.8735599517822266,0.8735599517822266,XGBoost,4
2025-09-01,Revlimid,TER-03,32,32.771015,0.0,84.10593566894518,-0.7710151672363281,0.7710151672363281,XGBoost,4
2025-10-01,Revlimid,TER-03,33,29.484028,0.0,82.54610061645499,3.515972137451172,3.515972137451172,XGBoost,4
2025-11-01,Revlimid,TER-03,41,33.277386,0.0,86.84813079833982,7.722614288330078,7.722614288330078,XGBoost,4
2025-12-01,Revlimid,TER-03,33,34.01195,0.0,91.63469314575192,-1.0119514465332031,1.0119514465332031,XGBoost,4
2025-05-01,Revlimid,TER-04,22,29.354946,0.0,83.36760673522947,-7.354946136474609,7.354946136474609,XGBoost,4
2025-06-01,Revlimid,TER-04,49,28.401037,0.0,82.35914039611816,20.598962783813477,20.598962783813477,XGBoost,4
2025-07-01,Revlimid,TER-04,30,30.079453,0.0,80.1519676208496,-0.0794525146484375,0.0794525146484375,XGBoost,4
2025-08-01,Revlimid,TER-04,17,27.516068,0.0,76.94602737426754,-10.516067504882812,10.516067504882812,XGBoost,4
2025-09-01,Revlimid,TER-04,40,33.406143,0.0,89.41955966949457,6.5938568115234375,6.5938568115234375,XGBoost,4
2025-10-01,Revlimid,TER-04,30,32.75932,0.0,87.7444480895996,-2.759319305419922,2.759319305419922,XGBoost,4
2025-11-01,Revlimid,TER-04,23,35.41221,0.0,85.54739456176752,-12.412208557128906,12.412208557128906,XGBoost,4
2025-12-01,Revlimid,TER-04,38,30.90187,0.0,85.28115844726562,7.0981292724609375,7.0981292724609375,XGBoost,4
2025-05-01,Revlimid,TER-05,31,27.301205,0.0,79.67611770629883,3.6987953186035156,3.6987953186035156,XGBoost,4
2025-06-01,Revlimid,TER-05,42,33.22646,0.0,90.61258316040039,8.773540496826172,8.773540496826172,XGBoost,4
2025-07-01,Revlimid,TER-05,26,23.335045,0.0,82.63127098083496,2.6649551391601562,2.6649551391601562,XGBoost,4
2025-08-01,Revlimid,TER-05,17,25.743996,0.0,85.76897964477534,-8.743995666503906,8.743995666503906,XGBoost,4
2025-09-01,Revlimid,TER-05,33,29.210407,0.0,87.27759895324706,3.789592742919922,3.789592742919922,XGBoost,4
2025-10-01,Revlimid,TER-05,27,29.334133,0.0,85.00128211975088,-2.3341331481933594,2.3341331481933594,XGBoost,4
2025-11-01,Revlimid,TER-05,20,28.765066,0.0,87.91341133117675,-8.765066146850586,8.765066146850586,XGBoost,4
2025-12-01,Revlimid,TER-05,34,29.62469,0.0,80.84877662658688,4.375310897827148,4.375310897827148,XGBoost,4
2025-05-01,Revlimid,TER-06,23,23.279207,0.0,77.2788209915161,-0.2792072296142578,0.2792072296142578,XGBoost,4
2025-06-01,Revlimid,TER-06,32,25.829006,0.0,80.21003646850586,6.170993804931641,6.170993804931641,XGBoost,4
2025-07-01,Revlimid,TER-06,13,20.30035,0.0,77.69793014526365,-7.300350189208984,7.300350189208984,XGBoost,4
2025-08-01,Revlimid,TER-06,20,24.488565,0.0,76.69574584960935,-4.488565444946289,4.488565444946289,XGBoost,4
2025-09-01,Revlimid,TER-06,32,24.177181,0.0,74.8188293457031,7.822818756103516,7.822818756103516,XGBoost,4
2025-10-01,Revlimid,TER-06,22,28.142786,0.0,75.91864128112785,-6.142786026000977,6.142786026000977,XGBoost,4
2025-11-01,Revlimid,TER-06,24,27.346224,0.0,77.53359794616692,-3.346223831176758,3.346223831176758,XGBoost,4
2025-12-01,Revlimid,TER-06,25,25.462757,0.0,78.36832008361812,-0.4627571105957031,0.4627571105957031,XGBoost,4
2025-05-01,Revlimid,TER-07,29,28.439596,0.0,79.7238899230957,0.5604038238525391,0.5604038238525391,XGBoost,4
2025-06-01,Revlimid,TER-07,30,27.586723,0.0,85.2058494567871,2.4132766723632812,2.4132766723632812,XGBoost,4
2025-07-01,Revlimid,TER-07,20,20.948225,0.0,73.75229415893554,-0.9482250213623047,0.9482250213623047,XGBoost,4
2025-08-01,Revlimid,TER-07,21,23.379843,0.0,78.42621459960937,-2.379842758178711,2.379842758178711,XGBoost,4
2025-09-01,Revlimid,TER-07,35,24.761902,0.0,80.32511901855469,10.23809814453125,10.23809814453125,XGBoost,4
2025-10-01,Revlimid,TER-07,34,26.16938,0.0,83.76960067749023,7.830619812011719,7.830619812011719,XGBoost,4
2025-11-01,Revlimid,TER-07,31,32.981403,0.0,83.05391845703124,-1.9814033508300781,1.9814033508300781,XGBoost,4
2025-12-01,Revlimid,TER-07,31,31.481264,0.0,81.19036750793457,-0.4812641143798828,0.4812641143798828,XGBoost,4
2025-05-01,Revlimid,TER-08,32,26.654228,0.0,77.21218338012692,5.345771789550781,5.345771789550781,XGBoost,4
2025-06-01,Revlimid,TER-08,35,26.98045,0.0,79.3530891418457,8.019550323486328,8.019550323486328,XGBoost,4
2025-07-01,Revlimid,TER-08,14,24.278324,0.0,78.26828269958496,-10.278324127197266,10.278324127197266,XGBoost,4
2025-08-01,Revlimid,TER-08,27,23.52844,0.0,70.65906181335446,3.471559524536133,3.471559524536133,XGBoost,4
2025-09-01,Revlimid,TER-08,22,27.010294,0.0,77.03527221679687,-5.010293960571289,5.010293960571289,XGBoost,4
2025-10-01,Revlimid,TER-08,27,26.297459,0.0,74.54193744659419,0.7025413513183594,0.7025413513183594,XGBoost,4
2025-11-01,Revlimid,TER-08,38,29.385475,0.0,83.27513504028312,8.614524841308594,8.614524841308594,XGBoost,4
2025-12-01,Revlimid,TER-08,36,30.240856,0.0,77.64511032104491,5.759143829345703,5.759143829345703,XGBoost,4
2025-05-01,Revlimid,TER-09,26,26.662771,0.0,80.69043846130367,-0.6627712249755859,0.6627712249755859,XGBoost,4
2025-06-01,Revlimid,TER-09,28,28.292326,0.0,80.15925903320313,-0.2923259735107422,0.2923259735107422,XGBoost,4
2025-07-01,Revlimid,TER-09,23,21.680656,0.0,74.13527030944822,1.3193435668945312,1.3193435668945312,XGBoost,4
2025-08-01,Revlimid,TER-09,14,23.775116,0.0,69.76195373535153,-9.775115966796875,9.775115966796875,XGBoost,4
2025-09-01,Revlimid,TER-09,25,25.655115,0.0,76.8803165435791,-0.6551151275634766,0.6551151275634766,XGBoost,4
2025-10-01,Revlimid,TER-09,26,24.733936,0.0,79.2553356170654,1.2660636901855469,1.2660636901855469,XGBoost,4
2025-11-01,Revlimid,TER-09,35,26.751633,0.0,77.39194869995114,8.248367309570312,8.248367309570312,XGBoost,4
2025-12-01,Revlimid,TER-09,34,27.163382,0.0,84.54950523376465,6.836618423461914,6.836618423461914,XGBoost,4
2025-05-01,Revlimid,TER-10,20,30.218988,0.0,79.91811866760254,-10.218988418579102,10.218988418579102,XGBoost,4
2025-06-01,Revlimid,TER-10,32,33.10225,0.0,86.14731712341306,-1.1022491455078125,1.1022491455078125,XGBoost,4
2025-07-01,Revlimid,TER-10,26,23.621614,0.0,71.38937873840327,2.378385543823242,2.378385543823242,XGBoost,4
2025-08-01,Revlimid,TER-10,17,22.57067,0.0,75.00825729370116,-5.570669174194336,5.570669174194336,XGBoost,4
2025-09-01,Revlimid,TER-10,21,25.619719,0.0,75.25809669494629,-4.619718551635742,4.619718551635742,XGBoost,4
2025-10-01,Revlimid,TER-10,35,27.730885,0.0,74.08856964111327,7.269115447998047,7.269115447998047,XGBoost,4
2025-11-01,Revlimid,TER-10,19,28.595774,0.0,81.41939697265623,-9.595773696899414,9.595773696899414,XGBoost,4
2025-12-01,Revlimid,TER-10,23,26.027765,0.0,77.22801933288574,-3.0277652740478516,3.0277652740478516,XGBoost,4
2025-05-01,Revlimid,TER-11,24,30.058367,0.0,80.22513236999507,-6.058366775512695,6.058366775512695,XGBoost,4
2025-06-01,Revlimid,TER-11,36,30.136282,0.0,82.40265045166008,5.863718032836914,5.863718032836914,XGBoost,4
2025-07-01,Revlimid,TER-11,34,22.59277,0.0,82.76725463867184,11.407230377197266,11.407230377197266,XGBoost,4
2025-08-01,Revlimid,TER-11,25,25.737694,0.0,82.59572982788083,-0.7376937866210938,0.7376937866210938,XGBoost,4
2025-09-01,Revlimid,TER-11,21,29.975285,0.0,83.01564483642576,-8.975284576416016,8.975284576416016,XGBoost,4
2025-10-01,Revlimid,TER-11,35,28.325815,0.0,77.6382406234741,6.674184799194336,6.674184799194336,XGBoost,4
2025-11-01,Revlimid,TER-11,18,29.188116,0.0,86.98887443542478,-11.188116073608398,11.188116073608398,XGBoost,4
2025-12-01,Revlimid,TER-11,41,26.339117,0.0,83.39024009704588,14.660882949829102,14.660882949829102,XGBoost,4
2025-05-01,Revlimid,TER-12,23,23.179907,0.0,73.95129470825195,-0.17990684509277344,0.17990684509277344,XGBoost,4
2025-06-01,Revlimid,TER-12,25,25.450241,0.0,83.10944023132322,-0.4502410888671875,0.4502410888671875,XGBoost,4
2025-07-01,Revlimid,TER-12,21,19.848639,0.0,69.26747131347655,1.1513614654541016,1.1513614654541016,XGBoost,4
2025-08-01,Revlimid,TER-12,25,22.400068,0.0,72.95962104797361,2.5999317169189453,2.5999317169189453,XGBoost,4
2025-09-01,Revlimid,TER-12,29,23.834175,0.0,71.57390632629391,5.165824890136719,5.165824890136719,XGBoost,4
2025-10-01,Revlimid,TER-12,33,25.176224,0.0,76.4072380065918,7.8237762451171875,7.8237762451171875,XGBoost,4
2025-11-01,Revlimid,TER-12,16,27.944967,0.0,77.36380004882811,-11.944967269897461,11.944967269897461,XGBoost,4
2025-12-01,Revlimid,TER-12,40,25.267956,0.0,78.30377655029295,14.732044219970703,14.732044219970703,XGBoost,4
2025-05-01,Revlimid,TER-13,27,22.402218,0.0,76.39217643737793,4.597782135009766,4.597782135009766,XGBoost,4
2025-06-01,Revlimid,TER-13,19,27.60346,0.0,79.97830505371094,-8.603460311889648,8.603460311889648,XGBoost,4
2025-07-01,Revlimid,TER-13,19,19.276756,0.0,69.80212707519532,-0.27675628662109375,0.27675628662109375,XGBoost,4
2025-08-01,Revlimid,TER-13,28,21.432556,0.0,80.58090133666991,6.56744384765625,6.56744384765625,XGBoost,4
2025-09-01,Revlimid,TER-13,18,22.714386,0.0,72.7393642425537,-4.714385986328125,4.714385986328125,XGBoost,4
2025-10-01,Revlimid,TER-13,19,24.358059,0.0,74.21843681335449,-5.358058929443359,5.358058929443359,XGBoost,4
2025-11-01,Revlimid,TER-13,20,25.261023,0.0,78.08918533325192,-5.261022567749023,5.261022567749023,XGBoost,4
2025-12-01,Revlimid,TER-13,30,25.447191,0.0,79.42551784515379,4.55280876159668,4.55280876159668,XGBoost,4
2025-05-01,Revlimid,TER-14,30,23.659071,0.0,77.03219451904296,6.34092903137207,6.34092903137207,XGBoost,4
2025-06-01,Revlimid,TER-14,19,25.75519,0.0,81.33826160430907,-6.755189895629883,6.755189895629883,XGBoost,4
2025-07-01,Revlimid,TER-14,18,18.61717,0.0,69.17672309875486,-0.6171703338623047,0.6171703338623047,XGBoost,4
2025-08-01,Revlimid,TER-14,11,20.0828,0.0,77.86803321838379,-9.082799911499023,9.082799911499023,XGBoost,4
2025-09-01,Revlimid,TER-14,25,22.805494,0.0,77.21493835449216,2.1945056915283203,2.1945056915283203,XGBoost,4
2025-10-01,Revlimid,TER-14,23,25.257988,0.0,79.26552371978758,-2.2579879760742188,2.2579879760742188,XGBoost,4
2025-11-01,Revlimid,TER-14,23,23.580946,0.0,78.99710273742676,-0.5809459686279297,0.5809459686279297,XGBoost,4
2025-12-01,Revlimid,TER-14,22,22.298122,0.0,74.20113258361815,-0.2981224060058594,0.2981224060058594,XGBoost,4
2025-05-01,Revlimid,TER-15,21,21.474922,0.0,65.90916366577146,-0.47492218017578125,0.47492218017578125,XGBoost,4
2025-06-01,Revlimid,TER-15,25,25.146805,0.0,84.69943046569824,-0.1468048095703125,0.1468048095703125,XGBoost,4
2025-07-01,Revlimid,TER-15,12,18.741295,0.0,74.14552154541005,-6.741294860839844,6.741294860839844,XGBoost,4
2025-08-01,Revlimid,TER-15,13,19.974932,0.0,72.83018569946289,-6.974931716918945,6.974931716918945,XGBoost,4
2025-09-01,Revlimid,TER-15,20,23.057545,0.0,76.12454147338859,-3.057544708251953,3.057544708251953,XGBoost,4
2025-10-01,Revlimid,TER-15,21,25.912432,0.0,77.1319149017334,-4.912431716918945,4.912431716918945,XGBoost,4
2025-11-01,Revlimid,TER-15,25,24.619833,0.0,80.63324947357172,0.38016700744628906,0.38016700744628906,XGBoost,4
2025-12-01,Revlimid,TER-15,26,23.21725,0.0,77.22478656768797,2.7827491760253906,2.7827491760253906,XGBoost,4
2025-05-01,Revlimid,TER-16,25,24.6477,0.0,77.73491535186761,0.35230064392089844,0.35230064392089844,XGBoost,4
2025-06-01,Revlimid,TER-16,24,25.071793,0.0,81.07574100494381,-1.0717926025390625,1.0717926025390625,XGBoost,4
2025-07-01,Revlimid,TER-16,12,18.690655,0.0,65.89670715332021,-6.690654754638672,6.690654754638672,XGBoost,4
2025-08-01,Revlimid,TER-16,14,20.0643,0.0,75.62875289916992,-6.064300537109375,6.064300537109375,XGBoost,4
2025-09-01,Revlimid,TER-16,27,23.06112,0.0,75.60865364074706,3.9388809204101562,3.9388809204101562,XGBoost,4
2025-10-01,Revlimid,TER-16,36,23.86017,0.0,69.05644798278801,12.139829635620117,12.139829635620117,XGBoost,4
2025-11-01,Revlimid,TER-16,16,27.021479,0.0,74.14344673156735,-11.021478652954102,11.021478652954102,XGBoost,4
2025-12-01,Revlimid,TER-16,28,25.15908,0.0,78.63996200561522,2.8409194946289062,2.8409194946289062,XGBoost,4
2025-05-01,Revlimid,TER-17,22,22.0194,0.0,74.2062385559082,-0.019399642944335938,0.019399642944335938,XGBoost,4
2025-06-01,Revlimid,TER-17,33,23.24287,0.0,80.84060554504394,9.757129669189453,9.757129669189453,XGBoost,4
2025-07-01,Revlimid,TER-17,11,17.73167,0.0,74.67539978027341,-6.731670379638672,6.731670379638672,XGBoost,4
2025-08-01,Revlimid,TER-17,21,21.010681,0.0,78.05133972167967,-0.01068115234375,0.01068115234375,XGBoost,4
2025-09-01,Revlimid,TER-17,21,23.66149,0.0,80.56987571716309,-2.661489486694336,2.661489486694336,XGBoost,4
2025-10-01,Revlimid,TER-17,26,22.621597,0.0,70.37475776672359,3.3784027099609375,3.3784027099609375,XGBoost,4
2025-11-01,Revlimid,TER-17,19,23.174839,0.0,67.8300468444824,-4.174839019775391,4.174839019775391,XGBoost,4
2025-12-01,Revlimid,TER-17,16,20.599388,0.0,75.36268920898436,-4.599388122558594,4.599388122558594,XGBoost,4
2025-05-01,Revlimid,TER-18,27,21.382986,0.0,71.52898559570308,5.617013931274414,5.617013931274414,XGBoost,4
2025-06-01,Revlimid,TER-18,23,25.497293,0.0,77.35131683349607,-2.497293472290039,2.497293472290039,XGBoost,4
2025-07-01,Revlimid,TER-18,21,18.436316,0.0,73.20860900878905,2.5636844635009766,2.5636844635009766,XGBoost,4
2025-08-01,Revlimid,TER-18,20,20.945923,0.0,71.1379146575927,-0.9459228515625,0.9459228515625,XGBoost,4
2025-09-01,Revlimid,TER-18,31,22.131142,0.0,67.5578544616699,8.868858337402344,8.868858337402344,XGBoost,4
2025-10-01,Revlimid,TER-18,14,23.120338,0.0,74.41952247619628,-9.120338439941406,9.120338439941406,XGBoost,4
2025-11-01,Revlimid,TER-18,18,24.437878,0.0,74.57394104003905,-6.437877655029297,6.437877655029297,XGBoost,4
2025-12-01,Revlimid,TER-18,27,23.235191,0.0,79.26406116485589,3.7648086547851562,3.7648086547851562,XGBoost,4
2025-05-01,Revlimid,TER-19,17,21.552328,0.0,69.76994285583494,-4.552328109741211,4.552328109741211,XGBoost,4
2025-06-01,Revlimid,TER-19,17,25.75599,0.0,75.47005348205565,-8.755989074707031,8.755989074707031,XGBoost,4
2025-07-01,Revlimid,TER-19,13,17.266726,0.0,74.31884040832517,-4.266725540161133,4.266725540161133,XGBoost,4
2025-08-01,Revlimid,TER-19,18,20.298489,0.0,74.69138736724854,-2.2984886169433594,2.2984886169433594,XGBoost,4
2025-09-01,Revlimid,TER-19,25,21.015385,0.0,73.86864242553706,3.9846153259277344,3.9846153259277344,XGBoost,4
2025-10-01,Revlimid,TER-19,24,23.631851,0.0,75.36635932922363,0.3681488037109375,0.3681488037109375,XGBoost,4
2025-11-01,Revlimid,TER-19,18,24.35914,0.0,75.59454536437987,-6.359140396118164,6.359140396118164,XGBoost,4
2025-12-01,Revlimid,TER-19,18,22.555206,0.0,75.40064964294429,-4.555206298828125,4.555206298828125,XGBoost,4
2025-05-01,Revlimid,TER-20,20,20.551489,0.0,72.20504570007323,-0.5514888763427734,0.5514888763427734,XGBoost,4
2025-06-01,Revlimid,TER-20,21,23.70842,0.0,76.61439971923824,-2.7084197998046875,2.7084197998046875,XGBoost,4
2025-07-01,Revlimid,TER-20,20,17.38595,0.0,77.0959445953369,2.6140499114990234,2.6140499114990234,XGBoost,4
2025-08-01,Revlimid,TER-20,12,20.179745,0.0,72.00042343139648,-8.179744720458984,8.179744720458984,XGBoost,4
2025-09-01,Revlimid,TER-20,29,22.584103,0.0,78.25920486450187,6.415897369384766,6.415897369384766,XGBoost,4
2025-10-01,Revlimid,TER-20,22,21.458073,0.0,73.2837905883789,0.5419273376464844,0.5419273376464844,XGBoost,4
2025-11-01,Revlimid,TER-20,19,22.673864,0.0,77.7737350463866,-3.6738643646240234,3.6738643646240234,XGBoost,4
2025-12-01,Revlimid,TER-20,23,21.082165,0.0,72.5649909973144,1.9178352355957031,1.9178352355957031,XGBoost,4
2025-05-01,Rituxan,TER-01,51,45.044895,8.904136657714846,97.43787612915037,5.955104827880859,5.955104827880859,XGBoost,4
2025-06-01,Rituxan,TER-01,67,56.180386,14.392305755615235,104.14190902709953,10.81961441040039,10.81961441040039,XGBoost,4
2025-07-01,Rituxan,TER-01,40,45.486465,2.1923320770263675,97.94726562499997,-5.4864654541015625,5.4864654541015625,XGBoost,4
2025-08-01,Rituxan,TER-01,43,42.71607,8.322385406494144,93.6237678527832,0.2839317321777344,0.2839317321777344,XGBoost,4
2025-09-01,Rituxan,TER-01,62,50.154045,10.205953979492188,102.58789825439453,11.845954895019531,11.845954895019531,XGBoost,4
2025-10-01,Rituxan,TER-01,33,49.28821,10.44807052612305,100.9654975891113,-16.288211822509766,16.288211822509766,XGBoost,4
2025-11-01,Rituxan,TER-01,37,50.56345,15.79850196838379,105.0945159912109,-13.56344985961914,13.56344985961914,XGBoost,4
2025-12-01,Rituxan,TER-01,49,53.260906,14.682258224487306,103.81886138916012,-4.260906219482422,4.260906219482422,XGBoost,4
2025-05-01,Rituxan,TER-02,32,40.74639,0.0,97.65477752685547,-8.746391296386719,8.746391296386719,XGBoost,4
2025-06-01,Rituxan,TER-02,35,36.920773,0.0,88.17129478454588,-1.9207725524902344,1.9207725524902344,XGBoost,4
2025-07-01,Rituxan,TER-02,39,32.892853,0.0,93.75010223388664,6.107147216796875,6.107147216796875,XGBoost,4
2025-08-01,Rituxan,TER-02,39,36.434875,0.355441284179688,93.30709686279293,2.56512451171875,2.56512451171875,XGBoost,4
2025-09-01,Rituxan,TER-02,33,39.625034,1.3287666320800786,88.41845130920409,-6.625034332275391,6.625034332275391,XGBoost,4
2025-10-01,Rituxan,TER-02,30,40.15647,0.0,91.36075363159179,-10.156471252441406,10.156471252441406,XGBoost,4
2025-11-01,Rituxan,TER-02,59,42.31094,4.5501934051513695,97.36020240783691,16.68906021118164,16.68906021118164,XGBoost,4
2025-12-01,Rituxan,TER-02,68,42.07983,0.0,91.82896881103512,25.920169830322266,25.920169830322266,XGBoost,4
2025-05-01,Rituxan,TER-03,30,40.913593,2.335586166381836,90.7966083526611,-10.913593292236328,10.913593292236328,XGBoost,4
2025-06-01,Rituxan,TER-03,39,39.684593,3.4252437591552742,88.97137069702147,-0.6845932006835938,0.6845932006835938,XGBoost,4
2025-07-01,Rituxan,TER-03,28,30.391722,0.0,83.21534500122068,-2.391721725463867,2.391721725463867,XGBoost,4
2025-08-01,Rituxan,TER-03,36,30.718964,0.0,83.27537841796872,5.281036376953125,5.281036376953125,XGBoost,4
2025-09-01,Rituxan,TER-03,32,36.320503,2.398954010009767,77.54227180480956,-4.320503234863281,4.320503234863281,XGBoost,4
2025-10-01,Rituxan,TER-03,42,37.12516,0.0,86.77847251892088,4.874839782714844,4.874839782714844,XGBoost,4
2025-11-01,Rituxan,TER-03,56,42.193916,6.015663146972656,95.29946212768547,13.806083679199219,13.806083679199219,XGBoost,4
2025-12-01,Rituxan,TER-03,36,38.0727,0.8632423400878932,92.13880805969231,-2.0727005004882812,2.0727005004882812,XGBoost,4
2025-05-01,Rituxan,TER-04,32,38.970722,0.0,88.24041271209717,-6.970722198486328,6.970722198486328,XGBoost,4
2025-06-01,Rituxan,TER-04,44,41.7022,2.767018508911141,93.5531913757324,2.2977981567382812,2.2977981567382812,XGBoost,4
2025-07-01,Rituxan,TER-04,37,34.41617,0.0,88.80794906616211,2.583831787109375,2.583831787109375,XGBoost,4
2025-08-01,Rituxan,TER-04,22,38.022934,0.0,89.74858474731445,-16.022933959960938,16.022933959960938,XGBoost,4
2025-09-01,Rituxan,TER-04,43,38.908123,0.0,83.71779251098631,4.091876983642578,4.091876983642578,XGBoost,4
2025-10-01,Rituxan,TER-04,32,38.835026,6.948604965209963,90.59694557189938,-6.835025787353516,6.835025787353516,XGBoost,4
2025-11-01,Rituxan,TER-04,58,36.751793,1.5879745483398438,91.17361831665035,21.248207092285156,21.248207092285156,XGBoost,4
2025-12-01,Rituxan,TER-04,45,39.807465,0.0,94.59834365844723,5.192535400390625,5.192535400390625,XGBoost,4
2025-05-01,Rituxan,TER-05,29,32.134876,0.0,84.14482650756831,-3.134876251220703,3.134876251220703,XGBoost,4
2025-06-01,Rituxan,TER-05,36,34.66729,0.0,84.75477294921875,1.3327102661132812,1.3327102661132812,XGBoost,4
2025-07-01,Rituxan,TER-05,36,26.481575,0.0,74.24933929443354,9.518424987792969,9.518424987792969,XGBoost,4
2025-08-01,Rituxan,TER-05,29,28.239017,0.0,80.13066787719724,0.7609825134277344,0.7609825134277344,XGBoost,4
2025-09-01,Rituxan,TER-05,41,35.077248,0.0,89.05669212341307,5.922752380371094,5.922752380371094,XGBoost,4
2025-10-01,Rituxan,TER-05,26,37.21283,0.0,86.91065979003906,-11.21282958984375,11.21282958984375,XGBoost,4
2025-11-01,Rituxan,TER-05,33,34.57336,0.0,89.00410461425777,-1.5733604431152344,1.5733604431152344,XGBoost,4
2025-12-01,Rituxan,TER-05,31,34.037308,0.0,87.43193893432614,-3.0373077392578125,3.0373077392578125,XGBoost,4
2025-05-01,Rituxan,TER-06,30,32.22114,0.0,77.34887924194334,-2.221141815185547,2.221141815185547,XGBoost,4
2025-06-01,Rituxan,TER-06,23,35.82563,0.0,90.688765335083,-12.825630187988281,12.825630187988281,XGBoost,4
2025-07-01,Rituxan,TER-06,21,25.635464,0.0,77.61839866638181,-4.635463714599609,4.635463714599609,XGBoost,4
2025-08-01,Rituxan,TER-06,36,26.51445,0.0,77.14052429199218,9.485549926757812,9.485549926757812,XGBoost,4
2025-09-01,Rituxan,TER-06,28,32.61692,0.0,84.34950866699218,-4.616920471191406,4.616920471191406,XGBoost,4
2025-10-01,Rituxan,TER-06,35,29.667921,0.0,82.47427825927733,5.33207893371582,5.33207893371582,XGBoost,4
2025-11-01,Rituxan,TER-06,29,34.55235,0.0,85.09604339599608,-5.552349090576172,5.552349090576172,XGBoost,4
2025-12-01,Rituxan,TER-06,39,32.96312,0.0,83.58919372558593,6.0368804931640625,6.0368804931640625,XGBoost,4
2025-05-01,Rituxan,TER-07,25,27.172077,0.0,73.43543777465818,-2.172077178955078,2.172077178955078,XGBoost,4
2025-06-01,Rituxan,TER-07,35,32.813026,0.0,89.74257049560545,2.1869735717773438,2.1869735717773438,XGBoost,4
2025-07-01,Rituxan,TER-07,34,25.489561,0.0,71.75069541931153,8.510438919067383,8.510438919067383,XGBoost,4
2025-08-01,Rituxan,TER-07,22,28.428099,0.0,75.14940223693843,-6.428098678588867,6.428098678588867,XGBoost,4
2025-09-01,Rituxan,TER-07,32,33.429726,0.0,90.37246322631833,-1.4297256469726562,1.4297256469726562,XGBoost,4
2025-10-01,Rituxan,TER-07,34,32.926853,0.0,79.47304687499995,1.0731468200683594,1.0731468200683594,XGBoost,4
2025-11-01,Rituxan,TER-07,36,33.44268,0.0,84.66162185668944,2.5573196411132812,2.5573196411132812,XGBoost,4
2025-12-01,Rituxan,TER-07,43,33.17878,0.0,91.16754913330078,9.821220397949219,9.821220397949219,XGBoost,4
2025-05-01,Rituxan,TER-08,43,29.745407,0.0,81.72530822753905,13.254592895507812,13.254592895507812,XGBoost,4
2025-06-01,Rituxan,TER-08,37,38.038227,0.27902374267578167,91.60743484497068,-1.0382270812988281,1.0382270812988281,XGBoost,4
2025-07-01,Rituxan,TER-08,26,28.481436,0.0,83.9174470901489,-2.481435775756836,2.481435775756836,XGBoost,4
2025-08-01,Rituxan,TER-08,33,29.1901,0.0,83.599543762207,3.8099002838134766,3.8099002838134766,XGBoost,4
2025-09-01,Rituxan,TER-08,35,32.981094,0.0,88.54554672241211,2.0189056396484375,2.0189056396484375,XGBoost,4
2025-10-01,Rituxan,TER-08,43,34.076138,0.0,88.83943862915038,8.92386245727539,8.92386245727539,XGBoost,4
2025-11-01,Rituxan,TER-08,46,40.222836,1.9673336029052735,89.97398490905756,5.777164459228516,5.777164459228516,XGBoost,4
2025-12-01,Rituxan,TER-08,52,32.909767,0.0,87.40121440887444,19.090232849121094,19.090232849121094,XGBoost,4
2025-05-01,Rituxan,TER-09,24,32.44748,0.0,86.40558242797852,-8.447479248046875,8.447479248046875,XGBoost,4
2025-06-01,Rituxan,TER-09,41,35.578457,0.0,87.76756935119627,5.421543121337891,5.421543121337891,XGBoost,4
2025-07-01,Rituxan,TER-09,18,25.81403,0.0,78.83258438110352,-7.814029693603516,7.814029693603516,XGBoost,4
2025-08-01,Rituxan,TER-09,25,27.81759,0.0,77.84256896972656,-2.8175907135009766,2.8175907135009766,XGBoost,4
2025-09-01,Rituxan,TER-09,23,30.150434,0.0,84.14039306640625,-7.150434494018555,7.150434494018555,XGBoost,4
2025-10-01,Rituxan,TER-09,44,27.774824,0.0,78.34861869812009,16.225175857543945,16.225175857543945,XGBoost,4
2025-11-01,Rituxan,TER-09,33,35.3677,0.0,82.32759475708002,-2.3676986694335938,2.3676986694335938,XGBoost,4
2025-12-01,Rituxan,TER-09,33,31.46759,0.0,78.43090667724603,1.53240966796875,1.53240966796875,XGBoost,4
2025-05-01,Rituxan,TER-10,43,31.995567,0.0,86.05338191986083,11.004432678222656,11.004432678222656,XGBoost,4
2025-06-01,Rituxan,TER-10,40,36.43389,0.6447536468505879,91.73551635742186,3.5661087036132812,3.5661087036132812,XGBoost,4
2025-07-01,Rituxan,TER-10,33,26.919949,0.0,82.50302028656004,6.080051422119141,6.080051422119141,XGBoost,4
2025-08-01,Rituxan,TER-10,19,32.141273,0.0,82.33326530456536,-13.141273498535156,13.141273498535156,XGBoost,4
2025-09-01,Rituxan,TER-10,44,33.017883,0.0,87.07507324218749,10.98211669921875,10.98211669921875,XGBoost,4
2025-10-01,Rituxan,TER-10,48,35.3481,0.0,85.04592895507812,12.651901245117188,12.651901245117188,XGBoost,4
2025-11-01,Rituxan,TER-10,41,39.850536,0.0,95.25895309448242,1.1494636535644531,1.1494636535644531,XGBoost,4
2025-12-01,Rituxan,TER-10,49,32.28253,0.0,82.418595123291,16.71746826171875,16.71746826171875,XGBoost,4
2025-05-01,Rituxan,TER-11,29,29.88053,0.0,87.47826461791992,-0.8805294036865234,0.8805294036865234,XGBoost,4
2025-06-01,Rituxan,TER-11,34,35.41869,0.0,80.54610366821288,-1.4186897277832031,1.4186897277832031,XGBoost,4
2025-07-01,Rituxan,TER-11,23,24.742666,0.0,77.58813133239741,-1.742666244506836,1.742666244506836,XGBoost,4
2025-08-01,Rituxan,TER-11,25,28.170576,0.0,81.62994995117187,-3.1705760955810547,3.1705760955810547,XGBoost,4
2025-09-01,Rituxan,TER-11,28,28.428547,0.0,85.8251350402832,-0.4285469055175781,0.4285469055175781,XGBoost,4
2025-10-01,Rituxan,TER-11,50,30.816135,0.0,86.29263610839837,19.18386459350586,19.18386459350586,XGBoost,4
2025-11-01,Rituxan,TER-11,48,37.55775,0.0,87.68947830200193,10.442249298095703,10.442249298095703,XGBoost,4
2025-12-01,Rituxan,TER-11,35,31.280207,0.0,81.87624778747553,3.7197933197021484,3.7197933197021484,XGBoost,4
2025-05-01,Rituxan,TER-12,30,29.901178,0.0,79.55695457458494,0.09882164001464844,0.09882164001464844,XGBoost,4
2025-06-01,Rituxan,TER-12,37,33.433475,0.0,90.21048583984374,3.5665245056152344,3.5665245056152344,XGBoost,4
2025-07-01,Rituxan,TER-12,27,25.105322,0.0,74.39659690856932,1.8946781158447266,1.8946781158447266,XGBoost,4
2025-08-01,Rituxan,TER-12,33,27.918848,0.0,74.75130577087398,5.081151962280273,5.081151962280273,XGBoost,4
2025-09-01,Rituxan,TER-12,29,29.57548,0.0,81.44185829162598,-0.5754795074462891,0.5754795074462891,XGBoost,4
2025-10-01,Rituxan,TER-12,44,30.257484,0.0,83.82669219970701,13.742515563964844,13.742515563964844,XGBoost,4
2025-11-01,Rituxan,TER-12,30,35.850586,0.0,87.82070808410644,-5.8505859375,5.8505859375,XGBoost,4
2025-12-01,Rituxan,TER-12,30,30.444736,0.0,82.17323417663573,-0.4447364807128906,0.4447364807128906,XGBoost,4
2025-05-01,Rituxan,TER-13,24,26.44576,0.0,74.69023952484126,-2.445760726928711,2.445760726928711,XGBoost,4
2025-06-01,Rituxan,TER-13,25,29.46541,0.0,84.88156700134277,-4.465410232543945,4.465410232543945,XGBoost,4
2025-07-01,Rituxan,TER-13,29,24.847378,0.0,80.47093887329096,4.152622222900391,4.152622222900391,XGBoost,4
2025-08-01,Rituxan,TER-13,17,24.801838,0.0,70.92029724121093,-7.801837921142578,7.801837921142578,XGBoost,4
2025-09-01,Rituxan,TER-13,32,27.699333,0.0,79.39468688964838,4.300666809082031,4.300666809082031,XGBoost,4
2025-10-01,Rituxan,TER-13,38,27.852245,0.0,76.64566230773924,10.147754669189453,10.147754669189453,XGBoost,4
2025-11-01,Rituxan,TER-13,29,31.925938,0.17731246948242216,86.34097232818601,-2.9259376525878906,2.9259376525878906,XGBoost,4
2025-12-01,Rituxan,TER-13,36,29.758644,0.0,76.85467948913573,6.241355895996094,6.241355895996094,XGBoost,4
2025-05-01,Rituxan,TER-14,21,27.866009,0.0,79.15030250549316,-6.866008758544922,6.866008758544922,XGBoost,4
2025-06-01,Rituxan,TER-14,37,29.401535,0.0,79.95949020385738,7.5984649658203125,7.5984649658203125,XGBoost,4
2025-07-01,Rituxan,TER-14,19,22.88577,0.0,72.1542797088623,-3.885770797729492,3.885770797729492,XGBoost,4
2025-08-01,Rituxan,TER-14,28,24.278984,0.0,81.18737030029297,3.7210159301757812,3.7210159301757812,XGBoost,4
2025-09-01,Rituxan,TER-14,24,27.678919,0.0,79.66187553405751,-3.6789188385009766,3.6789188385009766,XGBoost,4
2025-10-01,Rituxan,TER-14,21,27.077108,0.0,78.7187343597412,-6.077108383178711,6.077108383178711,XGBoost,4
2025-11-01,Rituxan,TER-14,31,28.513277,0.0,79.74429130554199,2.486722946166992,2.486722946166992,XGBoost,4
2025-12-01,Rituxan,TER-14,39,26.729605,0.0,89.24397315979002,12.270395278930664,12.270395278930664,XGBoost,4
2025-05-01,Rituxan,TER-15,21,26.680363,0.0,84.46559600830078,-5.680362701416016,5.680362701416016,XGBoost,4
2025-06-01,Rituxan,TER-15,27,27.925163,0.0,81.7254409790039,-0.9251632690429688,0.9251632690429688,XGBoost,4
2025-07-01,Rituxan,TER-15,20,21.657259,0.0,76.61430206298827,-1.6572589874267578,1.6572589874267578,XGBoost,4
2025-08-01,Rituxan,TER-15,18,22.500336,0.0,68.73710098266602,-4.500335693359375,4.500335693359375,XGBoost,4
2025-09-01,Rituxan,TER-15,30,25.077011,0.0,76.93110275268552,4.9229888916015625,4.9229888916015625,XGBoost,4
2025-10-01,Rituxan,TER-15,26,25.586052,0.0,78.51964225769031,0.41394805908203125,0.41394805908203125,XGBoost,4
2025-11-01,Rituxan,TER-15,33,27.464937,0.0,76.73462772369385,5.535062789916992,5.535062789916992,XGBoost,4
2025-12-01,Rituxan,TER-15,20,28.434124,0.0,85.57542037963867,-8.434123992919922,8.434123992919922,XGBoost,4
2025-05-01,Rituxan,TER-16,25,27.847939,0.0,78.39266891479492,-2.8479385375976562,2.8479385375976562,XGBoost,4
2025-06-01,Rituxan,TER-16,31,34.277966,0.0,91.41926193237305,-3.277965545654297,3.277965545654297,XGBoost,4
2025-07-01,Rituxan,TER-16,28,23.73553,0.0,77.32649936676022,4.264469146728516,4.264469146728516,XGBoost,4
2025-08-01,Rituxan,TER-16,27,23.891308,0.0,79.13026809692381,3.108692169189453,3.108692169189453,XGBoost,4
2025-09-01,Rituxan,TER-16,22,28.135914,0.0,79.58588829040525,-6.135913848876953,6.135913848876953,XGBoost,4
2025-10-01,Rituxan,TER-16,25,28.871353,0.0,78.95759582519531,-3.8713531494140625,3.8713531494140625,XGBoost,4
2025-11-01,Rituxan,TER-16,21,29.075586,0.0,81.93312835693358,-8.075586318969727,8.075586318969727,XGBoost,4
2025-12-01,Rituxan,TER-16,44,25.457834,0.0,73.17879142761228,18.542165756225586,18.542165756225586,XGBoost,4
2025-05-01,Rituxan,TER-17,32,24.753563,0.0,77.78938369750975,7.246437072753906,7.246437072753906,XGBoost,4
2025-06-01,Rituxan,TER-17,22,27.96541,0.0,76.67376708984371,-5.965410232543945,5.965410232543945,XGBoost,4
2025-07-01,Rituxan,TER-17,27,21.675365,0.0,72.87234306335449,5.324634552001953,5.324634552001953,XGBoost,4
2025-08-01,Rituxan,TER-17,17,24.481615,0.0,79.4793014526367,-7.48161506652832,7.48161506652832,XGBoost,4
2025-09-01,Rituxan,TER-17,37,23.435951,0.0,80.83486137390136,13.564048767089844,13.564048767089844,XGBoost,4
2025-10-01,Rituxan,TER-17,28,27.802807,0.0,77.91529998779295,0.19719314575195312,0.19719314575195312,XGBoost,4
2025-11-01,Rituxan,TER-17,38,27.876383,0.0,70.16311569213866,10.123617172241211,10.123617172241211,XGBoost,4
2025-12-01,Rituxan,TER-17,30,28.57952,0.0,72.99085617065428,1.420480728149414,1.420480728149414,XGBoost,4
2025-05-01,Rituxan,TER-18,37,25.72884,0.0,65.50862712860106,11.271160125732422,11.271160125732422,XGBoost,4
2025-06-01,Rituxan,TER-18,27,32.075943,0.0,86.54753570556636,-5.0759429931640625,5.0759429931640625,XGBoost,4
2025-07-01,Rituxan,TER-18,14,23.391268,0.0,76.2465217590332,-9.391267776489258,9.391267776489258,XGBoost,4
2025-08-01,Rituxan,TER-18,30,25.854029,0.0,81.46056919097899,4.145971298217773,4.145971298217773,XGBoost,4
2025-09-01,Rituxan,TER-18,35,26.113375,0.0,73.37937355041504,8.886625289916992,8.886625289916992,XGBoost,4
2025-10-01,Rituxan,TER-18,28,25.416565,0.0,85.46215705871575,2.58343505859375,2.58343505859375,XGBoost,4
2025-11-01,Rituxan,TER-18,25,31.124107,0.0,84.18956260681148,-6.124107360839844,6.124107360839844,XGBoost,4
2025-12-01,Rituxan,TER-18,23,28.709229,0.0,83.6635570526123,-5.709228515625,5.709228515625,XGBoost,4
2025-05-01,Rituxan,TER-19,24,25.558441,0.0,78.04203758239741,-1.558441162109375,1.558441162109375,XGBoost,4
2025-06-01,Rituxan,TER-19,25,29.536741,0.0,83.52669982910156,-4.536741256713867,4.536741256713867,XGBoost,4
2025-07-01,Rituxan,TER-19,25,20.214817,0.0,75.17186012268066,4.785182952880859,4.785182952880859,XGBoost,4
2025-08-01,Rituxan,TER-19,20,23.291912,0.0,78.58579711914062,-3.291912078857422,3.291912078857422,XGBoost,4
2025-09-01,Rituxan,TER-19,26,26.619753,0.0,78.26183700561523,-0.6197528839111328,0.6197528839111328,XGBoost,4
2025-10-01,Rituxan,TER-19,35,24.181793,0.0,82.17056274414062,10.818206787109375,10.818206787109375,XGBoost,4
2025-11-01,Rituxan,TER-19,35,28.483374,0.0,78.5786380767822,6.516626358032227,6.516626358032227,XGBoost,4
2025-12-01,Rituxan,TER-19,19,27.054317,0.0,78.71872215270993,-8.054317474365234,8.054317474365234,XGBoost,4
2025-05-01,Rituxan,TER-20,34,24.491686,0.0,76.97074279785151,9.50831413269043,9.50831413269043,XGBoost,4
2025-06-01,Rituxan,TER-20,25,28.909311,0.0,87.91276359558101,-3.909311294555664,3.909311294555664,XGBoost,4
2025-07-01,Rituxan,TER-20,14,22.058153,0.0,68.79037055969233,-8.05815315246582,8.05815315246582,XGBoost,4
2025-08-01,Rituxan,TER-20,14,25.435421,0.0,76.62795639038086,-11.435420989990234,11.435420989990234,XGBoost,4
2025-09-01,Rituxan,TER-20,27,23.416964,0.0,73.13233795166015,3.583036422729492,3.583036422729492,XGBoost,4
2025-10-01,Rituxan,TER-20,28,23.86776,0.0,75.11201095581052,4.132240295410156,4.132240295410156,XGBoost,4
2025-11-01,Rituxan,TER-20,29,27.56549,0.0,81.6052726745605,1.43450927734375,1.43450927734375,XGBoost,4
2025-12-01,Rituxan,TER-20,39,25.996881,0.0,77.82724418640136,13.003118515014648,13.003118515014648,XGBoost,4
2025-05-01,Tecfidera,TER-01,85,71.097046,31.11787948608399,118.7837203979492,13.9029541015625,13.9029541015625,XGBoost,4
2025-06-01,Tecfidera,TER-01,90,83.89502,35.30840835571289,130.00730895996094,6.10498046875,6.10498046875,XGBoost,4
2025-07-01,Tecfidera,TER-01,46,71.364494,25.156515884399415,123.0386779785156,-25.36449432373047,25.36449432373047,XGBoost,4
2025-08-01,Tecfidera,TER-01,73,68.367485,30.02449607849121,119.66666908264159,4.632514953613281,4.632514953613281,XGBoost,4
2025-09-01,Tecfidera,TER-01,61,69.57767,26.93716812133789,123.53535346984863,-8.577667236328125,8.577667236328125,XGBoost,4
2025-10-01,Tecfidera,TER-01,106,84.03849,49.485723876953124,136.225329208374,21.961509704589844,21.961509704589844,XGBoost,4
2025-11-01,Tecfidera,TER-01,99,85.192924,40.343413543701175,143.67023162841795,13.807075500488281,13.807075500488281,XGBoost,4
2025-12-01,Tecfidera,TER-01,107,79.141655,38.79583435058594,127.93507194519042,27.85834503173828,27.85834503173828,XGBoost,4
2025-05-01,Tecfidera,TER-02,80,91.589035,51.37728271484375,145.58864879608151,-11.589035034179688,11.589035034179688,XGBoost,4
2025-06-01,Tecfidera,TER-02,102,84.327385,48.06715393066406,135.97400436401367,17.67261505126953,17.67261505126953,XGBoost,4
2025-07-01,Tecfidera,TER-02,63,72.55411,33.710857772827154,126.56196594238277,-9.554107666015625,9.554107666015625,XGBoost,4
2025-08-01,Tecfidera,TER-02,73,74.04193,33.57813606262207,130.9560218811035,-1.04193115234375,1.04193115234375,XGBoost,4
2025-09-01,Tecfidera,TER-02,87,68.3846,21.336013793945312,122.42483520507812,18.615402221679688,18.615402221679688,XGBoost,4
2025-10-01,Tecfidera,TER-02,59,71.70605,34.64116172790528,125.70566082000731,-12.706047058105469,12.706047058105469,XGBoost,4
2025-11-01,Tecfidera,TER-02,66,75.60154,34.31542968750001,129.5809299468994,-9.601539611816406,9.601539611816406,XGBoost,4
2025-12-01,Tecfidera,TER-02,103,71.07621,30.758609008789065,121.09872436523438,31.923789978027344,31.923789978027344,XGBoost,4
2025-05-01,Tecfidera,TER-03,94,66.033676,26.09513626098633,121.45657882690418,27.966323852539062,27.966323852539062,XGBoost,4
2025-06-01,Tecfidera,TER-03,53,70.08293,37.47649574279785,122.56782531738277,-17.082931518554688,17.082931518554688,XGBoost,4
2025-07-01,Tecfidera,TER-03,47,60.9116,20.803065490722663,113.9257659912109,-13.911598205566406,13.911598205566406,XGBoost,4
2025-08-01,Tecfidera,TER-03,87,61.28577,26.246964263916016,113.71825790405273,25.714229583740234,25.714229583740234,XGBoost,4
2025-09-01,Tecfidera,TER-03,67,61.096027,25.87400398254395,112.35123748779294,5.903972625732422,5.903972625732422,XGBoost,4
2025-10-01,Tecfidera,TER-03,69,69.962395,29.627546691894533,119.67072296142578,-0.9623947143554688,0.9623947143554688,XGBoost,4
2025-11-01,Tecfidera,TER-03,76,72.30624,31.885237121582033,123.7488285064697,3.6937637329101562,3.6937637329101562,XGBoost,4
2025-12-01,Tecfidera,TER-03,80,68.24791,30.317279815673828,126.3977569580078,11.752090454101562,11.752090454101562,XGBoost,4
2025-05-01,Tecfidera,TER-04,63,61.192833,19.328514099121094,113.6234943389892,1.8071670532226562,1.8071670532226562,XGBoost,4
2025-06-01,Tecfidera,TER-04,87,65.52751,23.58499221801758,115.64000473022459,21.472488403320312,21.472488403320312,XGBoost,4
2025-07-01,Tecfidera,TER-04,48,51.206024,12.751940155029297,106.27028999328611,-3.206024169921875,3.206024169921875,XGBoost,4
2025-08-01,Tecfidera,TER-04,65,64.17085,18.64271392822266,115.09279403686521,0.8291473388671875,0.8291473388671875,XGBoost,4
2025-09-01,Tecfidera,TER-04,64,61.302406,24.74872169494629,110.08294868469235,2.6975936889648438,2.6975936889648438,XGBoost,4
2025-10-01,Tecfidera,TER-04,68,70.276375,36.35830307006836,127.67783126831053,-2.2763748168945312,2.2763748168945312,XGBoost,4
2025-11-01,Tecfidera,TER-04,69,70.252266,25.32385063171387,124.30945587158202,-1.2522659301757812,1.2522659301757812,XGBoost,4
2025-12-01,Tecfidera,TER-04,77,60.837856,26.505235671997074,110.86479759216309,16.16214370727539,16.16214370727539,XGBoost,4
2025-05-01,Tecfidera,TER-05,43,61.784744,15.084735488891603,114.15738372802734,-18.784744262695312,18.784744262695312,XGBoost,4
2025-06-01,Tecfidera,TER-05,74,67.31125,29.401092529296875,116.96702499389646,6.688751220703125,6.688751220703125,XGBoost,4
2025-07-01,Tecfidera,TER-05,53,55.456364,16.605622863769536,106.93415756225582,-2.4563636779785156,2.4563636779785156,XGBoost,4
2025-08-01,Tecfidera,TER-05,75,56.84128,17.39527931213379,109.21612663269043,18.15871810913086,18.15871810913086,XGBoost,4
2025-09-01,Tecfidera,TER-05,57,58.644886,16.83309020996094,115.44305419921872,-1.6448860168457031,1.6448860168457031,XGBoost,4
2025-10-01,Tecfidera,TER-05,57,62.074528,22.001094818115238,119.78976745605466,-5.074527740478516,5.074527740478516,XGBoost,4
2025-11-01,Tecfidera,TER-05,44,63.002216,21.135264587402343,116.96296577453613,-19.002216339111328,19.002216339111328,XGBoost,4
2025-12-01,Tecfidera,TER-05,61,58.250854,19.672073364257812,106.03087902069085,2.7491455078125,2.7491455078125,XGBoost,4
2025-05-01,Tecfidera,TER-06,61,56.043247,17.583771896362304,114.5378005981445,4.956752777099609,4.956752777099609,XGBoost,4
2025-06-01,Tecfidera,TER-06,42,60.960747,23.06407928466797,118.05475616455071,-18.96074676513672,18.96074676513672,XGBoost,4
2025-07-01,Tecfidera,TER-06,47,47.65063,12.253403091430664,105.3755302429199,-0.6506309509277344,0.6506309509277344,XGBoost,4
2025-08-01,Tecfidera,TER-06,43,50.477486,9.66126747131348,102.94057388305662,-7.477485656738281,7.477485656738281,XGBoost,4
2025-09-01,Tecfidera,TER-06,77,49.966236,14.110009384155276,107.14990615844722,27.033763885498047,27.033763885498047,XGBoost,4
2025-10-01,Tecfidera,TER-06,51,63.325962,28.5843864440918,115.19289512634278,-12.32596206665039,12.32596206665039,XGBoost,4
2025-11-01,Tecfidera,TER-06,57,61.027554,22.556262969970703,113.60806198120113,-4.027553558349609,4.027553558349609,XGBoost,4
2025-12-01,Tecfidera,TER-06,77,58.21596,16.546792984008793,112.04581432342526,18.784038543701172,18.784038543701172,XGBoost,4
2025-05-01,Tecfidera,TER-07,42,50.063416,11.126997375488283,102.96004371643062,-8.06341552734375,8.06341552734375,XGBoost,4
2025-06-01,Tecfidera,TER-07,45,53.411995,10.197639465332031,107.22008705139159,-8.411994934082031,8.411994934082031,XGBoost,4
2025-07-01,Tecfidera,TER-07,70,52.2904,14.36018295288086,106.3930198669433,17.709598541259766,17.709598541259766,XGBoost,4
2025-08-01,Tecfidera,TER-07,51,56.034317,17.4212215423584,108.61028594970699,-5.0343170166015625,5.0343170166015625,XGBoost,4
2025-09-01,Tecfidera,TER-07,48,60.996265,16.196775817871092,122.07342071533199,-12.996265411376953,12.996265411376953,XGBoost,4
2025-10-01,Tecfidera,TER-07,60,60.663918,23.481116104125977,114.12329139709472,-0.6639175415039062,0.6639175415039062,XGBoost,4
2025-11-01,Tecfidera,TER-07,50,63.769035,25.10903663635254,117.76864910125731,-13.769035339355469,13.769035339355469,XGBoost,4
2025-12-01,Tecfidera,TER-07,69,53.115093,13.142871856689455,102.88339004516597,15.884906768798828,15.884906768798828,XGBoost,4
2025-05-01,Tecfidera,TER-08,82,61.112793,24.977092361450197,120.68024978637693,20.88720703125,20.88720703125,XGBoost,4
2025-06-01,Tecfidera,TER-08,54,63.222897,22.713066864013673,118.22611980438228,-9.222896575927734,9.222896575927734,XGBoost,4
2025-07-01,Tecfidera,TER-08,66,48.369534,7.11945266723633,105.18576354980465,17.63046646118164,17.63046646118164,XGBoost,4
2025-08-01,Tecfidera,TER-08,44,60.395878,17.18607978820801,111.70421485900876,-16.395877838134766,16.395877838134766,XGBoost,4
2025-09-01,Tecfidera,TER-08,81,57.914894,19.438401794433595,114.95555267333982,23.085105895996094,23.085105895996094,XGBoost,4
2025-10-01,Tecfidera,TER-08,59,60.74287,21.87927856445313,112.47136802673339,-1.7428703308105469,1.7428703308105469,XGBoost,4
2025-11-01,Tecfidera,TER-08,79,65.743286,30.12938117980957,123.7794410705566,13.2567138671875,13.2567138671875,XGBoost,4
2025-12-01,Tecfidera,TER-08,82,58.28315,19.995826721191406,108.37063293457031,23.71685028076172,23.71685028076172,XGBoost,4
2025-05-01,Tecfidera,TER-09,43,55.260765,11.895199203491215,111.22107315063477,-12.260765075683594,12.260765075683594,XGBoost,4
2025-06-01,Tecfidera,TER-09,40,60.101894,24.257472991943363,110.12883567810059,-20.10189437866211,20.10189437866211,XGBoost,4
2025-07-01,Tecfidera,TER-09,52,52.304855,12.924922180175782,105.66873168945312,-0.3048553466796875,0.3048553466796875,XGBoost,4
2025-08-01,Tecfidera,TER-09,35,47.452248,4.239083862304688,100.30750160217285,-12.452247619628906,12.452247619628906,XGBoost,4
2025-09-01,Tecfidera,TER-09,74,45.308098,2.3046432495117193,89.72933120727538,28.69190216064453,28.69190216064453,XGBoost,4
2025-10-01,Tecfidera,TER-09,44,62.849434,26.809757232666016,114.10449142456052,-18.84943389892578,18.84943389892578,XGBoost,4
2025-11-01,Tecfidera,TER-09,77,61.420647,14.901482391357423,114.9820400238037,15.579353332519531,15.579353332519531,XGBoost,4
2025-12-01,Tecfidera,TER-09,77,52.73482,14.263530731201172,112.30227813720701,24.265178680419922,24.265178680419922,XGBoost,4
2025-05-01,Tecfidera,TER-10,84,50.57892,13.767660140991211,102.48192863464354,33.42108154296875,33.42108154296875,XGBoost,4
2025-06-01,Tecfidera,TER-10,54,65.29461,26.77382583618164,114.38409080505369,-11.294609069824219,11.294609069824219,XGBoost,4
2025-07-01,Tecfidera,TER-10,43,49.791477,12.952382278442386,96.62573928833004,-6.791477203369141,6.791477203369141,XGBoost,4
2025-08-01,Tecfidera,TER-10,45,61.93552,17.76279182434082,109.17605590820298,-16.93552017211914,16.93552017211914,XGBoost,4
2025-09-01,Tecfidera,TER-10,57,54.940647,19.800384521484375,107.93299484252928,2.0593528747558594,2.0593528747558594,XGBoost,4
2025-10-01,Tecfidera,TER-10,46,57.049805,14.411428833007813,108.30715484619138,-11.0498046875,11.0498046875,XGBoost,4
2025-11-01,Tecfidera,TER-10,70,59.685688,19.833683013916016,113.48596572875977,10.314311981201172,10.314311981201172,XGBoost,4
2025-12-01,Tecfidera,TER-10,98,54.79341,16.286773681640625,104.5025146484375,43.20658874511719,43.20658874511719,XGBoost,4
2025-05-01,Tecfidera,TER-11,66,52.047897,13.751629638671876,103.82228126525874,13.952102661132812,13.952102661132812,XGBoost,4
2025-06-01,Tecfidera,TER-11,92,71.178474,29.259671020507813,123.05593872070312,20.82152557373047,20.82152557373047,XGBoost,4
2025-07-01,Tecfidera,TER-11,43,51.28775,15.544390106201172,105.37361831665035,-8.287750244140625,8.287750244140625,XGBoost,4
2025-08-01,Tecfidera,TER-11,31,53.907192,16.27097320556641,100.80745620727538,-22.90719223022461,22.90719223022461,XGBoost,4
2025-09-01,Tecfidera,TER-11,95,56.419365,13.213798522949219,101.98341827392578,38.58063507080078,38.58063507080078,XGBoost,4
2025-10-01,Tecfidera,TER-11,87,65.622986,31.24620819091797,124.70095634460448,21.37701416015625,21.37701416015625,XGBoost,4
2025-11-01,Tecfidera,TER-11,58,65.130775,26.65948486328125,117.04061546325676,-7.130775451660156,7.130775451660156,XGBoost,4
2025-12-01,Tecfidera,TER-11,62,69.62847,30.649948883056645,122.4263542175293,-7.628471374511719,7.628471374511719,XGBoost,4
2025-05-01,Tecfidera,TER-12,38,53.563374,10.349641418457031,104.99084854125977,-15.563373565673828,15.563373565673828,XGBoost,4
2025-06-01,Tecfidera,TER-12,82,50.206463,14.009619522094727,102.60832290649411,31.793537139892578,31.793537139892578,XGBoost,4
2025-07-01,Tecfidera,TER-12,52,50.703342,9.13244857788086,102.04739379882812,1.2966575622558594,1.2966575622558594,XGBoost,4
2025-08-01,Tecfidera,TER-12,43,53.910217,17.787584686279295,106.36083984374999,-10.91021728515625,10.91021728515625,XGBoost,4
2025-09-01,Tecfidera,TER-12,49,54.406754,15.588925933837892,112.02587966918945,-5.4067535400390625,5.4067535400390625,XGBoost,4
2025-10-01,Tecfidera,TER-12,84,54.21869,12.549423599243166,107.58710479736328,29.78131103515625,29.78131103515625,XGBoost,4
2025-11-01,Tecfidera,TER-12,74,60.33835,26.008773803710938,114.34892120361323,13.661651611328125,13.661651611328125,XGBoost,4
2025-12-01,Tecfidera,TER-12,46,55.136105,16.29596328735352,107.54482688903806,-9.136104583740234,9.136104583740234,XGBoost,4
2025-05-01,Tecfidera,TER-13,56,56.32685,18.069071578979493,111.59340572357175,-0.32685089111328125,0.32685089111328125,XGBoost,4
2025-06-01,Tecfidera,TER-13,58,58.60283,15.003936004638673,113.55715751647949,-0.6028289794921875,0.6028289794921875,XGBoost,4
2025-07-01,Tecfidera,TER-13,60,49.263493,9.24286117553711,100.18707199096679,10.736507415771484,10.736507415771484,XGBoost,4
2025-08-01,Tecfidera,TER-13,46,54.54847,14.377343750000001,106.52837066650389,-8.548469543457031,8.548469543457031,XGBoost,4
2025-09-01,Tecfidera,TER-13,49,55.600704,16.648182678222657,108.40477333068847,-6.600704193115234,6.600704193115234,XGBoost,4
2025-10-01,Tecfidera,TER-13,55,55.745728,17.282288360595704,115.55446701049794,-0.7457275390625,0.7457275390625,XGBoost,4
2025-11-01,Tecfidera,TER-13,59,54.835873,12.175599670410156,104.57503814697262,4.164127349853516,4.164127349853516,XGBoost,4
2025-12-01,Tecfidera,TER-13,84,51.63828,6.440924835205081,104.51762657165524,32.36172103881836,32.36172103881836,XGBoost,4
2025-05-01,Tecfidera,TER-14,57,46.93164,8.449390029907228,99.73801956176757,10.068359375,10.068359375,XGBoost,4
2025-06-01,Tecfidera,TER-14,43,57.77088,14.285877990722662,106.1875167846679,-14.770881652832031,14.770881652832031,XGBoost,4
2025-07-01,Tecfidera,TER-14,50,43.951706,5.136407852172853,100.87173767089843,6.0482940673828125,6.0482940673828125,XGBoost,4
2025-08-01,Tecfidera,TER-14,41,49.941917,11.350857162475586,108.00883255004875,-8.941917419433594,8.941917419433594,XGBoost,4
2025-09-01,Tecfidera,TER-14,76,49.02062,6.451054382324219,99.04559669494628,26.979381561279297,26.979381561279297,XGBoost,4
2025-10-01,Tecfidera,TER-14,51,54.434788,15.964670181274416,106.65313529968257,-3.4347877502441406,3.4347877502441406,XGBoost,4
2025-11-01,Tecfidera,TER-14,72,55.692112,20.553089141845703,111.25532913208008,16.30788803100586,16.30788803100586,XGBoost,4
2025-12-01,Tecfidera,TER-14,66,54.61369,16.98072547912598,112.28054924011228,11.386310577392578,11.386310577392578,XGBoost,4
2025-05-01,Tecfidera,TER-15,43,50.804955,12.351509094238281,101.59060325622556,-7.804954528808594,7.804954528808594,XGBoost,4
2025-06-01,Tecfidera,TER-15,62,53.106724,19.306639099121092,104.83654403686523,8.89327621459961,8.89327621459961,XGBoost,4
2025-07-01,Tecfidera,TER-15,39,49.329845,13.411571502685547,107.80715255737303,-10.329845428466797,10.329845428466797,XGBoost,4
2025-08-01,Tecfidera,TER-15,52,46.427383,7.588064193725589,96.53637542724607,5.5726165771484375,5.5726165771484375,XGBoost,4
2025-09-01,Tecfidera,TER-15,57,49.651665,13.529032135009766,101.47738265991211,7.348335266113281,7.348335266113281,XGBoost,4
2025-10-01,Tecfidera,TER-15,64,58.809456,15.810072708129884,109.34597587585448,5.190544128417969,5.190544128417969,XGBoost,4
2025-11-01,Tecfidera,TER-15,64,56.34697,21.961986541748047,101.77184829711913,7.6530303955078125,7.6530303955078125,XGBoost,4
2025-12-01,Tecfidera,TER-15,37,47.555138,11.353770828247072,104.6964340209961,-10.555137634277344,10.555137634277344,XGBoost,4
2025-05-01,Tecfidera,TER-16,75,55.318768,17.38854904174805,102.55909233093256,19.681232452392578,19.681232452392578,XGBoost,4
2025-06-01,Tecfidera,TER-16,67,68.88908,33.129937744140626,123.98894691467274,-1.8890762329101562,1.8890762329101562,XGBoost,4
2025-07-01,Tecfidera,TER-16,33,48.667084,7.373798370361333,110.25794296264647,-15.667083740234375,15.667083740234375,XGBoost,4
2025-08-01,Tecfidera,TER-16,46,50.298367,11.638234710693359,108.67010955810544,-4.298366546630859,4.298366546630859,XGBoost,4
2025-09-01,Tecfidera,TER-16,44,55.575836,17.06186447143555,108.1246181488036,-11.575836181640625,11.575836181640625,XGBoost,4
2025-10-01,Tecfidera,TER-16,46,53.089283,14.619032287597657,110.74052886962887,-7.089282989501953,7.089282989501953,XGBoost,4
2025-11-01,Tecfidera,TER-16,52,56.931507,21.73874282836914,115.40881423950194,-4.931507110595703,4.931507110595703,XGBoost,4
2025-12-01,Tecfidera,TER-16,80,48.79342,15.223814392089844,98.52352104187011,31.206581115722656,31.206581115722656,XGBoost,4
2025-05-01,Tecfidera,TER-17,48,50.211426,12.296865463256838,105.61984252929688,-2.21142578125,2.21142578125,XGBoost,4
2025-06-01,Tecfidera,TER-17,68,56.112736,18.182199478149418,105.81813697814941,11.887264251708984,11.887264251708984,XGBoost,4
2025-07-01,Tecfidera,TER-17,33,43.16016,0.0,98.81980895996087,-10.160160064697266,10.160160064697266,XGBoost,4
2025-08-01,Tecfidera,TER-17,39,48.638676,6.665328979492188,100.0511138916015,-9.638675689697266,9.638675689697266,XGBoost,4
2025-09-01,Tecfidera,TER-17,65,48.75039,14.999541473388678,99.3923431396484,16.249610900878906,16.249610900878906,XGBoost,4
2025-10-01,Tecfidera,TER-17,56,55.108345,13.244026184082031,112.46203689575194,0.8916549682617188,0.8916549682617188,XGBoost,4
2025-11-01,Tecfidera,TER-17,47,53.01709,13.621809387207033,112.59421195983886,-6.01708984375,6.01708984375,XGBoost,4
2025-12-01,Tecfidera,TER-17,75,53.627064,21.80920524597168,104.54902420043943,21.372936248779297,21.372936248779297,XGBoost,4
2025-05-01,Tecfidera,TER-18,39,51.04563,12.085192108154299,100.33240890502928,-12.045631408691406,12.045631408691406,XGBoost,4
2025-06-01,Tecfidera,TER-18,46,59.24878,13.407846069335937,109.35693664550779,-13.248779296875,13.248779296875,XGBoost,4
2025-07-01,Tecfidera,TER-18,38,51.820045,13.310355377197265,109.51691207885742,-13.820045471191406,13.820045471191406,XGBoost,4
2025-08-01,Tecfidera,TER-18,42,39.44337,5.049551391601564,94.44105720520018,2.556629180908203,2.556629180908203,XGBoost,4
2025-09-01,Tecfidera,TER-18,72,48.293755,5.637715911865235,97.10393905639646,23.70624542236328,23.70624542236328,XGBoost,4
2025-10-01,Tecfidera,TER-18,60,53.201115,10.52365531921387,104.87529830932614,6.798885345458984,6.798885345458984,XGBoost,4
2025-11-01,Tecfidera,TER-18,42,53.36689,14.0083251953125,104.29046936035155,-11.366889953613281,11.366889953613281,XGBoost,4
2025-12-01,Tecfidera,TER-18,55,49.946404,16.885154342651372,101.8410877227783,5.053596496582031,5.053596496582031,XGBoost,4
2025-05-01,Tecfidera,TER-19,32,47.62967,8.83387680053711,94.51234779357901,-15.629669189453125,15.629669189453125,XGBoost,4
2025-06-01,Tecfidera,TER-19,40,46.416992,10.26114196777344,96.52514953613279,-6.4169921875,6.4169921875,XGBoost,4
2025-07-01,Tecfidera,TER-19,38,49.32941,14.27948455810547,108.40738105773924,-11.329410552978516,11.329410552978516,XGBoost,4
2025-08-01,Tecfidera,TER-19,36,45.96562,8.187544250488283,98.35627365112305,-9.965618133544922,9.965618133544922,XGBoost,4
2025-09-01,Tecfidera,TER-19,67,50.1272,6.747274780273438,99.44015140533445,16.872798919677734,16.872798919677734,XGBoost,4
2025-10-01,Tecfidera,TER-19,60,49.269993,12.6986629486084,105.28340930938715,10.73000717163086,10.73000717163086,XGBoost,4
2025-11-01,Tecfidera,TER-19,63,49.779884,7.8373649597167985,97.18117370605468,13.220115661621094,13.220115661621094,XGBoost,4
2025-12-01,Tecfidera,TER-19,44,44.79822,4.9416347503662115,100.20663833618164,-0.7982215881347656,0.7982215881347656,XGBoost,4
2025-05-01,Tecfidera,TER-20,56,45.715168,6.749271392822268,99.71990661621092,10.284832000732422,10.284832000732422,XGBoost,4
2025-06-01,Tecfidera,TER-20,57,47.22553,13.271199035644534,101.99782218933105,9.774471282958984,9.774471282958984,XGBoost,4
2025-07-01,Tecfidera,TER-20,49,40.706146,0.4139869689941419,91.92545013427733,8.293853759765625,8.293853759765625,XGBoost,4
2025-08-01,Tecfidera,TER-20,31,45.8056,3.0437103271484376,90.52315330505367,-14.805599212646484,14.805599212646484,XGBoost,4
2025-09-01,Tecfidera,TER-20,43,46.08092,2.364534378051758,103.50090141296384,-3.080921173095703,3.080921173095703,XGBoost,4
2025-10-01,Tecfidera,TER-20,57,53.025352,15.727695846557618,110.66969108581543,3.9746475219726562,3.9746475219726562,XGBoost,4
2025-11-01,Tecfidera,TER-20,57,50.850792,11.470858764648439,100.63334960937493,6.149208068847656,6.149208068847656,XGBoost,4
2025-12-01,Tecfidera,TER-20,54,47.6376,7.7647274017334,93.98021850585937,6.362400054931641,6.362400054931641,XGBoost,4
